2026-08-25 17:06:45,105 [WARNING] [MainThread] [root/weather.py:565]: Error processing weather data: Weather data is empty.. Retrying fetch in 10 seconds.
2026-08-25 17:07:07,324 [WARNING] [MainThread] [root/api.py:80]: Weather API returned error None. Will retry on next interval.
2026-08-25 17:07:07,324 [WARNING] [MainThread] [root/weather.py:565]: Error processing weather data: Weather data is empty.. Retrying fetch in 10 seconds.
2026-08-25 17:07:29,515 [WARNING] [MainThread] [root/api.py:80]: Weather API returned error None. Will retry on next interval.
2026-08-25 17:07:29,515 [WARNING] [MainThread] [root/weather.py:565]: Error processing weather data: Weather data is empty.. Retrying fetch in 10 seconds.
2026-08-25 17:07:51,712 [WARNING] [MainThread] [root/api.py:80]: Weather API returned error None. Will retry on next interval.
2026-08-25 17:07:51,712 [WARNING] [MainThread] [root/weather.py:565]: Error processing weather data: Weather data is empty.. Retrying fetch in 10 seconds.
2026-08-25 17:08:13,904 [WARNING] [MainThread] [root/api.py:80]: Weather API returned error None. Will retry on next interval.
2026-08-25 17:08:13,904 [WARNING] [MainThread] [root/weather.py:565]: Error processing weather data: Weather data is empty.. Retrying fetch in 10 seconds.
2026-08-25 17:08:36,114 [WARNING] [MainThread] [root/api.py:80]: Weather API returned error None. Will retry on next interval.
2026-08-25 17:08:36,114 [WARNING] [MainThread] [root/weather.py:565]: Error processing weather data: Weather data is empty.. Retrying fetch in 10 seconds.
2026-08-25 17:08:58,321 [WARNING] [MainThread] [root/api.py:80]: Weather API returned error None. Will retry on next interval.
2026-08-25 17:08:58,322 [WARNING] [MainThread] [root/weather.py:565]: Error processing weather data: Weather data is empty.. Retrying fetch in 10 seconds.
2026-08-25 17:09:20,502 [WARNING] [MainThread] [root/api.py:80]: Weather API returned error None. Will retry on next interval.
2026-08-25 17:09:20,502 [WARNING] [MainThread] [root/weather.py:565]: Error processing weather data: Weather data is empty.. Retrying fetch in 10 seconds.
2026-08-25 17:09:42,698 [WARNING] [MainThread] [root/api.py:80]: Weather API returned error None. Will retry on next interval.
2026-08-25 17:09:42,698 [WARNING] [MainThread] [root/weather.py:565]: Error processing weather data: Weather data is empty.. Retrying fetch in 10 seconds.
2026-08-25 17:10:04,890 [WARNING] [MainThread] [root/api.py:80]: Weather API returned error None. Will retry on next interval.
2026-08-25 17:10:04,890 [WARNING] [MainThread] [root/weather.py:565]: Error processing weather data: Weather data is empty.. Retrying fetch in 10 seconds.
2026-08-25 17:10:27,093 [WARNING] [MainThread] [root/api.py:80]: Weather API returned error None. Will retry on next interval.
2026-08-25 17:10:27,093 [WARNING] [MainThread] [root/weather.py:565]: Error processing weather data: Weather data is empty.. Retrying fetch in 10 seconds.
2026-08-25 17:10:49,293 [WARNING] [MainThread] [root/api.py:80]: Weather API returned error None. Will retry on next interval.
2026-08-25 17:10:49,294 [WARNING] [MainThread] [root/weather.py:565]: Error processing weather data: Weather data is empty.. Retrying fetch in 10 seconds.
2026-08-25 17:11:06,631 [INFO] [MainThread] [root/api.py:69]: Fetching new weather data at 2026-08-25 17:11:06.631602
2026-08-25 17:15:51,459 [INFO] [MainThread] [root/api.py:69]: Fetching new weather data at 2026-08-25 17:15:51.459399
2026-08-25 17:25:51,511 [INFO] [MainThread] [root/api.py:69]: Fetching new weather data at 2026-08-25 17:25:51.511449
2026-08-25 17:35:51,388 [INFO] [MainThread] [root/api.py:69]: Fetching new weather data at 2026-08-25 17:35:51.388234
2026-08-25 17:45:51,353 [INFO] [MainThread] [root/api.py:69]: Fetching new weather data at 2026-08-25 17:45:51.353490
2026-08-25 17:55:51,601 [INFO] [MainThread] [root/api.py:69]: Fetching new weather data at 2026-08-25 17:55:51.601047
2026-08-25 18:05:51,372 [INFO] [MainThread] [root/api.py:69]: Fetching new weather data at 2026-08-25 18:05:51.372300
2026-08-25 18:15:51,448 [INFO] [MainThread] [root/api.py:69]: Fetching new weather data at 2026-08-25 18:15:51.448121
2026-08-25 18:25:51,531 [INFO] [MainThread] [root/api.py:69]: Fetching new weather data at 2026-08-25 18:25:51.531755
2026-08-25 18:35:52,364 [INFO] [MainThread] [root/api.py:69]: Fetching new weather data at 2026-08-25 18:35:52.364941
2026-08-25 18:45:51,589 [INFO] [MainThread] [root/api.py:69]: Fetching new weather data at 2026-08-25 18:45:51.589180
2026-08-25 18:55:51,551 [INFO] [MainThread] [root/api.py:69]: Fetching new weather data at 2026-08-25 18:55:51.551297
2026-08-25 19:05:56,524 [INFO] [MainThread] [root/api.py:69]: Fetching new weather data at 2026-08-25 19:05:56.524455
2026-08-25 19:15:51,538 [INFO] [MainThread] [root/api.py:69]: Fetching new weather data at 2026-08-25 19:15:51.538813
2026-08-25 19:25:51,520 [INFO] [MainThread] [root/api.py:69]: Fetching new weather data at 2026-08-25 19:25:51.520314
2026-08-25 19:35:51,538 [INFO] [MainThread] [root/api.py:69]: Fetching new weather data at 2026-08-25 19:35:51.538264
2026-08-25 19:45:51,616 [INFO] [MainThread] [root/api.py:69]: Fetching new weather data at 2026-08-25 19:45:51.616493
2026-08-25 19:55:51,620 [INFO] [MainThread] [root/api.py:69]: Fetching new weather data at 2026-08-25 19:55:51.619993
2026-08-25 20:05:51,588 [INFO] [MainThread] [root/api.py:69]: Fetching new weather data at 2026-08-25 20:05:51.588103
2026-08-25 20:15:51,784 [INFO] [MainThread] [root/api.py:69]: Fetching new weather data at 2026-08-25 20:15:51.784351
2026-08-25 20:25:51,719 [INFO] [MainThread] [root/api.py:69]: Fetching new weather data at 2026-08-25 20:25:51.719720
2026-08-25 20:35:51,556 [INFO] [MainThread] [root/api.py:69]: Fetching new weather data at 2026-08-25 20:35:51.556755
2026-08-25 20:45:51,625 [INFO] [MainThread] [root/api.py:69]: Fetching new weather data at 2026-08-25 20:45:51.625424
2026-08-25 20:55:51,736 [INFO] [MainThread] [root/api.py:69]: Fetching new weather data at 2026-08-25 20:55:51.736169
2026-08-25 21:05:51,617 [INFO] [MainThread] [root/api.py:69]: Fetching new weather data at 2026-08-25 21:05:51.617921
2026-08-25 21:15:51,387 [INFO] [MainThread] [root/api.py:69]: Fetching new weather data at 2026-08-25 21:15:51.387035
2026-08-25 21:24:03,953 [INFO] [MainThread] [root/bar_helper.py:594]: AppBarManager need to re-register 1 bar
2026-08-25 21:24:03,966 [INFO] [MainThread] [root/bar_helper.py:603]: Re-registered AppBar for status-bar_LG ULTRAGEAR_4ff7f9e1 (space reservation + fullscreen)
2026-08-25 21:24:04,758 [INFO] [SystrayHook] [systray_hook/systray_hook.py:193]: Injecting into Explorer (PID: 5024)
2026-08-25 21:24:49,327 [ERROR] [MainThread] [root/workspaces.py:81]: Failed to focus workspace at index 1
Traceback (most recent call last):
  File "D:\a\yasb\yasb\src\core\widgets\komorebi\workspaces.py", line 79, in activate_workspace
  File "D:\a\yasb\yasb\src\core\widgets\services\komorebi\client.py", line 116, in activate_workspace
  File "C:\hostedtoolcache\windows\Python\3.14.6\x64\Lib\subprocess.py", line 1039, in __init__
  File "C:\hostedtoolcache\windows\Python\3.14.6\x64\Lib\subprocess.py", line 1553, in _execute_child
OSError: [WinError 1455] The paging file is too small for this operation to complete
2026-08-25 21:26:19,064 [INFO] [MainThread] [root/log.py:104]: YASB v2.0.6
2026-08-25 21:26:19,065 [INFO] [CLIPipeServer] [cli_server/cli_server.py:216]: CLI server started v1.1.7
2026-08-25 21:26:19,065 [INFO] [MainThread] [cli_server/cli_server.py:106]: Log pipe server started
2026-08-25 21:26:19,617 [INFO] [SystrayHook] [systray_hook/systray_hook.py:193]: Injecting into Explorer (PID: 8740)
2026-08-25 21:26:19,705 [WARNING] [MainThread] [deprecation/deprecation.py:146]: [DEPRECATED] BrightnessConfig: 'hide_unsupported' - No longer supported and can be removed from the config.
2026-08-25 21:26:19,706 [INFO] [MainThread] [root/service.py:225]: BrightnessService started with 1 monitors
2026-08-25 21:26:19,730 [INFO] [MainThread] [root/service.py:52]: AudioOutputService starting...
2026-08-25 21:26:19,805 [INFO] [MainThread] [root/bar_manager.py:238]: Starting HotkeyListener...
2026-08-25 21:26:19,806 [INFO] [MainThread] [root/bar_manager.py:103]: Starting SystemEventListener...
2026-08-25 21:26:19,806 [INFO] [MainThread] [root/bar_manager.py:103]: Starting KomorebiEventListener...
2026-08-25 21:26:19,807 [INFO] [MainThread] [root/watcher.py:65]: Watching directory: c:\users\gojia\.config\yasb
2026-08-25 21:26:19,807 [INFO] [MainThread] [root/watcher.py:104]: Created file watcher
2026-08-25 21:26:19,808 [INFO] [Dummy-14] [root/event_listener.py:54]: Created named pipe yasb-cb548936-a077-11f1-a263-d17a745a0c1f
2026-08-25 21:26:19,824 [INFO] [MainThread] [root/update_service.py:434]: Background update checker started
2026-08-25 21:26:19,883 [INFO] [Dummy-14] [root/event_listener.py:147]: Komorebi connected to named pipe: yasb-cb548936-a077-11f1-a263-d17a745a0c1f
2026-08-25 21:26:20,670 [INFO] [MainThread] [root/api.py:69]: Fetching new weather data at 2026-08-25 21:26:20.670316
2026-08-25 21:26:21,028 [WARNING] [MainThread] [root/api.py:137]: Failed to fetch icon http://cdn.weatherapi.com/weather/64x64/day/356.png: TemporaryNetworkFailureError 7
2026-08-25 21:26:21,028 [WARNING] [MainThread] [root/api.py:137]: Failed to fetch icon http://cdn.weatherapi.com/weather/64x64/day/299.png: TemporaryNetworkFailureError 7
2026-08-25 21:26:21,028 [WARNING] [MainThread] [root/api.py:137]: Failed to fetch icon http://cdn.weatherapi.com/weather/64x64/day/176.png: TemporaryNetworkFailureError 7
2026-08-25 21:26:21,028 [WARNING] [MainThread] [root/api.py:137]: Failed to fetch icon http://cdn.weatherapi.com/weather/64x64/night/143.png: TemporaryNetworkFailureError 7
2026-08-25 21:26:21,028 [WARNING] [MainThread] [root/api.py:137]: Failed to fetch icon http://cdn.weatherapi.com/weather/64x64/day/353.png: TemporaryNetworkFailureError 7
2026-08-25 21:26:21,028 [WARNING] [MainThread] [root/api.py:137]: Failed to fetch icon http://cdn.weatherapi.com/weather/64x64/night/176.png: TemporaryNetworkFailureError 7
2026-08-25 21:36:20,010 [INFO] [MainThread] [root/api.py:69]: Fetching new weather data at 2026-08-25 21:36:20.010857
2026-08-25 21:46:24,261 [INFO] [MainThread] [root/api.py:69]: Fetching new weather data at 2026-08-25 21:46:23.919787
2026-08-25 21:56:19,953 [INFO] [MainThread] [root/api.py:69]: Fetching new weather data at 2026-08-25 21:56:19.953011
2026-08-25 22:03:01,918 [INFO] [MainThread] [root/bar_manager.py:97]: Screens updated. Re-initialising all bars.
2026-08-25 22:03:02,322 [INFO] [MainThread] [root/controller.py:21]: Reloading Application because of screen update.
2026-08-25 22:03:02,503 [INFO] [MainThread] [cli_server/cli_server.py:114]: Log pipe server stopped
2026-08-25 22:03:05,731 [INFO] [MainThread] [root/log.py:104]: YASB v2.0.6
2026-08-25 22:03:05,731 [INFO] [CLIPipeServer] [cli_server/cli_server.py:216]: CLI server started v1.1.7
2026-08-25 22:03:05,731 [INFO] [MainThread] [cli_server/cli_server.py:106]: Log pipe server started
2026-08-25 22:03:05,731 [INFO] [MainThread] [root/main.py:48]: Waiting for previous YASB instance to exit...
2026-08-25 22:03:10,593 [INFO] [MainThread] [root/bar_manager.py:111]: Stopping HotkeyListener...
2026-08-25 22:03:10,859 [INFO] [MainThread] [root/bar_manager.py:119]: Stopping SystemEventListener...
2026-08-25 22:03:11,483 [INFO] [MainThread] [root/bar_manager.py:119]: Stopping KomorebiEventListener...
2026-08-25 22:03:12,492 [INFO] [MainThread] [root/main.py:74]: Previous instance exited, continuing startup.
2026-08-25 22:03:13,967 [INFO] [SystrayHook] [systray_hook/systray_hook.py:193]: Injecting into Explorer (PID: 8740)
2026-08-25 22:03:14,032 [WARNING] [MainThread] [deprecation/deprecation.py:146]: [DEPRECATED] BrightnessConfig: 'hide_unsupported' - No longer supported and can be removed from the config.
2026-08-25 22:03:14,033 [INFO] [MainThread] [root/service.py:225]: BrightnessService started with 1 monitors
2026-08-25 22:03:14,065 [INFO] [MainThread] [root/service.py:52]: AudioOutputService starting...
2026-08-25 22:03:14,139 [INFO] [MainThread] [root/bar_manager.py:238]: Starting HotkeyListener...
2026-08-25 22:03:14,140 [INFO] [MainThread] [root/bar_manager.py:103]: Starting KomorebiEventListener...
2026-08-25 22:03:14,140 [INFO] [MainThread] [root/bar_manager.py:103]: Starting SystemEventListener...
2026-08-25 22:03:14,142 [INFO] [MainThread] [root/watcher.py:65]: Watching directory: c:\users\gojia\.config\yasb
2026-08-25 22:03:14,142 [INFO] [MainThread] [root/watcher.py:104]: Created file watcher
2026-08-25 22:03:14,161 [INFO] [Dummy-14] [root/event_listener.py:54]: Created named pipe yasb-f32d22df-a07c-11f1-8cdf-d17a745a0c1f
2026-08-25 22:03:14,166 [INFO] [MainThread] [root/update_service.py:434]: Background update checker started
2026-08-25 22:03:14,299 [INFO] [Dummy-14] [root/event_listener.py:147]: Komorebi connected to named pipe: yasb-f32d22df-a07c-11f1-8cdf-d17a745a0c1f
2026-08-25 22:03:14,594 [INFO] [MainThread] [root/api.py:69]: Fetching new weather data at 2026-08-25 22:03:14.594915
2026-08-25 22:03:17,605 [INFO] [MainThread] [root/controller.py:43]: Exiting Application...
2026-08-25 22:03:17,718 [INFO] [MainThread] [cli_server/cli_server.py:114]: Log pipe server stopped
2026-08-25 22:03:17,759 [INFO] [MainThread] [root/bar_manager.py:111]: Stopping HotkeyListener...
2026-08-25 22:03:17,762 [INFO] [MainThread] [root/bar_manager.py:119]: Stopping KomorebiEventListener...
2026-08-25 22:03:17,764 [INFO] [MainThread] [root/bar_manager.py:119]: Stopping SystemEventListener...
2026-08-25 22:04:39,055 [INFO] [MainThread] [root/log.py:104]: YASB v2.0.6
2026-08-25 22:04:39,056 [INFO] [CLIPipeServer] [cli_server/cli_server.py:216]: CLI server started v1.1.7
2026-08-25 22:04:39,057 [INFO] [MainThread] [cli_server/cli_server.py:106]: Log pipe server started
2026-08-25 22:04:39,643 [INFO] [SystrayHook] [systray_hook/systray_hook.py:193]: Injecting into Explorer (PID: 9500)
2026-08-25 22:04:39,719 [WARNING] [MainThread] [deprecation/deprecation.py:146]: [DEPRECATED] BrightnessConfig: 'hide_unsupported' - No longer supported and can be removed from the config.
2026-08-25 22:04:39,721 [INFO] [MainThread] [root/service.py:225]: BrightnessService started with 1 monitors
2026-08-25 22:04:39,745 [INFO] [MainThread] [root/service.py:52]: AudioOutputService starting...
2026-08-25 22:04:39,822 [INFO] [MainThread] [root/bar_manager.py:238]: Starting HotkeyListener...
2026-08-25 22:04:39,822 [INFO] [MainThread] [root/bar_manager.py:103]: Starting KomorebiEventListener...
2026-08-25 22:04:39,823 [INFO] [MainThread] [root/bar_manager.py:103]: Starting SystemEventListener...
2026-08-25 22:04:39,824 [INFO] [MainThread] [root/watcher.py:65]: Watching directory: c:\users\gojia\.config\yasb
2026-08-25 22:04:39,825 [INFO] [MainThread] [root/watcher.py:104]: Created file watcher
2026-08-25 22:04:39,825 [INFO] [Dummy-14] [root/event_listener.py:54]: Created named pipe yasb-263f364c-a07d-11f1-ad8c-e61c59754286
2026-08-25 22:04:39,846 [INFO] [MainThread] [root/update_service.py:434]: Background update checker started
2026-08-25 22:04:39,933 [INFO] [Dummy-14] [root/event_listener.py:147]: Komorebi connected to named pipe: yasb-263f364c-a07d-11f1-ad8c-e61c59754286
2026-08-25 22:04:40,266 [INFO] [MainThread] [root/api.py:69]: Fetching new weather data at 2026-08-25 22:04:40.266928
2026-08-25 22:14:39,597 [INFO] [MainThread] [root/api.py:69]: Fetching new weather data at 2026-08-25 22:14:39.588424
2026-08-25 22:24:40,047 [INFO] [MainThread] [root/api.py:69]: Fetching new weather data at 2026-08-25 22:24:40.047254
2026-08-25 22:29:27,361 [INFO] [MainThread] [root/bar_manager.py:111]: Stopping HotkeyListener...
2026-08-25 22:29:27,148 [WARNING] [Dummy-14] [root/event_listener.py:95]: Pipe has been ended: (109, 'PeekNamedPipe', 'The pipe has been ended.')
2026-08-25 22:29:27,645 [INFO] [MainThread] [root/bar_manager.py:119]: Stopping KomorebiEventListener...
2026-08-25 22:29:27,646 [INFO] [Dummy-14] [root/event_listener.py:107]: Attempting to reconnect to Komorebi...
2026-08-25 22:29:27,675 [INFO] [MainThread] [root/bar_manager.py:119]: Stopping SystemEventListener...
2026-08-25 22:30:35,612 [INFO] [MainThread] [root/log.py:104]: YASB v2.0.6
2026-08-25 22:30:35,614 [INFO] [CLIPipeServer] [cli_server/cli_server.py:216]: CLI server started v1.1.7
2026-08-25 22:30:35,614 [INFO] [MainThread] [cli_server/cli_server.py:106]: Log pipe server started
2026-08-25 22:30:36,164 [INFO] [SystrayHook] [systray_hook/systray_hook.py:193]: Injecting into Explorer (PID: 9616)
2026-08-25 22:30:36,241 [WARNING] [MainThread] [deprecation/deprecation.py:146]: [DEPRECATED] BrightnessConfig: 'hide_unsupported' - No longer supported and can be removed from the config.
2026-08-25 22:30:36,242 [INFO] [MainThread] [root/service.py:225]: BrightnessService started with 1 monitors
2026-08-25 22:30:36,267 [INFO] [MainThread] [root/service.py:52]: AudioOutputService starting...
2026-08-25 22:30:36,343 [INFO] [MainThread] [root/bar_manager.py:238]: Starting HotkeyListener...
2026-08-25 22:30:36,343 [INFO] [MainThread] [root/bar_manager.py:103]: Starting KomorebiEventListener...
2026-08-25 22:30:36,344 [INFO] [MainThread] [root/bar_manager.py:103]: Starting SystemEventListener...
2026-08-25 22:30:36,345 [INFO] [MainThread] [root/watcher.py:65]: Watching directory: c:\users\gojia\.config\yasb
2026-08-25 22:30:36,345 [INFO] [MainThread] [root/watcher.py:104]: Created file watcher
2026-08-25 22:30:36,346 [INFO] [Dummy-13] [root/event_listener.py:54]: Created named pipe yasb-c60183b1-a080-11f1-a402-84febb260132
2026-08-25 22:30:36,362 [INFO] [MainThread] [root/update_service.py:434]: Background update checker started
2026-08-25 22:30:36,419 [INFO] [Dummy-13] [root/event_listener.py:147]: Komorebi connected to named pipe: yasb-c60183b1-a080-11f1-a402-84febb260132
2026-08-25 22:30:37,427 [INFO] [MainThread] [root/api.py:69]: Fetching new weather data at 2026-08-25 22:30:37.427472
2026-08-25 22:30:40,705 [WARNING] [MainThread] [root/api.py:137]: Failed to fetch icon http://cdn.weatherapi.com/weather/64x64/day/176.png: TemporaryNetworkFailureError 7
2026-08-25 22:40:36,544 [INFO] [MainThread] [root/api.py:69]: Fetching new weather data at 2026-08-25 22:40:36.543150
2026-08-25 22:44:55,714 [INFO] [MainThread] [root/bar_manager.py:111]: Stopping HotkeyListener...
2026-08-25 22:44:55,735 [INFO] [MainThread] [root/bar_manager.py:119]: Stopping KomorebiEventListener...
2026-08-25 22:44:55,758 [INFO] [MainThread] [root/bar_manager.py:119]: Stopping SystemEventListener...
2026-08-25 22:46:00,311 [INFO] [MainThread] [root/log.py:104]: YASB v2.0.6
2026-08-25 22:46:00,312 [INFO] [CLIPipeServer] [cli_server/cli_server.py:216]: CLI server started v1.1.7
2026-08-25 22:46:00,312 [INFO] [MainThread] [cli_server/cli_server.py:106]: Log pipe server started
2026-08-25 22:46:00,892 [INFO] [SystrayHook] [systray_hook/systray_hook.py:193]: Injecting into Explorer (PID: 8508)
2026-08-25 22:46:00,955 [WARNING] [MainThread] [deprecation/deprecation.py:146]: [DEPRECATED] BrightnessConfig: 'hide_unsupported' - No longer supported and can be removed from the config.
2026-08-25 22:46:00,956 [INFO] [MainThread] [root/service.py:225]: BrightnessService started with 1 monitors
2026-08-25 22:46:00,980 [INFO] [MainThread] [root/service.py:52]: AudioOutputService starting...
2026-08-25 22:46:01,059 [INFO] [MainThread] [root/bar_manager.py:238]: Starting HotkeyListener...
2026-08-25 22:46:01,060 [INFO] [MainThread] [root/bar_manager.py:103]: Starting KomorebiEventListener...
2026-08-25 22:46:01,060 [INFO] [MainThread] [root/bar_manager.py:103]: Starting SystemEventListener...
2026-08-25 22:46:01,061 [INFO] [Dummy-13] [root/event_listener.py:54]: Created named pipe yasb-ed2dfc3f-a082-11f1-9758-e91e5b833fe0
2026-08-25 22:46:01,062 [INFO] [MainThread] [root/watcher.py:65]: Watching directory: c:\users\gojia\.config\yasb
2026-08-25 22:46:01,062 [INFO] [MainThread] [root/watcher.py:104]: Created file watcher
2026-08-25 22:46:01,083 [INFO] [MainThread] [root/update_service.py:434]: Background update checker started
2026-08-25 22:46:01,140 [INFO] [Dummy-13] [root/event_listener.py:147]: Komorebi connected to named pipe: yasb-ed2dfc3f-a082-11f1-9758-e91e5b833fe0
2026-08-25 22:46:02,033 [INFO] [MainThread] [root/api.py:69]: Fetching new weather data at 2026-08-25 22:46:02.033645
2026-08-25 22:56:01,311 [INFO] [MainThread] [root/api.py:69]: Fetching new weather data at 2026-08-25 22:56:01.311342
2026-08-25 23:04:49,146 [INFO] [MainThread] [root/bar_manager.py:111]: Stopping HotkeyListener...
2026-08-25 23:04:49,159 [INFO] [MainThread] [root/bar_manager.py:119]: Stopping KomorebiEventListener...
2026-08-25 23:04:49,171 [INFO] [MainThread] [root/bar_manager.py:119]: Stopping SystemEventListener...
2026-08-25 23:05:54,749 [INFO] [MainThread] [root/log.py:104]: YASB v2.0.6
2026-08-25 23:05:54,750 [INFO] [CLIPipeServer] [cli_server/cli_server.py:216]: CLI server started v1.1.7
2026-08-25 23:05:54,750 [INFO] [MainThread] [cli_server/cli_server.py:106]: Log pipe server started
2026-08-25 23:05:55,339 [INFO] [SystrayHook] [systray_hook/systray_hook.py:193]: Injecting into Explorer (PID: 8432)
2026-08-25 23:05:55,410 [WARNING] [MainThread] [deprecation/deprecation.py:146]: [DEPRECATED] BrightnessConfig: 'hide_unsupported' - No longer supported and can be removed from the config.
2026-08-25 23:05:55,411 [INFO] [MainThread] [root/service.py:225]: BrightnessService started with 1 monitors
2026-08-25 23:05:55,437 [INFO] [MainThread] [root/service.py:52]: AudioOutputService starting...
2026-08-25 23:05:55,519 [INFO] [MainThread] [root/bar_manager.py:238]: Starting HotkeyListener...
2026-08-25 23:05:55,519 [INFO] [MainThread] [root/bar_manager.py:103]: Starting SystemEventListener...
2026-08-25 23:05:55,519 [INFO] [MainThread] [root/bar_manager.py:103]: Starting KomorebiEventListener...
2026-08-25 23:05:55,521 [INFO] [MainThread] [root/watcher.py:65]: Watching directory: c:\users\gojia\.config\yasb
2026-08-25 23:05:55,521 [INFO] [MainThread] [root/watcher.py:104]: Created file watcher
2026-08-25 23:05:55,522 [INFO] [Dummy-14] [root/event_listener.py:54]: Created named pipe yasb-b5220b68-a085-11f1-8a39-8d8d835cf5fe
2026-08-25 23:05:55,545 [INFO] [MainThread] [root/update_service.py:434]: Background update checker started
2026-08-25 23:05:55,600 [INFO] [Dummy-14] [root/event_listener.py:147]: Komorebi connected to named pipe: yasb-b5220b68-a085-11f1-8a39-8d8d835cf5fe
2026-08-25 23:05:56,377 [INFO] [MainThread] [root/api.py:69]: Fetching new weather data at 2026-08-25 23:05:56.377006
2026-08-25 23:15:55,755 [INFO] [MainThread] [root/api.py:69]: Fetching new weather data at 2026-08-25 23:15:55.750640
2026-08-25 23:25:55,690 [INFO] [MainThread] [root/api.py:69]: Fetching new weather data at 2026-08-25 23:25:55.689403
2026-08-25 23:35:55,756 [INFO] [MainThread] [root/api.py:69]: Fetching new weather data at 2026-08-25 23:35:55.756158
2026-08-25 23:45:55,710 [INFO] [MainThread] [root/api.py:69]: Fetching new weather data at 2026-08-25 23:45:55.710213
2026-08-25 23:55:55,684 [INFO] [MainThread] [root/api.py:69]: Fetching new weather data at 2026-08-25 23:55:55.684750
2026-08-26 00:05:55,832 [INFO] [MainThread] [root/api.py:69]: Fetching new weather data at 2026-08-26 00:05:55.825550
2026-08-26 00:15:55,813 [INFO] [MainThread] [root/api.py:69]: Fetching new weather data at 2026-08-26 00:15:55.807150
2026-08-26 00:25:55,816 [INFO] [MainThread] [root/api.py:69]: Fetching new weather data at 2026-08-26 00:25:55.816491
2026-08-26 00:35:55,393 [WARNING] [MainThread] [root/api.py:80]: Weather API returned error None. Will retry on next interval.
2026-08-26 00:35:55,412 [WARNING] [MainThread] [root/weather.py:565]: Error processing weather data: Weather data is empty.. Retrying fetch in 10 seconds.
2026-08-26 00:36:05,932 [INFO] [MainThread] [root/api.py:69]: Fetching new weather data at 2026-08-26 00:36:05.932117
2026-08-26 00:45:55,520 [INFO] [MainThread] [root/api.py:69]: Fetching new weather data at 2026-08-26 00:45:55.516370
2026-08-26 00:55:55,724 [INFO] [MainThread] [root/api.py:69]: Fetching new weather data at 2026-08-26 00:55:55.718712
2026-08-26 01:05:55,401 [INFO] [MainThread] [root/api.py:69]: Fetching new weather data at 2026-08-26 01:05:55.401345
2026-08-26 01:15:55,433 [INFO] [MainThread] [root/api.py:69]: Fetching new weather data at 2026-08-26 01:15:55.428150
2026-08-26 01:25:55,400 [INFO] [MainThread] [root/api.py:69]: Fetching new weather data at 2026-08-26 01:25:55.396596
2026-08-26 01:35:57,056 [INFO] [MainThread] [root/api.py:69]: Fetching new weather data at 2026-08-26 01:35:57.052444
2026-08-26 01:45:55,748 [INFO] [MainThread] [root/api.py:69]: Fetching new weather data at 2026-08-26 01:45:55.747926
2026-08-26 01:55:55,213 [INFO] [MainThread] [root/api.py:69]: Fetching new weather data at 2026-08-26 01:55:55.213442
2026-08-26 02:05:55,271 [INFO] [MainThread] [root/api.py:69]: Fetching new weather data at 2026-08-26 02:05:55.271779
2026-08-26 02:15:55,232 [INFO] [MainThread] [root/api.py:69]: Fetching new weather data at 2026-08-26 02:15:55.232975
2026-08-26 02:25:55,191 [INFO] [MainThread] [root/api.py:69]: Fetching new weather data at 2026-08-26 02:25:55.191924
2026-08-26 02:35:55,236 [INFO] [MainThread] [root/api.py:69]: Fetching new weather data at 2026-08-26 02:35:55.236773
2026-08-26 02:45:55,247 [INFO] [MainThread] [root/api.py:69]: Fetching new weather data at 2026-08-26 02:45:55.247267
2026-08-26 02:55:55,199 [INFO] [MainThread] [root/api.py:69]: Fetching new weather data at 2026-08-26 02:55:55.199646
2026-08-26 03:05:55,202 [INFO] [MainThread] [root/api.py:69]: Fetching new weather data at 2026-08-26 03:05:55.202576
2026-08-26 03:15:55,235 [INFO] [MainThread] [root/api.py:69]: Fetching new weather data at 2026-08-26 03:15:55.235953
2026-08-26 03:25:55,206 [INFO] [MainThread] [root/api.py:69]: Fetching new weather data at 2026-08-26 03:25:55.206474
2026-08-26 03:35:55,302 [INFO] [MainThread] [root/api.py:69]: Fetching new weather data at 2026-08-26 03:35:55.302296
2026-08-26 03:45:55,301 [INFO] [MainThread] [root/api.py:69]: Fetching new weather data at 2026-08-26 03:45:55.301006
2026-08-26 03:55:55,238 [INFO] [MainThread] [root/api.py:69]: Fetching new weather data at 2026-08-26 03:55:55.238048
2026-08-26 04:05:55,212 [INFO] [MainThread] [root/api.py:69]: Fetching new weather data at 2026-08-26 04:05:55.212250
2026-08-26 04:15:55,216 [INFO] [MainThread] [root/api.py:69]: Fetching new weather data at 2026-08-26 04:15:55.216681
2026-08-26 04:25:55,220 [INFO] [MainThread] [root/api.py:69]: Fetching new weather data at 2026-08-26 04:25:55.220676
2026-08-26 04:35:55,190 [ERROR] [MainThread] [root/api.py:84]: Weather response error 403: API key has reached maximum calls per month allowed limit.
2026-08-26 04:35:55,191 [WARNING] [MainThread] [root/weather.py:565]: Error processing weather data: Weather data is empty.. Retrying fetch in 10 seconds.
2026-08-26 04:36:05,425 [ERROR] [MainThread] [root/api.py:84]: Weather response error 403: API key has reached maximum calls per month allowed limit.
2026-08-26 04:36:05,425 [WARNING] [MainThread] [root/weather.py:565]: Error processing weather data: Weather data is empty.. Retrying fetch in 10 seconds.
2026-08-26 04:36:15,591 [ERROR] [MainThread] [root/api.py:84]: Weather response error 403: API key has reached maximum calls per month allowed limit.
2026-08-26 04:36:15,592 [WARNING] [MainThread] [root/weather.py:565]: Error processing weather data: Weather data is empty.. Retrying fetch in 10 seconds.
2026-08-26 04:36:25,764 [ERROR] [MainThread] [root/api.py:84]: Weather response error 403: API key has reached maximum calls per month allowed limit.
2026-08-26 04:36:25,764 [WARNING] [MainThread] [root/weather.py:565]: Error processing weather data: Weather data is empty.. Retrying fetch in 10 seconds.
2026-08-26 04:36:35,936 [ERROR] [MainThread] [root/api.py:84]: Weather response error 403: API key has reached maximum calls per month allowed limit.
2026-08-26 04:36:35,936 [WARNING] [MainThread] [root/weather.py:565]: Error processing weather data: Weather data is empty.. Retrying fetch in 10 seconds.
2026-08-26 04:36:46,111 [ERROR] [MainThread] [root/api.py:84]: Weather response error 403: API key has reached maximum calls per month allowed limit.
2026-08-26 04:36:46,112 [WARNING] [MainThread] [root/weather.py:565]: Error processing weather data: Weather data is empty.. Retrying fetch in 10 seconds.
2026-08-26 04:36:56,277 [ERROR] [MainThread] [root/api.py:84]: Weather response error 403: API key has reached maximum calls per month allowed limit.
2026-08-26 04:36:56,277 [WARNING] [MainThread] [root/weather.py:565]: Error processing weather data: Weather data is empty.. Retrying fetch in 10 seconds.
2026-08-26 04:37:06,438 [ERROR] [MainThread] [root/api.py:84]: Weather response error 403: API key has reached maximum calls per month allowed limit.
2026-08-26 04:37:06,438 [WARNING] [MainThread] [root/weather.py:565]: Error processing weather data: Weather data is empty.. Retrying fetch in 10 seconds.
2026-08-26 04:37:16,728 [ERROR] [MainThread] [root/api.py:84]: Weather response error 403: API key has reached maximum calls per month allowed limit.
2026-08-26 04:37:16,728 [WARNING] [MainThread] [root/weather.py:565]: Error processing weather data: Weather data is empty.. Retrying fetch in 10 seconds.
2026-08-26 04:37:26,885 [ERROR] [MainThread] [root/api.py:84]: Weather response error 403: API key has reached maximum calls per month allowed limit.
2026-08-26 04:37:26,886 [WARNING] [MainThread] [root/weather.py:565]: Error processing weather data: Weather data is empty.. Retrying fetch in 10 seconds.
2026-08-26 04:37:37,042 [ERROR] [MainThread] [root/api.py:84]: Weather response error 403: API key has reached maximum calls per month allowed limit.
2026-08-26 04:37:37,042 [WARNING] [MainThread] [root/weather.py:565]: Error processing weather data: Weather data is empty.. Retrying fetch in 10 seconds.
2026-08-26 04:37:47,200 [ERROR] [MainThread] [root/api.py:84]: Weather response error 403: API key has reached maximum calls per month allowed limit.
2026-08-26 04:37:47,200 [WARNING] [MainThread] [root/weather.py:565]: Error processing weather data: Weather data is empty.. Retrying fetch in 10 seconds.
2026-08-26 04:37:57,367 [ERROR] [MainThread] [root/api.py:84]: Weather response error 403: API key has reached maximum calls per month allowed limit.
2026-08-26 04:37:57,367 [WARNING] [MainThread] [root/weather.py:565]: Error processing weather data: Weather data is empty.. Retrying fetch in 10 seconds.
2026-08-26 04:38:07,531 [ERROR] [MainThread] [root/api.py:84]: Weather response error 403: API key has reached maximum calls per month allowed limit.
2026-08-26 04:38:07,532 [WARNING] [MainThread] [root/weather.py:565]: Error processing weather data: Weather data is empty.. Retrying fetch in 10 seconds.
2026-08-26 04:38:17,698 [ERROR] [MainThread] [root/api.py:84]: Weather response error 403: API key has reached maximum calls per month allowed limit.
2026-08-26 04:38:17,698 [WARNING] [MainThread] [root/weather.py:565]: Error processing weather data: Weather data is empty.. Retrying fetch in 10 seconds.
2026-08-26 04:38:27,855 [ERROR] [MainThread] [root/api.py:84]: Weather response error 403: API key has reached maximum calls per month allowed limit.
2026-08-26 04:38:27,855 [WARNING] [MainThread] [root/weather.py:565]: Error processing weather data: Weather data is empty.. Retrying fetch in 10 seconds.
2026-08-26 04:38:38,045 [ERROR] [MainThread] [root/api.py:84]: Weather response error 403: API key has reached maximum calls per month allowed limit.
2026-08-26 04:38:38,045 [WARNING] [MainThread] [root/weather.py:565]: Error processing weather data: Weather data is empty.. Retrying fetch in 10 seconds.
2026-08-26 04:38:48,217 [ERROR] [MainThread] [root/api.py:84]: Weather response error 403: API key has reached maximum calls per month allowed limit.
2026-08-26 04:38:48,217 [WARNING] [MainThread] [root/weather.py:565]: Error processing weather data: Weather data is empty.. Retrying fetch in 10 seconds.
2026-08-26 04:38:58,385 [ERROR] [MainThread] [root/api.py:84]: Weather response error 403: API key has reached maximum calls per month allowed limit.
2026-08-26 04:38:58,385 [WARNING] [MainThread] [root/weather.py:565]: Error processing weather data: Weather data is empty.. Retrying fetch in 10 seconds.
2026-08-26 04:39:08,541 [ERROR] [MainThread] [root/api.py:84]: Weather response error 403: API key has reached maximum calls per month allowed limit.
2026-08-26 04:39:08,541 [WARNING] [MainThread] [root/weather.py:565]: Error processing weather data: Weather data is empty.. Retrying fetch in 10 seconds.
2026-08-26 04:39:18,697 [ERROR] [MainThread] [root/api.py:84]: Weather response error 403: API key has reached maximum calls per month allowed limit.
2026-08-26 04:39:18,697 [WARNING] [MainThread] [root/weather.py:565]: Error processing weather data: Weather data is empty.. Retrying fetch in 10 seconds.
2026-08-26 04:39:28,866 [ERROR] [MainThread] [root/api.py:84]: Weather response error 403: API key has reached maximum calls per month allowed limit.
2026-08-26 04:39:28,866 [WARNING] [MainThread] [root/weather.py:565]: Error processing weather data: Weather data is empty.. Retrying fetch in 10 seconds.
2026-08-26 04:39:39,030 [ERROR] [MainThread] [root/api.py:84]: Weather response error 403: API key has reached maximum calls per month allowed limit.
2026-08-26 04:39:39,030 [WARNING] [MainThread] [root/weather.py:565]: Error processing weather data: Weather data is empty.. Retrying fetch in 10 seconds.
2026-08-26 04:39:49,216 [ERROR] [MainThread] [root/api.py:84]: Weather response error 403: API key has reached maximum calls per month allowed limit.
2026-08-26 04:39:49,216 [WARNING] [MainThread] [root/weather.py:565]: Error processing weather data: Weather data is empty.. Retrying fetch in 10 seconds.
2026-08-26 04:39:59,397 [ERROR] [MainThread] [root/api.py:84]: Weather response error 403: API key has reached maximum calls per month allowed limit.
2026-08-26 04:39:59,397 [WARNING] [MainThread] [root/weather.py:565]: Error processing weather data: Weather data is empty.. Retrying fetch in 10 seconds.
2026-08-26 04:40:09,557 [ERROR] [MainThread] [root/api.py:84]: Weather response error 403: API key has reached maximum calls per month allowed limit.
2026-08-26 04:40:09,557 [WARNING] [MainThread] [root/weather.py:565]: Error processing weather data: Weather data is empty.. Retrying fetch in 10 seconds.
2026-08-26 04:40:19,717 [ERROR] [MainThread] [root/api.py:84]: Weather response error 403: API key has reached maximum calls per month allowed limit.
2026-08-26 04:40:19,718 [WARNING] [MainThread] [root/weather.py:565]: Error processing weather data: Weather data is empty.. Retrying fetch in 10 seconds.
2026-08-26 04:40:29,891 [ERROR] [MainThread] [root/api.py:84]: Weather response error 403: API key has reached maximum calls per month allowed limit.
2026-08-26 04:40:29,892 [WARNING] [MainThread] [root/weather.py:565]: Error processing weather data: Weather data is empty.. Retrying fetch in 10 seconds.
2026-08-26 04:40:40,067 [ERROR] [MainThread] [root/api.py:84]: Weather response error 403: API key has reached maximum calls per month allowed limit.
2026-08-26 04:40:40,067 [WARNING] [MainThread] [root/weather.py:565]: Error processing weather data: Weather data is empty.. Retrying fetch in 10 seconds.
2026-08-26 04:40:50,236 [ERROR] [MainThread] [root/api.py:84]: Weather response error 403: API key has reached maximum calls per month allowed limit.
2026-08-26 04:40:50,236 [WARNING] [MainThread] [root/weather.py:565]: Error processing weather data: Weather data is empty.. Retrying fetch in 10 seconds.
2026-08-26 04:41:00,404 [ERROR] [MainThread] [root/api.py:84]: Weather response error 403: API key has reached maximum calls per month allowed limit.
2026-08-26 04:41:00,404 [WARNING] [MainThread] [root/weather.py:565]: Error processing weather data: Weather data is empty.. Retrying fetch in 10 seconds.
2026-08-26 04:41:10,574 [ERROR] [MainThread] [root/api.py:84]: Weather response error 403: API key has reached maximum calls per month allowed limit.
2026-08-26 04:41:10,574 [WARNING] [MainThread] [root/weather.py:565]: Error processing weather data: Weather data is empty.. Retrying fetch in 10 seconds.
2026-08-26 04:41:20,731 [ERROR] [MainThread] [root/api.py:84]: Weather response error 403: API key has reached maximum calls per month allowed limit.
2026-08-26 04:41:20,731 [WARNING] [MainThread] [root/weather.py:565]: Error processing weather data: Weather data is empty.. Retrying fetch in 10 seconds.
2026-08-26 04:41:30,890 [ERROR] [MainThread] [root/api.py:84]: Weather response error 403: API key has reached maximum calls per month allowed limit.
2026-08-26 04:41:30,890 [WARNING] [MainThread] [root/weather.py:565]: Error processing weather data: Weather data is empty.. Retrying fetch in 10 seconds.
2026-08-26 04:41:41,060 [ERROR] [MainThread] [root/api.py:84]: Weather response error 403: API key has reached maximum calls per month allowed limit.
2026-08-26 04:41:41,060 [WARNING] [MainThread] [root/weather.py:565]: Error processing weather data: Weather data is empty.. Retrying fetch in 10 seconds.
2026-08-26 04:41:51,240 [ERROR] [MainThread] [root/api.py:84]: Weather response error 403: API key has reached maximum calls per month allowed limit.
2026-08-26 04:41:51,240 [WARNING] [MainThread] [root/weather.py:565]: Error processing weather data: Weather data is empty.. Retrying fetch in 10 seconds.
2026-08-26 04:42:01,400 [ERROR] [MainThread] [root/api.py:84]: Weather response error 403: API key has reached maximum calls per month allowed limit.
2026-08-26 04:42:01,400 [WARNING] [MainThread] [root/weather.py:565]: Error processing weather data: Weather data is empty.. Retrying fetch in 10 seconds.
2026-08-26 04:42:11,568 [ERROR] [MainThread] [root/api.py:84]: Weather response error 403: API key has reached maximum calls per month allowed limit.
2026-08-26 04:42:11,568 [WARNING] [MainThread] [root/weather.py:565]: Error processing weather data: Weather data is empty.. Retrying fetch in 10 seconds.
2026-08-26 04:42:21,739 [ERROR] [MainThread] [root/api.py:84]: Weather response error 403: API key has reached maximum calls per month allowed limit.
2026-08-26 04:42:21,739 [WARNING] [MainThread] [root/weather.py:565]: Error processing weather data: Weather data is empty.. Retrying fetch in 10 seconds.
2026-08-26 04:42:31,901 [ERROR] [MainThread] [root/api.py:84]: Weather response error 403: API key has reached maximum calls per month allowed limit.
2026-08-26 04:42:31,901 [WARNING] [MainThread] [root/weather.py:565]: Error processing weather data: Weather data is empty.. Retrying fetch in 10 seconds.
2026-08-26 04:42:42,063 [ERROR] [MainThread] [root/api.py:84]: Weather response error 403: API key has reached maximum calls per month allowed limit.
2026-08-26 04:42:42,063 [WARNING] [MainThread] [root/weather.py:565]: Error processing weather data: Weather data is empty.. Retrying fetch in 10 seconds.
2026-08-26 04:42:52,230 [ERROR] [MainThread] [root/api.py:84]: Weather response error 403: API key has reached maximum calls per month allowed limit.
2026-08-26 04:42:52,230 [WARNING] [MainThread] [root/weather.py:565]: Error processing weather data: Weather data is empty.. Retrying fetch in 10 seconds.
2026-08-26 04:43:02,390 [ERROR] [MainThread] [root/api.py:84]: Weather response error 403: API key has reached maximum calls per month allowed limit.
2026-08-26 04:43:02,390 [WARNING] [MainThread] [root/weather.py:565]: Error processing weather data: Weather data is empty.. Retrying fetch in 10 seconds.
2026-08-26 04:43:12,567 [ERROR] [MainThread] [root/api.py:84]: Weather response error 403: API key has reached maximum calls per month allowed limit.
2026-08-26 04:43:12,567 [WARNING] [MainThread] [root/weather.py:565]: Error processing weather data: Weather data is empty.. Retrying fetch in 10 seconds.
2026-08-26 04:43:22,742 [ERROR] [MainThread] [root/api.py:84]: Weather response error 403: API key has reached maximum calls per month allowed limit.
2026-08-26 04:43:22,742 [WARNING] [MainThread] [root/weather.py:565]: Error processing weather data: Weather data is empty.. Retrying fetch in 10 seconds.
2026-08-26 04:43:32,906 [ERROR] [MainThread] [root/api.py:84]: Weather response error 403: API key has reached maximum calls per month allowed limit.
2026-08-26 04:43:32,906 [WARNING] [MainThread] [root/weather.py:565]: Error processing weather data: Weather data is empty.. Retrying fetch in 10 seconds.
2026-08-26 04:43:43,081 [ERROR] [MainThread] [root/api.py:84]: Weather response error 403: API key has reached maximum calls per month allowed limit.
2026-08-26 04:43:43,081 [WARNING] [MainThread] [root/weather.py:565]: Error processing weather data: Weather data is empty.. Retrying fetch in 10 seconds.
2026-08-26 04:43:53,256 [ERROR] [MainThread] [root/api.py:84]: Weather response error 403: API key has reached maximum calls per month allowed limit.
2026-08-26 04:43:53,256 [WARNING] [MainThread] [root/weather.py:565]: Error processing weather data: Weather data is empty.. Retrying fetch in 10 seconds.
2026-08-26 04:44:03,418 [ERROR] [MainThread] [root/api.py:84]: Weather response error 403: API key has reached maximum calls per month allowed limit.
2026-08-26 04:44:03,418 [WARNING] [MainThread] [root/weather.py:565]: Error processing weather data: Weather data is empty.. Retrying fetch in 10 seconds.
2026-08-26 04:44:13,582 [ERROR] [MainThread] [root/api.py:84]: Weather response error 403: API key has reached maximum calls per month allowed limit.
2026-08-26 04:44:13,582 [WARNING] [MainThread] [root/weather.py:565]: Error processing weather data: Weather data is empty.. Retrying fetch in 10 seconds.
2026-08-26 04:44:23,745 [ERROR] [MainThread] [root/api.py:84]: Weather response error 403: API key has reached maximum calls per month allowed limit.
2026-08-26 04:44:23,745 [WARNING] [MainThread] [root/weather.py:565]: Error processing weather data: Weather data is empty.. Retrying fetch in 10 seconds.
2026-08-26 04:44:33,910 [ERROR] [MainThread] [root/api.py:84]: Weather response error 403: API key has reached maximum calls per month allowed limit.
2026-08-26 04:44:33,910 [WARNING] [MainThread] [root/weather.py:565]: Error processing weather data: Weather data is empty.. Retrying fetch in 10 seconds.
2026-08-26 04:44:44,077 [ERROR] [MainThread] [root/api.py:84]: Weather response error 403: API key has reached maximum calls per month allowed limit.
2026-08-26 04:44:44,078 [WARNING] [MainThread] [root/weather.py:565]: Error processing weather data: Weather data is empty.. Retrying fetch in 10 seconds.
2026-08-26 04:44:54,247 [ERROR] [MainThread] [root/api.py:84]: Weather response error 403: API key has reached maximum calls per month allowed limit.
2026-08-26 04:44:54,248 [WARNING] [MainThread] [root/weather.py:565]: Error processing weather data: Weather data is empty.. Retrying fetch in 10 seconds.
2026-08-26 04:45:04,416 [ERROR] [MainThread] [root/api.py:84]: Weather response error 403: API key has reached maximum calls per month allowed limit.
2026-08-26 04:45:04,416 [WARNING] [MainThread] [root/weather.py:565]: Error processing weather data: Weather data is empty.. Retrying fetch in 10 seconds.
2026-08-26 04:45:14,576 [ERROR] [MainThread] [root/api.py:84]: Weather response error 403: API key has reached maximum calls per month allowed limit.
2026-08-26 04:45:14,577 [WARNING] [MainThread] [root/weather.py:565]: Error processing weather data: Weather data is empty.. Retrying fetch in 10 seconds.
2026-08-26 04:45:24,748 [ERROR] [MainThread] [root/api.py:84]: Weather response error 403: API key has reached maximum calls per month allowed limit.
2026-08-26 04:45:24,748 [WARNING] [MainThread] [root/weather.py:565]: Error processing weather data: Weather data is empty.. Retrying fetch in 10 seconds.
2026-08-26 04:45:34,938 [ERROR] [MainThread] [root/api.py:84]: Weather response error 403: API key has reached maximum calls per month allowed limit.
2026-08-26 04:45:34,938 [WARNING] [MainThread] [root/weather.py:565]: Error processing weather data: Weather data is empty.. Retrying fetch in 10 seconds.
2026-08-26 04:45:45,107 [ERROR] [MainThread] [root/api.py:84]: Weather response error 403: API key has reached maximum calls per month allowed limit.
2026-08-26 04:45:45,107 [WARNING] [MainThread] [root/weather.py:565]: Error processing weather data: Weather data is empty.. Retrying fetch in 10 seconds.
2026-08-26 04:45:55,027 [ERROR] [MainThread] [root/api.py:84]: Weather response error 403: API key has reached maximum calls per month allowed limit.
2026-08-26 04:45:55,287 [ERROR] [MainThread] [root/api.py:84]: Weather response error 403: API key has reached maximum calls per month allowed limit.
2026-08-26 04:45:55,287 [WARNING] [MainThread] [root/weather.py:565]: Error processing weather data: Weather data is empty.. Retrying fetch in 10 seconds.
2026-08-26 04:46:05,599 [ERROR] [MainThread] [root/api.py:84]: Weather response error 403: API key has reached maximum calls per month allowed limit.
2026-08-26 04:46:05,599 [WARNING] [MainThread] [root/weather.py:565]: Error processing weather data: Weather data is empty.. Retrying fetch in 10 seconds.
2026-08-26 04:46:15,771 [ERROR] [MainThread] [root/api.py:84]: Weather response error 403: API key has reached maximum calls per month allowed limit.
2026-08-26 04:46:15,771 [WARNING] [MainThread] [root/weather.py:565]: Error processing weather data: Weather data is empty.. Retrying fetch in 10 seconds.
2026-08-26 04:46:25,933 [ERROR] [MainThread] [root/api.py:84]: Weather response error 403: API key has reached maximum calls per month allowed limit.
2026-08-26 04:46:25,933 [WARNING] [MainThread] [root/weather.py:565]: Error processing weather data: Weather data is empty.. Retrying fetch in 10 seconds.
2026-08-26 04:46:36,087 [ERROR] [MainThread] [root/api.py:84]: Weather response error 403: API key has reached maximum calls per month allowed limit.
2026-08-26 04:46:36,087 [WARNING] [MainThread] [root/weather.py:565]: Error processing weather data: Weather data is empty.. Retrying fetch in 10 seconds.
2026-08-26 04:46:46,261 [ERROR] [MainThread] [root/api.py:84]: Weather response error 403: API key has reached maximum calls per month allowed limit.
2026-08-26 04:46:46,261 [WARNING] [MainThread] [root/weather.py:565]: Error processing weather data: Weather data is empty.. Retrying fetch in 10 seconds.
2026-08-26 04:46:56,420 [ERROR] [MainThread] [root/api.py:84]: Weather response error 403: API key has reached maximum calls per month allowed limit.
2026-08-26 04:46:56,420 [WARNING] [MainThread] [root/weather.py:565]: Error processing weather data: Weather data is empty.. Retrying fetch in 10 seconds.
2026-08-26 04:47:06,592 [ERROR] [MainThread] [root/api.py:84]: Weather response error 403: API key has reached maximum calls per month allowed limit.
2026-08-26 04:47:06,592 [WARNING] [MainThread] [root/weather.py:565]: Error processing weather data: Weather data is empty.. Retrying fetch in 10 seconds.
2026-08-26 04:47:16,762 [ERROR] [MainThread] [root/api.py:84]: Weather response error 403: API key has reached maximum calls per month allowed limit.
2026-08-26 04:47:16,762 [WARNING] [MainThread] [root/weather.py:565]: Error processing weather data: Weather data is empty.. Retrying fetch in 10 seconds.
2026-08-26 04:47:26,920 [ERROR] [MainThread] [root/api.py:84]: Weather response error 403: API key has reached maximum calls per month allowed limit.
2026-08-26 04:47:26,920 [WARNING] [MainThread] [root/weather.py:565]: Error processing weather data: Weather data is empty.. Retrying fetch in 10 seconds.
2026-08-26 04:47:37,103 [ERROR] [MainThread] [root/api.py:84]: Weather response error 403: API key has reached maximum calls per month allowed limit.
2026-08-26 04:47:37,104 [WARNING] [MainThread] [root/weather.py:565]: Error processing weather data: Weather data is empty.. Retrying fetch in 10 seconds.
2026-08-26 04:47:47,273 [ERROR] [MainThread] [root/api.py:84]: Weather response error 403: API key has reached maximum calls per month allowed limit.
2026-08-26 04:47:47,273 [WARNING] [MainThread] [root/weather.py:565]: Error processing weather data: Weather data is empty.. Retrying fetch in 10 seconds.
2026-08-26 04:47:57,443 [ERROR] [MainThread] [root/api.py:84]: Weather response error 403: API key has reached maximum calls per month allowed limit.
2026-08-26 04:47:57,444 [WARNING] [MainThread] [root/weather.py:565]: Error processing weather data: Weather data is empty.. Retrying fetch in 10 seconds.
2026-08-26 04:48:07,616 [ERROR] [MainThread] [root/api.py:84]: Weather response error 403: API key has reached maximum calls per month allowed limit.
2026-08-26 04:48:07,616 [WARNING] [MainThread] [root/weather.py:565]: Error processing weather data: Weather data is empty.. Retrying fetch in 10 seconds.
2026-08-26 04:48:17,787 [ERROR] [MainThread] [root/api.py:84]: Weather response error 403: API key has reached maximum calls per month allowed limit.
2026-08-26 04:48:17,787 [WARNING] [MainThread] [root/weather.py:565]: Error processing weather data: Weather data is empty.. Retrying fetch in 10 seconds.
2026-08-26 04:48:27,950 [ERROR] [MainThread] [root/api.py:84]: Weather response error 403: API key has reached maximum calls per month allowed limit.
2026-08-26 04:48:27,950 [WARNING] [MainThread] [root/weather.py:565]: Error processing weather data: Weather data is empty.. Retrying fetch in 10 seconds.
2026-08-26 04:48:38,109 [ERROR] [MainThread] [root/api.py:84]: Weather response error 403: API key has reached maximum calls per month allowed limit.
2026-08-26 04:48:38,109 [WARNING] [MainThread] [root/weather.py:565]: Error processing weather data: Weather data is empty.. Retrying fetch in 10 seconds.
2026-08-26 04:48:48,277 [ERROR] [MainThread] [root/api.py:84]: Weather response error 403: API key has reached maximum calls per month allowed limit.
2026-08-26 04:48:48,277 [WARNING] [MainThread] [root/weather.py:565]: Error processing weather data: Weather data is empty.. Retrying fetch in 10 seconds.
2026-08-26 04:48:58,480 [ERROR] [MainThread] [root/api.py:84]: Weather response error 403: API key has reached maximum calls per month allowed limit.
2026-08-26 04:48:58,480 [WARNING] [MainThread] [root/weather.py:565]: Error processing weather data: Weather data is empty.. Retrying fetch in 10 seconds.
2026-08-26 04:49:08,636 [ERROR] [MainThread] [root/api.py:84]: Weather response error 403: API key has reached maximum calls per month allowed limit.
2026-08-26 04:49:08,636 [WARNING] [MainThread] [root/weather.py:565]: Error processing weather data: Weather data is empty.. Retrying fetch in 10 seconds.
2026-08-26 04:49:18,803 [ERROR] [MainThread] [root/api.py:84]: Weather response error 403: API key has reached maximum calls per month allowed limit.
2026-08-26 04:49:18,803 [WARNING] [MainThread] [root/weather.py:565]: Error processing weather data: Weather data is empty.. Retrying fetch in 10 seconds.
2026-08-26 04:49:28,972 [ERROR] [MainThread] [root/api.py:84]: Weather response error 403: API key has reached maximum calls per month allowed limit.
2026-08-26 04:49:28,973 [WARNING] [MainThread] [root/weather.py:565]: Error processing weather data: Weather data is empty.. Retrying fetch in 10 seconds.
2026-08-26 04:49:39,136 [ERROR] [MainThread] [root/api.py:84]: Weather response error 403: API key has reached maximum calls per month allowed limit.
2026-08-26 04:49:39,136 [WARNING] [MainThread] [root/weather.py:565]: Error processing weather data: Weather data is empty.. Retrying fetch in 10 seconds.
2026-08-26 04:49:49,295 [ERROR] [MainThread] [root/api.py:84]: Weather response error 403: API key has reached maximum calls per month allowed limit.
2026-08-26 04:49:49,295 [WARNING] [MainThread] [root/weather.py:565]: Error processing weather data: Weather data is empty.. Retrying fetch in 10 seconds.
2026-08-26 04:49:59,468 [ERROR] [MainThread] [root/api.py:84]: Weather response error 403: API key has reached maximum calls per month allowed limit.
2026-08-26 04:49:59,468 [WARNING] [MainThread] [root/weather.py:565]: Error processing weather data: Weather data is empty.. Retrying fetch in 10 seconds.
2026-08-26 04:50:09,646 [ERROR] [MainThread] [root/api.py:84]: Weather response error 403: API key has reached maximum calls per month allowed limit.
2026-08-26 04:50:09,646 [WARNING] [MainThread] [root/weather.py:565]: Error processing weather data: Weather data is empty.. Retrying fetch in 10 seconds.
2026-08-26 04:50:19,810 [ERROR] [MainThread] [root/api.py:84]: Weather response error 403: API key has reached maximum calls per month allowed limit.
2026-08-26 04:50:19,810 [WARNING] [MainThread] [root/weather.py:565]: Error processing weather data: Weather data is empty.. Retrying fetch in 10 seconds.
2026-08-26 04:50:29,980 [ERROR] [MainThread] [root/api.py:84]: Weather response error 403: API key has reached maximum calls per month allowed limit.
2026-08-26 04:50:29,980 [WARNING] [MainThread] [root/weather.py:565]: Error processing weather data: Weather data is empty.. Retrying fetch in 10 seconds.
2026-08-26 04:50:40,140 [ERROR] [MainThread] [root/api.py:84]: Weather response error 403: API key has reached maximum calls per month allowed limit.
2026-08-26 04:50:40,140 [WARNING] [MainThread] [root/weather.py:565]: Error processing weather data: Weather data is empty.. Retrying fetch in 10 seconds.
2026-08-26 04:50:50,307 [ERROR] [MainThread] [root/api.py:84]: Weather response error 403: API key has reached maximum calls per month allowed limit.
2026-08-26 04:50:50,307 [WARNING] [MainThread] [root/weather.py:565]: Error processing weather data: Weather data is empty.. Retrying fetch in 10 seconds.
2026-08-26 04:51:00,466 [ERROR] [MainThread] [root/api.py:84]: Weather response error 403: API key has reached maximum calls per month allowed limit.
2026-08-26 04:51:00,466 [WARNING] [MainThread] [root/weather.py:565]: Error processing weather data: Weather data is empty.. Retrying fetch in 10 seconds.
2026-08-26 04:51:10,645 [ERROR] [MainThread] [root/api.py:84]: Weather response error 403: API key has reached maximum calls per month allowed limit.
2026-08-26 04:51:10,645 [WARNING] [MainThread] [root/weather.py:565]: Error processing weather data: Weather data is empty.. Retrying fetch in 10 seconds.
2026-08-26 04:51:20,818 [ERROR] [MainThread] [root/api.py:84]: Weather response error 403: API key has reached maximum calls per month allowed limit.
2026-08-26 04:51:20,818 [WARNING] [MainThread] [root/weather.py:565]: Error processing weather data: Weather data is empty.. Retrying fetch in 10 seconds.
2026-08-26 04:51:30,987 [ERROR] [MainThread] [root/api.py:84]: Weather response error 403: API key has reached maximum calls per month allowed limit.
2026-08-26 04:51:30,987 [WARNING] [MainThread] [root/weather.py:565]: Error processing weather data: Weather data is empty.. Retrying fetch in 10 seconds.
2026-08-26 04:51:41,152 [ERROR] [MainThread] [root/api.py:84]: Weather response error 403: API key has reached maximum calls per month allowed limit.
2026-08-26 04:51:41,152 [WARNING] [MainThread] [root/weather.py:565]: Error processing weather data: Weather data is empty.. Retrying fetch in 10 seconds.
2026-08-26 04:51:51,321 [ERROR] [MainThread] [root/api.py:84]: Weather response error 403: API key has reached maximum calls per month allowed limit.
2026-08-26 04:51:51,322 [WARNING] [MainThread] [root/weather.py:565]: Error processing weather data: Weather data is empty.. Retrying fetch in 10 seconds.
2026-08-26 04:52:01,485 [ERROR] [MainThread] [root/api.py:84]: Weather response error 403: API key has reached maximum calls per month allowed limit.
2026-08-26 04:52:01,485 [WARNING] [MainThread] [root/weather.py:565]: Error processing weather data: Weather data is empty.. Retrying fetch in 10 seconds.
2026-08-26 04:52:11,669 [ERROR] [MainThread] [root/api.py:84]: Weather response error 403: API key has reached maximum calls per month allowed limit.
2026-08-26 04:52:11,669 [WARNING] [MainThread] [root/weather.py:565]: Error processing weather data: Weather data is empty.. Retrying fetch in 10 seconds.
2026-08-26 04:52:21,844 [ERROR] [MainThread] [root/api.py:84]: Weather response error 403: API key has reached maximum calls per month allowed limit.
2026-08-26 04:52:21,844 [WARNING] [MainThread] [root/weather.py:565]: Error processing weather data: Weather data is empty.. Retrying fetch in 10 seconds.
2026-08-26 04:52:32,017 [ERROR] [MainThread] [root/api.py:84]: Weather response error 403: API key has reached maximum calls per month allowed limit.
2026-08-26 04:52:32,017 [WARNING] [MainThread] [root/weather.py:565]: Error processing weather data: Weather data is empty.. Retrying fetch in 10 seconds.
2026-08-26 04:52:42,183 [ERROR] [MainThread] [root/api.py:84]: Weather response error 403: API key has reached maximum calls per month allowed limit.
2026-08-26 04:52:42,183 [WARNING] [MainThread] [root/weather.py:565]: Error processing weather data: Weather data is empty.. Retrying fetch in 10 seconds.
2026-08-26 04:52:52,346 [ERROR] [MainThread] [root/api.py:84]: Weather response error 403: API key has reached maximum calls per month allowed limit.
2026-08-26 04:52:52,347 [WARNING] [MainThread] [root/weather.py:565]: Error processing weather data: Weather data is empty.. Retrying fetch in 10 seconds.
2026-08-26 04:53:02,514 [ERROR] [MainThread] [root/api.py:84]: Weather response error 403: API key has reached maximum calls per month allowed limit.
2026-08-26 04:53:02,515 [WARNING] [MainThread] [root/weather.py:565]: Error processing weather data: Weather data is empty.. Retrying fetch in 10 seconds.
2026-08-26 04:53:12,695 [ERROR] [MainThread] [root/api.py:84]: Weather response error 403: API key has reached maximum calls per month allowed limit.
2026-08-26 04:53:12,695 [WARNING] [MainThread] [root/weather.py:565]: Error processing weather data: Weather data is empty.. Retrying fetch in 10 seconds.
2026-08-26 04:53:22,860 [ERROR] [MainThread] [root/api.py:84]: Weather response error 403: API key has reached maximum calls per month allowed limit.
2026-08-26 04:53:22,860 [WARNING] [MainThread] [root/weather.py:565]: Error processing weather data: Weather data is empty.. Retrying fetch in 10 seconds.
2026-08-26 04:53:33,036 [ERROR] [MainThread] [root/api.py:84]: Weather response error 403: API key has reached maximum calls per month allowed limit.
2026-08-26 04:53:33,036 [WARNING] [MainThread] [root/weather.py:565]: Error processing weather data: Weather data is empty.. Retrying fetch in 10 seconds.
2026-08-26 04:53:43,203 [ERROR] [MainThread] [root/api.py:84]: Weather response error 403: API key has reached maximum calls per month allowed limit.
2026-08-26 04:53:43,203 [WARNING] [MainThread] [root/weather.py:565]: Error processing weather data: Weather data is empty.. Retrying fetch in 10 seconds.
2026-08-26 04:53:53,376 [ERROR] [MainThread] [root/api.py:84]: Weather response error 403: API key has reached maximum calls per month allowed limit.
2026-08-26 04:53:53,376 [WARNING] [MainThread] [root/weather.py:565]: Error processing weather data: Weather data is empty.. Retrying fetch in 10 seconds.
2026-08-26 04:54:03,545 [ERROR] [MainThread] [root/api.py:84]: Weather response error 403: API key has reached maximum calls per month allowed limit.
2026-08-26 04:54:03,545 [WARNING] [MainThread] [root/weather.py:565]: Error processing weather data: Weather data is empty.. Retrying fetch in 10 seconds.
2026-08-26 04:54:13,714 [ERROR] [MainThread] [root/api.py:84]: Weather response error 403: API key has reached maximum calls per month allowed limit.
2026-08-26 04:54:13,714 [WARNING] [MainThread] [root/weather.py:565]: Error processing weather data: Weather data is empty.. Retrying fetch in 10 seconds.
2026-08-26 04:54:23,876 [ERROR] [MainThread] [root/api.py:84]: Weather response error 403: API key has reached maximum calls per month allowed limit.
2026-08-26 04:54:23,876 [WARNING] [MainThread] [root/weather.py:565]: Error processing weather data: Weather data is empty.. Retrying fetch in 10 seconds.
2026-08-26 04:54:34,049 [ERROR] [MainThread] [root/api.py:84]: Weather response error 403: API key has reached maximum calls per month allowed limit.
2026-08-26 04:54:34,050 [WARNING] [MainThread] [root/weather.py:565]: Error processing weather data: Weather data is empty.. Retrying fetch in 10 seconds.
2026-08-26 04:54:44,215 [ERROR] [MainThread] [root/api.py:84]: Weather response error 403: API key has reached maximum calls per month allowed limit.
2026-08-26 04:54:44,215 [WARNING] [MainThread] [root/weather.py:565]: Error processing weather data: Weather data is empty.. Retrying fetch in 10 seconds.
2026-08-26 04:54:54,377 [ERROR] [MainThread] [root/api.py:84]: Weather response error 403: API key has reached maximum calls per month allowed limit.
2026-08-26 04:54:54,377 [WARNING] [MainThread] [root/weather.py:565]: Error processing weather data: Weather data is empty.. Retrying fetch in 10 seconds.
2026-08-26 04:55:04,541 [ERROR] [MainThread] [root/api.py:84]: Weather response error 403: API key has reached maximum calls per month allowed limit.
2026-08-26 04:55:04,541 [WARNING] [MainThread] [root/weather.py:565]: Error processing weather data: Weather data is empty.. Retrying fetch in 10 seconds.
2026-08-26 04:55:14,700 [ERROR] [MainThread] [root/api.py:84]: Weather response error 403: API key has reached maximum calls per month allowed limit.
2026-08-26 04:55:14,700 [WARNING] [MainThread] [root/weather.py:565]: Error processing weather data: Weather data is empty.. Retrying fetch in 10 seconds.
2026-08-26 04:55:24,878 [ERROR] [MainThread] [root/api.py:84]: Weather response error 403: API key has reached maximum calls per month allowed limit.
2026-08-26 04:55:24,878 [WARNING] [MainThread] [root/weather.py:565]: Error processing weather data: Weather data is empty.. Retrying fetch in 10 seconds.
2026-08-26 04:55:35,047 [ERROR] [MainThread] [root/api.py:84]: Weather response error 403: API key has reached maximum calls per month allowed limit.
2026-08-26 04:55:35,047 [WARNING] [MainThread] [root/weather.py:565]: Error processing weather data: Weather data is empty.. Retrying fetch in 10 seconds.
2026-08-26 04:55:45,227 [ERROR] [MainThread] [root/api.py:84]: Weather response error 403: API key has reached maximum calls per month allowed limit.
2026-08-26 04:55:45,227 [WARNING] [MainThread] [root/weather.py:565]: Error processing weather data: Weather data is empty.. Retrying fetch in 10 seconds.
2026-08-26 04:55:55,028 [ERROR] [MainThread] [root/api.py:84]: Weather response error 403: API key has reached maximum calls per month allowed limit.
2026-08-26 04:55:55,388 [ERROR] [MainThread] [root/api.py:84]: Weather response error 403: API key has reached maximum calls per month allowed limit.
2026-08-26 04:55:55,388 [WARNING] [MainThread] [root/weather.py:565]: Error processing weather data: Weather data is empty.. Retrying fetch in 10 seconds.
2026-08-26 04:56:05,564 [ERROR] [MainThread] [root/api.py:84]: Weather response error 403: API key has reached maximum calls per month allowed limit.
2026-08-26 04:56:05,564 [WARNING] [MainThread] [root/weather.py:565]: Error processing weather data: Weather data is empty.. Retrying fetch in 10 seconds.
2026-08-26 04:56:15,738 [ERROR] [MainThread] [root/api.py:84]: Weather response error 403: API key has reached maximum calls per month allowed limit.
2026-08-26 04:56:15,738 [WARNING] [MainThread] [root/weather.py:565]: Error processing weather data: Weather data is empty.. Retrying fetch in 10 seconds.
2026-08-26 04:56:25,905 [ERROR] [MainThread] [root/api.py:84]: Weather response error 403: API key has reached maximum calls per month allowed limit.
2026-08-26 04:56:25,905 [WARNING] [MainThread] [root/weather.py:565]: Error processing weather data: Weather data is empty.. Retrying fetch in 10 seconds.
2026-08-26 04:56:36,073 [ERROR] [MainThread] [root/api.py:84]: Weather response error 403: API key has reached maximum calls per month allowed limit.
2026-08-26 04:56:36,073 [WARNING] [MainThread] [root/weather.py:565]: Error processing weather data: Weather data is empty.. Retrying fetch in 10 seconds.
2026-08-26 04:56:46,235 [ERROR] [MainThread] [root/api.py:84]: Weather response error 403: API key has reached maximum calls per month allowed limit.
2026-08-26 04:56:46,236 [WARNING] [MainThread] [root/weather.py:565]: Error processing weather data: Weather data is empty.. Retrying fetch in 10 seconds.
2026-08-26 04:56:56,415 [ERROR] [MainThread] [root/api.py:84]: Weather response error 403: API key has reached maximum calls per month allowed limit.
2026-08-26 04:56:56,415 [WARNING] [MainThread] [root/weather.py:565]: Error processing weather data: Weather data is empty.. Retrying fetch in 10 seconds.
2026-08-26 04:57:06,578 [ERROR] [MainThread] [root/api.py:84]: Weather response error 403: API key has reached maximum calls per month allowed limit.
2026-08-26 04:57:06,578 [WARNING] [MainThread] [root/weather.py:565]: Error processing weather data: Weather data is empty.. Retrying fetch in 10 seconds.
2026-08-26 04:57:16,758 [ERROR] [MainThread] [root/api.py:84]: Weather response error 403: API key has reached maximum calls per month allowed limit.
2026-08-26 04:57:16,758 [WARNING] [MainThread] [root/weather.py:565]: Error processing weather data: Weather data is empty.. Retrying fetch in 10 seconds.
2026-08-26 04:57:26,927 [ERROR] [MainThread] [root/api.py:84]: Weather response error 403: API key has reached maximum calls per month allowed limit.
2026-08-26 04:57:26,927 [WARNING] [MainThread] [root/weather.py:565]: Error processing weather data: Weather data is empty.. Retrying fetch in 10 seconds.
2026-08-26 04:57:37,093 [ERROR] [MainThread] [root/api.py:84]: Weather response error 403: API key has reached maximum calls per month allowed limit.
2026-08-26 04:57:37,093 [WARNING] [MainThread] [root/weather.py:565]: Error processing weather data: Weather data is empty.. Retrying fetch in 10 seconds.
2026-08-26 04:57:47,261 [ERROR] [MainThread] [root/api.py:84]: Weather response error 403: API key has reached maximum calls per month allowed limit.
2026-08-26 04:57:47,261 [WARNING] [MainThread] [root/weather.py:565]: Error processing weather data: Weather data is empty.. Retrying fetch in 10 seconds.
2026-08-26 04:57:57,445 [ERROR] [MainThread] [root/api.py:84]: Weather response error 403: API key has reached maximum calls per month allowed limit.
2026-08-26 04:57:57,446 [WARNING] [MainThread] [root/weather.py:565]: Error processing weather data: Weather data is empty.. Retrying fetch in 10 seconds.
2026-08-26 04:58:07,614 [ERROR] [MainThread] [root/api.py:84]: Weather response error 403: API key has reached maximum calls per month allowed limit.
2026-08-26 04:58:07,615 [WARNING] [MainThread] [root/weather.py:565]: Error processing weather data: Weather data is empty.. Retrying fetch in 10 seconds.
2026-08-26 04:58:17,776 [ERROR] [MainThread] [root/api.py:84]: Weather response error 403: API key has reached maximum calls per month allowed limit.
2026-08-26 04:58:17,776 [WARNING] [MainThread] [root/weather.py:565]: Error processing weather data: Weather data is empty.. Retrying fetch in 10 seconds.
2026-08-26 04:58:27,943 [ERROR] [MainThread] [root/api.py:84]: Weather response error 403: API key has reached maximum calls per month allowed limit.
2026-08-26 04:58:27,943 [WARNING] [MainThread] [root/weather.py:565]: Error processing weather data: Weather data is empty.. Retrying fetch in 10 seconds.
2026-08-26 04:58:38,154 [ERROR] [MainThread] [root/api.py:84]: Weather response error 403: API key has reached maximum calls per month allowed limit.
2026-08-26 04:58:38,154 [WARNING] [MainThread] [root/weather.py:565]: Error processing weather data: Weather data is empty.. Retrying fetch in 10 seconds.
2026-08-26 04:58:48,326 [ERROR] [MainThread] [root/api.py:84]: Weather response error 403: API key has reached maximum calls per month allowed limit.
2026-08-26 04:58:48,326 [WARNING] [MainThread] [root/weather.py:565]: Error processing weather data: Weather data is empty.. Retrying fetch in 10 seconds.
2026-08-26 04:58:58,508 [ERROR] [MainThread] [root/api.py:84]: Weather response error 403: API key has reached maximum calls per month allowed limit.
2026-08-26 04:58:58,508 [WARNING] [MainThread] [root/weather.py:565]: Error processing weather data: Weather data is empty.. Retrying fetch in 10 seconds.
2026-08-26 04:59:08,668 [ERROR] [MainThread] [root/api.py:84]: Weather response error 403: API key has reached maximum calls per month allowed limit.
2026-08-26 04:59:08,668 [WARNING] [MainThread] [root/weather.py:565]: Error processing weather data: Weather data is empty.. Retrying fetch in 10 seconds.
2026-08-26 04:59:18,825 [ERROR] [MainThread] [root/api.py:84]: Weather response error 403: API key has reached maximum calls per month allowed limit.
2026-08-26 04:59:18,825 [WARNING] [MainThread] [root/weather.py:565]: Error processing weather data: Weather data is empty.. Retrying fetch in 10 seconds.
2026-08-26 04:59:29,004 [ERROR] [MainThread] [root/api.py:84]: Weather response error 403: API key has reached maximum calls per month allowed limit.
2026-08-26 04:59:29,004 [WARNING] [MainThread] [root/weather.py:565]: Error processing weather data: Weather data is empty.. Retrying fetch in 10 seconds.
2026-08-26 04:59:39,170 [ERROR] [MainThread] [root/api.py:84]: Weather response error 403: API key has reached maximum calls per month allowed limit.
2026-08-26 04:59:39,170 [WARNING] [MainThread] [root/weather.py:565]: Error processing weather data: Weather data is empty.. Retrying fetch in 10 seconds.
2026-08-26 04:59:49,347 [ERROR] [MainThread] [root/api.py:84]: Weather response error 403: API key has reached maximum calls per month allowed limit.
2026-08-26 04:59:49,347 [WARNING] [MainThread] [root/weather.py:565]: Error processing weather data: Weather data is empty.. Retrying fetch in 10 seconds.
2026-08-26 04:59:59,519 [ERROR] [MainThread] [root/api.py:84]: Weather response error 403: API key has reached maximum calls per month allowed limit.
2026-08-26 04:59:59,519 [WARNING] [MainThread] [root/weather.py:565]: Error processing weather data: Weather data is empty.. Retrying fetch in 10 seconds.
2026-08-26 05:00:09,691 [ERROR] [MainThread] [root/api.py:84]: Weather response error 403: API key has reached maximum calls per month allowed limit.
2026-08-26 05:00:09,691 [WARNING] [MainThread] [root/weather.py:565]: Error processing weather data: Weather data is empty.. Retrying fetch in 10 seconds.
2026-08-26 05:00:19,861 [ERROR] [MainThread] [root/api.py:84]: Weather response error 403: API key has reached maximum calls per month allowed limit.
2026-08-26 05:00:19,861 [WARNING] [MainThread] [root/weather.py:565]: Error processing weather data: Weather data is empty.. Retrying fetch in 10 seconds.
2026-08-26 05:00:30,033 [ERROR] [MainThread] [root/api.py:84]: Weather response error 403: API key has reached maximum calls per month allowed limit.
2026-08-26 05:00:30,033 [WARNING] [MainThread] [root/weather.py:565]: Error processing weather data: Weather data is empty.. Retrying fetch in 10 seconds.
2026-08-26 05:00:40,206 [ERROR] [MainThread] [root/api.py:84]: Weather response error 403: API key has reached maximum calls per month allowed limit.
2026-08-26 05:00:40,206 [WARNING] [MainThread] [root/weather.py:565]: Error processing weather data: Weather data is empty.. Retrying fetch in 10 seconds.
2026-08-26 05:00:50,374 [ERROR] [MainThread] [root/api.py:84]: Weather response error 403: API key has reached maximum calls per month allowed limit.
2026-08-26 05:00:50,374 [WARNING] [MainThread] [root/weather.py:565]: Error processing weather data: Weather data is empty.. Retrying fetch in 10 seconds.
2026-08-26 05:01:00,552 [ERROR] [MainThread] [root/api.py:84]: Weather response error 403: API key has reached maximum calls per month allowed limit.
2026-08-26 05:01:00,552 [WARNING] [MainThread] [root/weather.py:565]: Error processing weather data: Weather data is empty.. Retrying fetch in 10 seconds.
2026-08-26 05:01:10,716 [ERROR] [MainThread] [root/api.py:84]: Weather response error 403: API key has reached maximum calls per month allowed limit.
2026-08-26 05:01:10,716 [WARNING] [MainThread] [root/weather.py:565]: Error processing weather data: Weather data is empty.. Retrying fetch in 10 seconds.
2026-08-26 05:01:20,888 [ERROR] [MainThread] [root/api.py:84]: Weather response error 403: API key has reached maximum calls per month allowed limit.
2026-08-26 05:01:20,888 [WARNING] [MainThread] [root/weather.py:565]: Error processing weather data: Weather data is empty.. Retrying fetch in 10 seconds.
2026-08-26 05:01:31,069 [ERROR] [MainThread] [root/api.py:84]: Weather response error 403: API key has reached maximum calls per month allowed limit.
2026-08-26 05:01:31,069 [WARNING] [MainThread] [root/weather.py:565]: Error processing weather data: Weather data is empty.. Retrying fetch in 10 seconds.
2026-08-26 05:01:41,230 [ERROR] [MainThread] [root/api.py:84]: Weather response error 403: API key has reached maximum calls per month allowed limit.
2026-08-26 05:01:41,230 [WARNING] [MainThread] [root/weather.py:565]: Error processing weather data: Weather data is empty.. Retrying fetch in 10 seconds.
2026-08-26 05:01:51,388 [ERROR] [MainThread] [root/api.py:84]: Weather response error 403: API key has reached maximum calls per month allowed limit.
2026-08-26 05:01:51,388 [WARNING] [MainThread] [root/weather.py:565]: Error processing weather data: Weather data is empty.. Retrying fetch in 10 seconds.
2026-08-26 05:02:01,559 [ERROR] [MainThread] [root/api.py:84]: Weather response error 403: API key has reached maximum calls per month allowed limit.
2026-08-26 05:02:01,559 [WARNING] [MainThread] [root/weather.py:565]: Error processing weather data: Weather data is empty.. Retrying fetch in 10 seconds.
2026-08-26 05:02:11,718 [ERROR] [MainThread] [root/api.py:84]: Weather response error 403: API key has reached maximum calls per month allowed limit.
2026-08-26 05:02:11,719 [WARNING] [MainThread] [root/weather.py:565]: Error processing weather data: Weather data is empty.. Retrying fetch in 10 seconds.
2026-08-26 05:02:21,886 [ERROR] [MainThread] [root/api.py:84]: Weather response error 403: API key has reached maximum calls per month allowed limit.
2026-08-26 05:02:21,886 [WARNING] [MainThread] [root/weather.py:565]: Error processing weather data: Weather data is empty.. Retrying fetch in 10 seconds.
2026-08-26 05:02:32,046 [ERROR] [MainThread] [root/api.py:84]: Weather response error 403: API key has reached maximum calls per month allowed limit.
2026-08-26 05:02:32,046 [WARNING] [MainThread] [root/weather.py:565]: Error processing weather data: Weather data is empty.. Retrying fetch in 10 seconds.
2026-08-26 05:02:42,219 [ERROR] [MainThread] [root/api.py:84]: Weather response error 403: API key has reached maximum calls per month allowed limit.
2026-08-26 05:02:42,219 [WARNING] [MainThread] [root/weather.py:565]: Error processing weather data: Weather data is empty.. Retrying fetch in 10 seconds.
2026-08-26 05:02:52,387 [ERROR] [MainThread] [root/api.py:84]: Weather response error 403: API key has reached maximum calls per month allowed limit.
2026-08-26 05:02:52,388 [WARNING] [MainThread] [root/weather.py:565]: Error processing weather data: Weather data is empty.. Retrying fetch in 10 seconds.
2026-08-26 05:03:02,577 [ERROR] [MainThread] [root/api.py:84]: Weather response error 403: API key has reached maximum calls per month allowed limit.
2026-08-26 05:03:02,577 [WARNING] [MainThread] [root/weather.py:565]: Error processing weather data: Weather data is empty.. Retrying fetch in 10 seconds.
2026-08-26 06:20:24,383 [INFO] [MainThread] [root/log.py:104]: YASB v2.0.6
2026-08-26 06:20:24,384 [INFO] [CLIPipeServer] [cli_server/cli_server.py:216]: CLI server started v1.1.7
2026-08-26 06:20:24,384 [INFO] [MainThread] [cli_server/cli_server.py:106]: Log pipe server started
2026-08-26 06:20:24,868 [INFO] [SystrayHook] [systray_hook/systray_hook.py:193]: Injecting into Explorer (PID: 4704)
2026-08-26 06:20:24,949 [WARNING] [MainThread] [deprecation/deprecation.py:146]: [DEPRECATED] BrightnessConfig: 'hide_unsupported' - No longer supported and can be removed from the config.
2026-08-26 06:20:24,950 [INFO] [MainThread] [root/service.py:225]: BrightnessService started with 1 monitors
2026-08-26 06:20:24,973 [INFO] [MainThread] [root/service.py:52]: AudioOutputService starting...
2026-08-26 06:20:25,052 [INFO] [MainThread] [root/bar_manager.py:238]: Starting HotkeyListener...
2026-08-26 06:20:25,052 [INFO] [MainThread] [root/bar_manager.py:103]: Starting KomorebiEventListener...
2026-08-26 06:20:25,053 [INFO] [MainThread] [root/bar_manager.py:103]: Starting SystemEventListener...
2026-08-26 06:20:25,054 [INFO] [MainThread] [root/watcher.py:65]: Watching directory: c:\users\gojia\.config\yasb
2026-08-26 06:20:25,054 [INFO] [MainThread] [root/watcher.py:104]: Created file watcher
2026-08-26 06:20:25,054 [INFO] [Dummy-14] [root/event_listener.py:54]: Created named pipe yasb-67c91d97-a0c2-11f1-af72-c424d5661522
2026-08-26 06:20:25,078 [INFO] [MainThread] [root/update_service.py:434]: Background update checker started
2026-08-26 06:20:25,135 [INFO] [Dummy-14] [root/event_listener.py:147]: Komorebi connected to named pipe: yasb-67c91d97-a0c2-11f1-af72-c424d5661522
2026-08-26 06:20:25,569 [ERROR] [MainThread] [root/api.py:84]: Weather response error 403: API key has reached maximum calls per month allowed limit.
2026-08-26 06:20:25,569 [WARNING] [MainThread] [root/weather.py:565]: Error processing weather data: Weather data is empty.. Retrying fetch in 10 seconds.
2026-08-26 06:20:35,740 [ERROR] [MainThread] [root/api.py:84]: Weather response error 403: API key has reached maximum calls per month allowed limit.
2026-08-26 06:20:35,740 [WARNING] [MainThread] [root/weather.py:565]: Error processing weather data: Weather data is empty.. Retrying fetch in 10 seconds.
2026-08-26 06:20:45,901 [ERROR] [MainThread] [root/api.py:84]: Weather response error 403: API key has reached maximum calls per month allowed limit.
2026-08-26 06:20:45,901 [WARNING] [MainThread] [root/weather.py:565]: Error processing weather data: Weather data is empty.. Retrying fetch in 10 seconds.
2026-08-26 06:20:56,057 [ERROR] [MainThread] [root/api.py:84]: Weather response error 403: API key has reached maximum calls per month allowed limit.
2026-08-26 06:20:56,057 [WARNING] [MainThread] [root/weather.py:565]: Error processing weather data: Weather data is empty.. Retrying fetch in 10 seconds.
2026-08-26 06:21:06,217 [ERROR] [MainThread] [root/api.py:84]: Weather response error 403: API key has reached maximum calls per month allowed limit.
2026-08-26 06:21:06,217 [WARNING] [MainThread] [root/weather.py:565]: Error processing weather data: Weather data is empty.. Retrying fetch in 10 seconds.
2026-08-26 06:21:16,389 [ERROR] [MainThread] [root/api.py:84]: Weather response error 403: API key has reached maximum calls per month allowed limit.
2026-08-26 06:21:16,389 [WARNING] [MainThread] [root/weather.py:565]: Error processing weather data: Weather data is empty.. Retrying fetch in 10 seconds.
2026-08-26 06:21:26,570 [ERROR] [MainThread] [root/api.py:84]: Weather response error 403: API key has reached maximum calls per month allowed limit.
2026-08-26 06:21:26,570 [WARNING] [MainThread] [root/weather.py:565]: Error processing weather data: Weather data is empty.. Retrying fetch in 10 seconds.
2026-08-26 06:21:36,740 [ERROR] [MainThread] [root/api.py:84]: Weather response error 403: API key has reached maximum calls per month allowed limit.
2026-08-26 06:21:36,740 [WARNING] [MainThread] [root/weather.py:565]: Error processing weather data: Weather data is empty.. Retrying fetch in 10 seconds.
2026-08-26 06:21:46,907 [ERROR] [MainThread] [root/api.py:84]: Weather response error 403: API key has reached maximum calls per month allowed limit.
2026-08-26 06:21:46,907 [WARNING] [MainThread] [root/weather.py:565]: Error processing weather data: Weather data is empty.. Retrying fetch in 10 seconds.
2026-08-26 06:21:57,081 [ERROR] [MainThread] [root/api.py:84]: Weather response error 403: API key has reached maximum calls per month allowed limit.
2026-08-26 06:21:57,081 [WARNING] [MainThread] [root/weather.py:565]: Error processing weather data: Weather data is empty.. Retrying fetch in 10 seconds.
2026-08-26 06:22:07,257 [ERROR] [MainThread] [root/api.py:84]: Weather response error 403: API key has reached maximum calls per month allowed limit.
2026-08-26 06:22:07,257 [WARNING] [MainThread] [root/weather.py:565]: Error processing weather data: Weather data is empty.. Retrying fetch in 10 seconds.
2026-08-26 06:22:17,429 [ERROR] [MainThread] [root/api.py:84]: Weather response error 403: API key has reached maximum calls per month allowed limit.
2026-08-26 06:22:17,429 [WARNING] [MainThread] [root/weather.py:565]: Error processing weather data: Weather data is empty.. Retrying fetch in 10 seconds.
2026-08-26 06:22:27,599 [ERROR] [MainThread] [root/api.py:84]: Weather response error 403: API key has reached maximum calls per month allowed limit.
2026-08-26 06:22:27,599 [WARNING] [MainThread] [root/weather.py:565]: Error processing weather data: Weather data is empty.. Retrying fetch in 10 seconds.
2026-08-26 06:22:37,778 [ERROR] [MainThread] [root/api.py:84]: Weather response error 403: API key has reached maximum calls per month allowed limit.
2026-08-26 06:22:37,778 [WARNING] [MainThread] [root/weather.py:565]: Error processing weather data: Weather data is empty.. Retrying fetch in 10 seconds.
2026-08-26 06:22:47,955 [ERROR] [MainThread] [root/api.py:84]: Weather response error 403: API key has reached maximum calls per month allowed limit.
2026-08-26 06:22:47,955 [WARNING] [MainThread] [root/weather.py:565]: Error processing weather data: Weather data is empty.. Retrying fetch in 10 seconds.
2026-08-26 06:22:58,132 [ERROR] [MainThread] [root/api.py:84]: Weather response error 403: API key has reached maximum calls per month allowed limit.
2026-08-26 06:22:58,132 [WARNING] [MainThread] [root/weather.py:565]: Error processing weather data: Weather data is empty.. Retrying fetch in 10 seconds.
2026-08-26 06:23:08,352 [ERROR] [MainThread] [root/api.py:84]: Weather response error 403: API key has reached maximum calls per month allowed limit.
2026-08-26 06:23:08,352 [WARNING] [MainThread] [root/weather.py:565]: Error processing weather data: Weather data is empty.. Retrying fetch in 10 seconds.
2026-08-26 06:23:18,508 [ERROR] [MainThread] [root/api.py:84]: Weather response error 403: API key has reached maximum calls per month allowed limit.
2026-08-26 06:23:18,508 [WARNING] [MainThread] [root/weather.py:565]: Error processing weather data: Weather data is empty.. Retrying fetch in 10 seconds.
2026-08-26 06:23:28,676 [ERROR] [MainThread] [root/api.py:84]: Weather response error 403: API key has reached maximum calls per month allowed limit.
2026-08-26 06:23:28,676 [WARNING] [MainThread] [root/weather.py:565]: Error processing weather data: Weather data is empty.. Retrying fetch in 10 seconds.
2026-08-26 06:23:38,845 [ERROR] [MainThread] [root/api.py:84]: Weather response error 403: API key has reached maximum calls per month allowed limit.
2026-08-26 06:23:38,845 [WARNING] [MainThread] [root/weather.py:565]: Error processing weather data: Weather data is empty.. Retrying fetch in 10 seconds.
2026-08-26 06:23:49,011 [ERROR] [MainThread] [root/api.py:84]: Weather response error 403: API key has reached maximum calls per month allowed limit.
2026-08-26 06:23:49,011 [WARNING] [MainThread] [root/weather.py:565]: Error processing weather data: Weather data is empty.. Retrying fetch in 10 seconds.
2026-08-26 06:23:59,189 [ERROR] [MainThread] [root/api.py:84]: Weather response error 403: API key has reached maximum calls per month allowed limit.
2026-08-26 06:23:59,190 [WARNING] [MainThread] [root/weather.py:565]: Error processing weather data: Weather data is empty.. Retrying fetch in 10 seconds.
2026-08-26 06:24:09,363 [ERROR] [MainThread] [root/api.py:84]: Weather response error 403: API key has reached maximum calls per month allowed limit.
2026-08-26 06:24:09,364 [WARNING] [MainThread] [root/weather.py:565]: Error processing weather data: Weather data is empty.. Retrying fetch in 10 seconds.
2026-08-26 06:24:19,529 [ERROR] [MainThread] [root/api.py:84]: Weather response error 403: API key has reached maximum calls per month allowed limit.
2026-08-26 06:24:19,529 [WARNING] [MainThread] [root/weather.py:565]: Error processing weather data: Weather data is empty.. Retrying fetch in 10 seconds.
2026-08-26 06:24:29,697 [ERROR] [MainThread] [root/api.py:84]: Weather response error 403: API key has reached maximum calls per month allowed limit.
2026-08-26 06:24:29,698 [WARNING] [MainThread] [root/weather.py:565]: Error processing weather data: Weather data is empty.. Retrying fetch in 10 seconds.
2026-08-26 06:24:39,860 [ERROR] [MainThread] [root/api.py:84]: Weather response error 403: API key has reached maximum calls per month allowed limit.
2026-08-26 06:24:39,860 [WARNING] [MainThread] [root/weather.py:565]: Error processing weather data: Weather data is empty.. Retrying fetch in 10 seconds.
2026-08-26 06:24:50,031 [ERROR] [MainThread] [root/api.py:84]: Weather response error 403: API key has reached maximum calls per month allowed limit.
2026-08-26 06:24:50,032 [WARNING] [MainThread] [root/weather.py:565]: Error processing weather data: Weather data is empty.. Retrying fetch in 10 seconds.
2026-08-26 06:25:00,203 [ERROR] [MainThread] [root/api.py:84]: Weather response error 403: API key has reached maximum calls per month allowed limit.
2026-08-26 06:25:00,203 [WARNING] [MainThread] [root/weather.py:565]: Error processing weather data: Weather data is empty.. Retrying fetch in 10 seconds.
2026-08-26 06:25:10,376 [ERROR] [MainThread] [root/api.py:84]: Weather response error 403: API key has reached maximum calls per month allowed limit.
2026-08-26 06:25:10,377 [WARNING] [MainThread] [root/weather.py:565]: Error processing weather data: Weather data is empty.. Retrying fetch in 10 seconds.
2026-08-26 06:25:20,546 [ERROR] [MainThread] [root/api.py:84]: Weather response error 403: API key has reached maximum calls per month allowed limit.
2026-08-26 06:25:20,546 [WARNING] [MainThread] [root/weather.py:565]: Error processing weather data: Weather data is empty.. Retrying fetch in 10 seconds.
2026-08-26 06:25:30,721 [ERROR] [MainThread] [root/api.py:84]: Weather response error 403: API key has reached maximum calls per month allowed limit.
2026-08-26 06:25:30,721 [WARNING] [MainThread] [root/weather.py:565]: Error processing weather data: Weather data is empty.. Retrying fetch in 10 seconds.
2026-08-26 06:25:40,899 [ERROR] [MainThread] [root/api.py:84]: Weather response error 403: API key has reached maximum calls per month allowed limit.
2026-08-26 06:25:40,899 [WARNING] [MainThread] [root/weather.py:565]: Error processing weather data: Weather data is empty.. Retrying fetch in 10 seconds.
2026-08-26 06:25:51,065 [ERROR] [MainThread] [root/api.py:84]: Weather response error 403: API key has reached maximum calls per month allowed limit.
2026-08-26 06:25:51,065 [WARNING] [MainThread] [root/weather.py:565]: Error processing weather data: Weather data is empty.. Retrying fetch in 10 seconds.
2026-08-26 06:26:01,240 [ERROR] [MainThread] [root/api.py:84]: Weather response error 403: API key has reached maximum calls per month allowed limit.
2026-08-26 06:26:01,240 [WARNING] [MainThread] [root/weather.py:565]: Error processing weather data: Weather data is empty.. Retrying fetch in 10 seconds.
2026-08-26 06:26:11,404 [ERROR] [MainThread] [root/api.py:84]: Weather response error 403: API key has reached maximum calls per month allowed limit.
2026-08-26 06:26:11,404 [WARNING] [MainThread] [root/weather.py:565]: Error processing weather data: Weather data is empty.. Retrying fetch in 10 seconds.
2026-08-26 06:26:21,587 [ERROR] [MainThread] [root/api.py:84]: Weather response error 403: API key has reached maximum calls per month allowed limit.
2026-08-26 06:26:21,587 [WARNING] [MainThread] [root/weather.py:565]: Error processing weather data: Weather data is empty.. Retrying fetch in 10 seconds.
2026-08-26 06:26:31,745 [ERROR] [MainThread] [root/api.py:84]: Weather response error 403: API key has reached maximum calls per month allowed limit.
2026-08-26 06:26:31,745 [WARNING] [MainThread] [root/weather.py:565]: Error processing weather data: Weather data is empty.. Retrying fetch in 10 seconds.
2026-08-26 06:26:41,908 [ERROR] [MainThread] [root/api.py:84]: Weather response error 403: API key has reached maximum calls per month allowed limit.
2026-08-26 06:26:41,908 [WARNING] [MainThread] [root/weather.py:565]: Error processing weather data: Weather data is empty.. Retrying fetch in 10 seconds.
2026-08-26 06:26:52,142 [ERROR] [MainThread] [root/api.py:84]: Weather response error 403: API key has reached maximum calls per month allowed limit.
2026-08-26 06:26:52,142 [WARNING] [MainThread] [root/weather.py:565]: Error processing weather data: Weather data is empty.. Retrying fetch in 10 seconds.
2026-08-26 06:27:02,315 [ERROR] [MainThread] [root/api.py:84]: Weather response error 403: API key has reached maximum calls per month allowed limit.
2026-08-26 06:27:02,316 [WARNING] [MainThread] [root/weather.py:565]: Error processing weather data: Weather data is empty.. Retrying fetch in 10 seconds.
2026-08-26 06:27:12,488 [ERROR] [MainThread] [root/api.py:84]: Weather response error 403: API key has reached maximum calls per month allowed limit.
2026-08-26 06:27:12,488 [WARNING] [MainThread] [root/weather.py:565]: Error processing weather data: Weather data is empty.. Retrying fetch in 10 seconds.
2026-08-26 06:27:22,786 [ERROR] [MainThread] [root/api.py:84]: Weather response error 403: API key has reached maximum calls per month allowed limit.
2026-08-26 06:27:22,786 [WARNING] [MainThread] [root/weather.py:565]: Error processing weather data: Weather data is empty.. Retrying fetch in 10 seconds.
2026-08-26 06:27:32,946 [ERROR] [MainThread] [root/api.py:84]: Weather response error 403: API key has reached maximum calls per month allowed limit.
2026-08-26 06:27:32,946 [WARNING] [MainThread] [root/weather.py:565]: Error processing weather data: Weather data is empty.. Retrying fetch in 10 seconds.
2026-08-26 06:27:43,113 [ERROR] [MainThread] [root/api.py:84]: Weather response error 403: API key has reached maximum calls per month allowed limit.
2026-08-26 06:27:43,113 [WARNING] [MainThread] [root/weather.py:565]: Error processing weather data: Weather data is empty.. Retrying fetch in 10 seconds.
2026-08-26 06:27:53,283 [ERROR] [MainThread] [root/api.py:84]: Weather response error 403: API key has reached maximum calls per month allowed limit.
2026-08-26 06:27:53,283 [WARNING] [MainThread] [root/weather.py:565]: Error processing weather data: Weather data is empty.. Retrying fetch in 10 seconds.
2026-08-26 06:28:03,491 [ERROR] [MainThread] [root/api.py:84]: Weather response error 403: API key has reached maximum calls per month allowed limit.
2026-08-26 06:28:03,491 [WARNING] [MainThread] [root/weather.py:565]: Error processing weather data: Weather data is empty.. Retrying fetch in 10 seconds.
2026-08-26 06:28:13,661 [ERROR] [MainThread] [root/api.py:84]: Weather response error 403: API key has reached maximum calls per month allowed limit.
2026-08-26 06:28:13,661 [WARNING] [MainThread] [root/weather.py:565]: Error processing weather data: Weather data is empty.. Retrying fetch in 10 seconds.
2026-08-26 06:28:23,837 [ERROR] [MainThread] [root/api.py:84]: Weather response error 403: API key has reached maximum calls per month allowed limit.
2026-08-26 06:28:23,838 [WARNING] [MainThread] [root/weather.py:565]: Error processing weather data: Weather data is empty.. Retrying fetch in 10 seconds.
2026-08-26 06:28:34,008 [ERROR] [MainThread] [root/api.py:84]: Weather response error 403: API key has reached maximum calls per month allowed limit.
2026-08-26 06:28:34,008 [WARNING] [MainThread] [root/weather.py:565]: Error processing weather data: Weather data is empty.. Retrying fetch in 10 seconds.
2026-08-26 06:28:44,165 [ERROR] [MainThread] [root/api.py:84]: Weather response error 403: API key has reached maximum calls per month allowed limit.
2026-08-26 06:28:44,165 [WARNING] [MainThread] [root/weather.py:565]: Error processing weather data: Weather data is empty.. Retrying fetch in 10 seconds.
2026-08-26 06:28:54,337 [ERROR] [MainThread] [root/api.py:84]: Weather response error 403: API key has reached maximum calls per month allowed limit.
2026-08-26 06:28:54,337 [WARNING] [MainThread] [root/weather.py:565]: Error processing weather data: Weather data is empty.. Retrying fetch in 10 seconds.
2026-08-26 06:29:04,507 [ERROR] [MainThread] [root/api.py:84]: Weather response error 403: API key has reached maximum calls per month allowed limit.
2026-08-26 06:29:04,508 [WARNING] [MainThread] [root/weather.py:565]: Error processing weather data: Weather data is empty.. Retrying fetch in 10 seconds.
2026-08-26 06:29:14,679 [ERROR] [MainThread] [root/api.py:84]: Weather response error 403: API key has reached maximum calls per month allowed limit.
2026-08-26 06:29:14,679 [WARNING] [MainThread] [root/weather.py:565]: Error processing weather data: Weather data is empty.. Retrying fetch in 10 seconds.
2026-08-26 06:29:24,850 [ERROR] [MainThread] [root/api.py:84]: Weather response error 403: API key has reached maximum calls per month allowed limit.
2026-08-26 06:29:24,850 [WARNING] [MainThread] [root/weather.py:565]: Error processing weather data: Weather data is empty.. Retrying fetch in 10 seconds.
2026-08-26 06:29:35,016 [ERROR] [MainThread] [root/api.py:84]: Weather response error 403: API key has reached maximum calls per month allowed limit.
2026-08-26 06:29:35,016 [WARNING] [MainThread] [root/weather.py:565]: Error processing weather data: Weather data is empty.. Retrying fetch in 10 seconds.
2026-08-26 06:29:45,203 [ERROR] [MainThread] [root/api.py:84]: Weather response error 403: API key has reached maximum calls per month allowed limit.
2026-08-26 06:29:45,203 [WARNING] [MainThread] [root/weather.py:565]: Error processing weather data: Weather data is empty.. Retrying fetch in 10 seconds.
2026-08-26 06:29:55,372 [ERROR] [MainThread] [root/api.py:84]: Weather response error 403: API key has reached maximum calls per month allowed limit.
2026-08-26 06:29:55,372 [WARNING] [MainThread] [root/weather.py:565]: Error processing weather data: Weather data is empty.. Retrying fetch in 10 seconds.
2026-08-26 06:30:05,541 [ERROR] [MainThread] [root/api.py:84]: Weather response error 403: API key has reached maximum calls per month allowed limit.
2026-08-26 06:30:05,541 [WARNING] [MainThread] [root/weather.py:565]: Error processing weather data: Weather data is empty.. Retrying fetch in 10 seconds.
2026-08-26 06:30:15,699 [ERROR] [MainThread] [root/api.py:84]: Weather response error 403: API key has reached maximum calls per month allowed limit.
2026-08-26 06:30:15,699 [WARNING] [MainThread] [root/weather.py:565]: Error processing weather data: Weather data is empty.. Retrying fetch in 10 seconds.
2026-08-26 06:30:24,689 [ERROR] [MainThread] [root/api.py:84]: Weather response error 403: API key has reached maximum calls per month allowed limit.
2026-08-26 06:30:25,871 [ERROR] [MainThread] [root/api.py:84]: Weather response error 403: API key has reached maximum calls per month allowed limit.
2026-08-26 06:30:25,871 [WARNING] [MainThread] [root/weather.py:565]: Error processing weather data: Weather data is empty.. Retrying fetch in 10 seconds.
2026-08-26 06:30:36,047 [ERROR] [MainThread] [root/api.py:84]: Weather response error 403: API key has reached maximum calls per month allowed limit.
2026-08-26 06:30:36,047 [WARNING] [MainThread] [root/weather.py:565]: Error processing weather data: Weather data is empty.. Retrying fetch in 10 seconds.
2026-08-26 06:30:46,224 [ERROR] [MainThread] [root/api.py:84]: Weather response error 403: API key has reached maximum calls per month allowed limit.
2026-08-26 06:30:46,224 [WARNING] [MainThread] [root/weather.py:565]: Error processing weather data: Weather data is empty.. Retrying fetch in 10 seconds.
2026-08-26 06:30:56,404 [ERROR] [MainThread] [root/api.py:84]: Weather response error 403: API key has reached maximum calls per month allowed limit.
2026-08-26 06:30:56,404 [WARNING] [MainThread] [root/weather.py:565]: Error processing weather data: Weather data is empty.. Retrying fetch in 10 seconds.
2026-08-26 06:31:06,585 [ERROR] [MainThread] [root/api.py:84]: Weather response error 403: API key has reached maximum calls per month allowed limit.
2026-08-26 06:31:06,585 [WARNING] [MainThread] [root/weather.py:565]: Error processing weather data: Weather data is empty.. Retrying fetch in 10 seconds.
2026-08-26 06:31:20,900 [ERROR] [MainThread] [root/api.py:84]: Weather response error 403: API key has reached maximum calls per month allowed limit.
2026-08-26 06:31:20,900 [WARNING] [MainThread] [root/weather.py:565]: Error processing weather data: Weather data is empty.. Retrying fetch in 10 seconds.
2026-08-26 06:31:31,061 [ERROR] [MainThread] [root/api.py:84]: Weather response error 403: API key has reached maximum calls per month allowed limit.
2026-08-26 06:31:31,061 [WARNING] [MainThread] [root/weather.py:565]: Error processing weather data: Weather data is empty.. Retrying fetch in 10 seconds.
2026-08-26 06:31:41,263 [ERROR] [MainThread] [root/api.py:84]: Weather response error 403: API key has reached maximum calls per month allowed limit.
2026-08-26 06:31:41,263 [WARNING] [MainThread] [root/weather.py:565]: Error processing weather data: Weather data is empty.. Retrying fetch in 10 seconds.
2026-08-26 06:31:51,437 [ERROR] [MainThread] [root/api.py:84]: Weather response error 403: API key has reached maximum calls per month allowed limit.
2026-08-26 06:31:51,437 [WARNING] [MainThread] [root/weather.py:565]: Error processing weather data: Weather data is empty.. Retrying fetch in 10 seconds.
2026-08-26 06:32:01,603 [ERROR] [MainThread] [root/api.py:84]: Weather response error 403: API key has reached maximum calls per month allowed limit.
2026-08-26 06:32:01,603 [WARNING] [MainThread] [root/weather.py:565]: Error processing weather data: Weather data is empty.. Retrying fetch in 10 seconds.
2026-08-26 06:32:11,762 [ERROR] [MainThread] [root/api.py:84]: Weather response error 403: API key has reached maximum calls per month allowed limit.
2026-08-26 06:32:11,762 [WARNING] [MainThread] [root/weather.py:565]: Error processing weather data: Weather data is empty.. Retrying fetch in 10 seconds.
2026-08-26 06:32:21,939 [ERROR] [MainThread] [root/api.py:84]: Weather response error 403: API key has reached maximum calls per month allowed limit.
2026-08-26 06:32:21,939 [WARNING] [MainThread] [root/weather.py:565]: Error processing weather data: Weather data is empty.. Retrying fetch in 10 seconds.
2026-08-26 06:32:32,109 [ERROR] [MainThread] [root/api.py:84]: Weather response error 403: API key has reached maximum calls per month allowed limit.
2026-08-26 06:32:32,109 [WARNING] [MainThread] [root/weather.py:565]: Error processing weather data: Weather data is empty.. Retrying fetch in 10 seconds.
2026-08-26 06:32:42,288 [ERROR] [MainThread] [root/api.py:84]: Weather response error 403: API key has reached maximum calls per month allowed limit.
2026-08-26 06:32:42,288 [WARNING] [MainThread] [root/weather.py:565]: Error processing weather data: Weather data is empty.. Retrying fetch in 10 seconds.
2026-08-26 06:32:52,457 [ERROR] [MainThread] [root/api.py:84]: Weather response error 403: API key has reached maximum calls per month allowed limit.
2026-08-26 06:32:52,457 [WARNING] [MainThread] [root/weather.py:565]: Error processing weather data: Weather data is empty.. Retrying fetch in 10 seconds.
2026-08-26 06:33:02,624 [ERROR] [MainThread] [root/api.py:84]: Weather response error 403: API key has reached maximum calls per month allowed limit.
2026-08-26 06:33:02,624 [WARNING] [MainThread] [root/weather.py:565]: Error processing weather data: Weather data is empty.. Retrying fetch in 10 seconds.
2026-08-26 06:33:12,806 [ERROR] [MainThread] [root/api.py:84]: Weather response error 403: API key has reached maximum calls per month allowed limit.
2026-08-26 06:33:12,806 [WARNING] [MainThread] [root/weather.py:565]: Error processing weather data: Weather data is empty.. Retrying fetch in 10 seconds.
2026-08-26 06:33:22,974 [ERROR] [MainThread] [root/api.py:84]: Weather response error 403: API key has reached maximum calls per month allowed limit.
2026-08-26 06:33:22,974 [WARNING] [MainThread] [root/weather.py:565]: Error processing weather data: Weather data is empty.. Retrying fetch in 10 seconds.
2026-08-26 06:33:33,153 [ERROR] [MainThread] [root/api.py:84]: Weather response error 403: API key has reached maximum calls per month allowed limit.
2026-08-26 06:33:33,153 [WARNING] [MainThread] [root/weather.py:565]: Error processing weather data: Weather data is empty.. Retrying fetch in 10 seconds.
2026-08-26 06:33:43,321 [ERROR] [MainThread] [root/api.py:84]: Weather response error 403: API key has reached maximum calls per month allowed limit.
2026-08-26 06:33:43,321 [WARNING] [MainThread] [root/weather.py:565]: Error processing weather data: Weather data is empty.. Retrying fetch in 10 seconds.
2026-08-26 06:33:53,519 [ERROR] [MainThread] [root/api.py:84]: Weather response error 403: API key has reached maximum calls per month allowed limit.
2026-08-26 06:33:53,519 [WARNING] [MainThread] [root/weather.py:565]: Error processing weather data: Weather data is empty.. Retrying fetch in 10 seconds.
2026-08-26 06:34:03,682 [ERROR] [MainThread] [root/api.py:84]: Weather response error 403: API key has reached maximum calls per month allowed limit.
2026-08-26 06:34:03,682 [WARNING] [MainThread] [root/weather.py:565]: Error processing weather data: Weather data is empty.. Retrying fetch in 10 seconds.
2026-08-26 06:34:13,840 [ERROR] [MainThread] [root/api.py:84]: Weather response error 403: API key has reached maximum calls per month allowed limit.
2026-08-26 06:34:13,840 [WARNING] [MainThread] [root/weather.py:565]: Error processing weather data: Weather data is empty.. Retrying fetch in 10 seconds.
2026-08-26 06:34:23,994 [ERROR] [MainThread] [root/api.py:84]: Weather response error 403: API key has reached maximum calls per month allowed limit.
2026-08-26 06:34:23,994 [WARNING] [MainThread] [root/weather.py:565]: Error processing weather data: Weather data is empty.. Retrying fetch in 10 seconds.
2026-08-26 06:34:34,151 [ERROR] [MainThread] [root/api.py:84]: Weather response error 403: API key has reached maximum calls per month allowed limit.
2026-08-26 06:34:34,152 [WARNING] [MainThread] [root/weather.py:565]: Error processing weather data: Weather data is empty.. Retrying fetch in 10 seconds.
2026-08-26 06:34:44,313 [ERROR] [MainThread] [root/api.py:84]: Weather response error 403: API key has reached maximum calls per month allowed limit.
2026-08-26 06:34:44,314 [WARNING] [MainThread] [root/weather.py:565]: Error processing weather data: Weather data is empty.. Retrying fetch in 10 seconds.
2026-08-26 06:34:54,791 [ERROR] [MainThread] [root/api.py:84]: Weather response error 403: API key has reached maximum calls per month allowed limit.
2026-08-26 06:34:54,791 [WARNING] [MainThread] [root/weather.py:565]: Error processing weather data: Weather data is empty.. Retrying fetch in 10 seconds.
2026-08-26 06:35:05,031 [ERROR] [MainThread] [root/api.py:84]: Weather response error 403: API key has reached maximum calls per month allowed limit.
2026-08-26 06:35:05,031 [WARNING] [MainThread] [root/weather.py:565]: Error processing weather data: Weather data is empty.. Retrying fetch in 10 seconds.
2026-08-26 06:35:15,205 [ERROR] [MainThread] [root/api.py:84]: Weather response error 403: API key has reached maximum calls per month allowed limit.
2026-08-26 06:35:15,205 [WARNING] [MainThread] [root/weather.py:565]: Error processing weather data: Weather data is empty.. Retrying fetch in 10 seconds.
2026-08-26 06:35:25,390 [ERROR] [MainThread] [root/api.py:84]: Weather response error 403: API key has reached maximum calls per month allowed limit.
2026-08-26 06:35:25,391 [WARNING] [MainThread] [root/weather.py:565]: Error processing weather data: Weather data is empty.. Retrying fetch in 10 seconds.
2026-08-26 06:35:35,558 [ERROR] [MainThread] [root/api.py:84]: Weather response error 403: API key has reached maximum calls per month allowed limit.
2026-08-26 06:35:35,558 [WARNING] [MainThread] [root/weather.py:565]: Error processing weather data: Weather data is empty.. Retrying fetch in 10 seconds.
2026-08-26 06:35:45,749 [ERROR] [MainThread] [root/api.py:84]: Weather response error 403: API key has reached maximum calls per month allowed limit.
2026-08-26 06:35:45,749 [WARNING] [MainThread] [root/weather.py:565]: Error processing weather data: Weather data is empty.. Retrying fetch in 10 seconds.
2026-08-26 06:35:55,985 [ERROR] [MainThread] [root/api.py:84]: Weather response error 403: API key has reached maximum calls per month allowed limit.
2026-08-26 06:35:55,986 [WARNING] [MainThread] [root/weather.py:565]: Error processing weather data: Weather data is empty.. Retrying fetch in 10 seconds.
2026-08-26 06:36:06,151 [ERROR] [MainThread] [root/api.py:84]: Weather response error 403: API key has reached maximum calls per month allowed limit.
2026-08-26 06:36:06,151 [WARNING] [MainThread] [root/weather.py:565]: Error processing weather data: Weather data is empty.. Retrying fetch in 10 seconds.
2026-08-26 06:36:16,311 [ERROR] [MainThread] [root/api.py:84]: Weather response error 403: API key has reached maximum calls per month allowed limit.
2026-08-26 06:36:16,311 [WARNING] [MainThread] [root/weather.py:565]: Error processing weather data: Weather data is empty.. Retrying fetch in 10 seconds.
2026-08-26 06:36:26,485 [ERROR] [MainThread] [root/api.py:84]: Weather response error 403: API key has reached maximum calls per month allowed limit.
2026-08-26 06:36:26,485 [WARNING] [MainThread] [root/weather.py:565]: Error processing weather data: Weather data is empty.. Retrying fetch in 10 seconds.
2026-08-26 06:36:36,650 [ERROR] [MainThread] [root/api.py:84]: Weather response error 403: API key has reached maximum calls per month allowed limit.
2026-08-26 06:36:36,650 [WARNING] [MainThread] [root/weather.py:565]: Error processing weather data: Weather data is empty.. Retrying fetch in 10 seconds.
2026-08-26 06:36:46,812 [ERROR] [MainThread] [root/api.py:84]: Weather response error 403: API key has reached maximum calls per month allowed limit.
2026-08-26 06:36:46,812 [WARNING] [MainThread] [root/weather.py:565]: Error processing weather data: Weather data is empty.. Retrying fetch in 10 seconds.
2026-08-26 06:36:56,978 [ERROR] [MainThread] [root/api.py:84]: Weather response error 403: API key has reached maximum calls per month allowed limit.
2026-08-26 06:36:56,978 [WARNING] [MainThread] [root/weather.py:565]: Error processing weather data: Weather data is empty.. Retrying fetch in 10 seconds.
2026-08-26 06:37:07,151 [ERROR] [MainThread] [root/api.py:84]: Weather response error 403: API key has reached maximum calls per month allowed limit.
2026-08-26 06:37:07,151 [WARNING] [MainThread] [root/weather.py:565]: Error processing weather data: Weather data is empty.. Retrying fetch in 10 seconds.
2026-08-26 06:37:17,311 [ERROR] [MainThread] [root/api.py:84]: Weather response error 403: API key has reached maximum calls per month allowed limit.
2026-08-26 06:37:17,311 [WARNING] [MainThread] [root/weather.py:565]: Error processing weather data: Weather data is empty.. Retrying fetch in 10 seconds.
2026-08-26 06:37:27,497 [ERROR] [MainThread] [root/api.py:84]: Weather response error 403: API key has reached maximum calls per month allowed limit.
2026-08-26 06:37:27,497 [WARNING] [MainThread] [root/weather.py:565]: Error processing weather data: Weather data is empty.. Retrying fetch in 10 seconds.
2026-08-26 06:37:37,679 [ERROR] [MainThread] [root/api.py:84]: Weather response error 403: API key has reached maximum calls per month allowed limit.
2026-08-26 06:37:37,680 [WARNING] [MainThread] [root/weather.py:565]: Error processing weather data: Weather data is empty.. Retrying fetch in 10 seconds.
2026-08-26 06:37:47,839 [ERROR] [MainThread] [root/api.py:84]: Weather response error 403: API key has reached maximum calls per month allowed limit.
2026-08-26 06:37:47,840 [WARNING] [MainThread] [root/weather.py:565]: Error processing weather data: Weather data is empty.. Retrying fetch in 10 seconds.
2026-08-26 06:37:58,001 [ERROR] [MainThread] [root/api.py:84]: Weather response error 403: API key has reached maximum calls per month allowed limit.
2026-08-26 06:37:58,001 [WARNING] [MainThread] [root/weather.py:565]: Error processing weather data: Weather data is empty.. Retrying fetch in 10 seconds.
2026-08-26 06:38:08,170 [ERROR] [MainThread] [root/api.py:84]: Weather response error 403: API key has reached maximum calls per month allowed limit.
2026-08-26 06:38:08,170 [WARNING] [MainThread] [root/weather.py:565]: Error processing weather data: Weather data is empty.. Retrying fetch in 10 seconds.
2026-08-26 06:38:18,348 [ERROR] [MainThread] [root/api.py:84]: Weather response error 403: API key has reached maximum calls per month allowed limit.
2026-08-26 06:38:18,348 [WARNING] [MainThread] [root/weather.py:565]: Error processing weather data: Weather data is empty.. Retrying fetch in 10 seconds.
2026-08-26 06:38:28,516 [ERROR] [MainThread] [root/api.py:84]: Weather response error 403: API key has reached maximum calls per month allowed limit.
2026-08-26 06:38:28,516 [WARNING] [MainThread] [root/weather.py:565]: Error processing weather data: Weather data is empty.. Retrying fetch in 10 seconds.
2026-08-26 06:38:39,356 [ERROR] [MainThread] [root/api.py:84]: Weather response error 403: API key has reached maximum calls per month allowed limit.
2026-08-26 06:38:39,363 [WARNING] [MainThread] [root/weather.py:565]: Error processing weather data: Weather data is empty.. Retrying fetch in 10 seconds.
2026-08-26 06:38:49,557 [ERROR] [MainThread] [root/api.py:84]: Weather response error 403: API key has reached maximum calls per month allowed limit.
2026-08-26 06:38:49,559 [WARNING] [MainThread] [root/weather.py:565]: Error processing weather data: Weather data is empty.. Retrying fetch in 10 seconds.
2026-08-26 06:38:59,730 [ERROR] [MainThread] [root/api.py:84]: Weather response error 403: API key has reached maximum calls per month allowed limit.
2026-08-26 06:38:59,730 [WARNING] [MainThread] [root/weather.py:565]: Error processing weather data: Weather data is empty.. Retrying fetch in 10 seconds.
2026-08-26 06:39:09,885 [ERROR] [MainThread] [root/api.py:84]: Weather response error 403: API key has reached maximum calls per month allowed limit.
2026-08-26 06:39:09,885 [WARNING] [MainThread] [root/weather.py:565]: Error processing weather data: Weather data is empty.. Retrying fetch in 10 seconds.
2026-08-26 06:39:20,047 [ERROR] [MainThread] [root/api.py:84]: Weather response error 403: API key has reached maximum calls per month allowed limit.
2026-08-26 06:39:20,047 [WARNING] [MainThread] [root/weather.py:565]: Error processing weather data: Weather data is empty.. Retrying fetch in 10 seconds.
2026-08-26 06:39:30,225 [ERROR] [MainThread] [root/api.py:84]: Weather response error 403: API key has reached maximum calls per month allowed limit.
2026-08-26 06:39:30,226 [WARNING] [MainThread] [root/weather.py:565]: Error processing weather data: Weather data is empty.. Retrying fetch in 10 seconds.
2026-08-26 06:39:40,389 [ERROR] [MainThread] [root/api.py:84]: Weather response error 403: API key has reached maximum calls per month allowed limit.
2026-08-26 06:39:40,389 [WARNING] [MainThread] [root/weather.py:565]: Error processing weather data: Weather data is empty.. Retrying fetch in 10 seconds.
2026-08-26 06:39:50,556 [ERROR] [MainThread] [root/api.py:84]: Weather response error 403: API key has reached maximum calls per month allowed limit.
2026-08-26 06:39:50,557 [WARNING] [MainThread] [root/weather.py:565]: Error processing weather data: Weather data is empty.. Retrying fetch in 10 seconds.
2026-08-26 06:40:00,713 [ERROR] [MainThread] [root/api.py:84]: Weather response error 403: API key has reached maximum calls per month allowed limit.
2026-08-26 06:40:00,713 [WARNING] [MainThread] [root/weather.py:565]: Error processing weather data: Weather data is empty.. Retrying fetch in 10 seconds.
2026-08-26 06:40:11,024 [ERROR] [MainThread] [root/api.py:84]: Weather response error 403: API key has reached maximum calls per month allowed limit.
2026-08-26 06:40:11,025 [WARNING] [MainThread] [root/weather.py:565]: Error processing weather data: Weather data is empty.. Retrying fetch in 10 seconds.
2026-08-26 06:40:21,183 [ERROR] [MainThread] [root/api.py:84]: Weather response error 403: API key has reached maximum calls per month allowed limit.
2026-08-26 06:40:21,183 [WARNING] [MainThread] [root/weather.py:565]: Error processing weather data: Weather data is empty.. Retrying fetch in 10 seconds.
2026-08-26 06:40:24,682 [ERROR] [MainThread] [root/api.py:84]: Weather response error 403: API key has reached maximum calls per month allowed limit.
2026-08-26 06:40:31,345 [ERROR] [MainThread] [root/api.py:84]: Weather response error 403: API key has reached maximum calls per month allowed limit.
2026-08-26 06:40:31,345 [WARNING] [MainThread] [root/weather.py:565]: Error processing weather data: Weather data is empty.. Retrying fetch in 10 seconds.
2026-08-26 06:40:41,514 [ERROR] [MainThread] [root/api.py:84]: Weather response error 403: API key has reached maximum calls per month allowed limit.
2026-08-26 06:40:41,514 [WARNING] [MainThread] [root/weather.py:565]: Error processing weather data: Weather data is empty.. Retrying fetch in 10 seconds.
2026-08-26 06:40:51,684 [ERROR] [MainThread] [root/api.py:84]: Weather response error 403: API key has reached maximum calls per month allowed limit.
2026-08-26 06:40:51,685 [WARNING] [MainThread] [root/weather.py:565]: Error processing weather data: Weather data is empty.. Retrying fetch in 10 seconds.
2026-08-26 06:41:01,867 [ERROR] [MainThread] [root/api.py:84]: Weather response error 403: API key has reached maximum calls per month allowed limit.
2026-08-26 06:41:01,868 [WARNING] [MainThread] [root/weather.py:565]: Error processing weather data: Weather data is empty.. Retrying fetch in 10 seconds.
2026-08-26 06:41:12,041 [ERROR] [MainThread] [root/api.py:84]: Weather response error 403: API key has reached maximum calls per month allowed limit.
2026-08-26 06:41:12,041 [WARNING] [MainThread] [root/weather.py:565]: Error processing weather data: Weather data is empty.. Retrying fetch in 10 seconds.
2026-08-26 06:41:22,200 [ERROR] [MainThread] [root/api.py:84]: Weather response error 403: API key has reached maximum calls per month allowed limit.
2026-08-26 06:41:22,202 [WARNING] [MainThread] [root/weather.py:565]: Error processing weather data: Weather data is empty.. Retrying fetch in 10 seconds.
2026-08-26 06:41:32,387 [ERROR] [MainThread] [root/api.py:84]: Weather response error 403: API key has reached maximum calls per month allowed limit.
2026-08-26 06:41:32,387 [WARNING] [MainThread] [root/weather.py:565]: Error processing weather data: Weather data is empty.. Retrying fetch in 10 seconds.
2026-08-26 06:41:42,558 [ERROR] [MainThread] [root/api.py:84]: Weather response error 403: API key has reached maximum calls per month allowed limit.
2026-08-26 06:41:42,558 [WARNING] [MainThread] [root/weather.py:565]: Error processing weather data: Weather data is empty.. Retrying fetch in 10 seconds.
2026-08-26 06:41:52,727 [ERROR] [MainThread] [root/api.py:84]: Weather response error 403: API key has reached maximum calls per month allowed limit.
2026-08-26 06:41:52,727 [WARNING] [MainThread] [root/weather.py:565]: Error processing weather data: Weather data is empty.. Retrying fetch in 10 seconds.
2026-08-26 06:42:02,895 [ERROR] [MainThread] [root/api.py:84]: Weather response error 403: API key has reached maximum calls per month allowed limit.
2026-08-26 06:42:02,895 [WARNING] [MainThread] [root/weather.py:565]: Error processing weather data: Weather data is empty.. Retrying fetch in 10 seconds.
2026-08-26 06:42:13,079 [ERROR] [MainThread] [root/api.py:84]: Weather response error 403: API key has reached maximum calls per month allowed limit.
2026-08-26 06:42:13,079 [WARNING] [MainThread] [root/weather.py:565]: Error processing weather data: Weather data is empty.. Retrying fetch in 10 seconds.
2026-08-26 06:42:23,258 [ERROR] [MainThread] [root/api.py:84]: Weather response error 403: API key has reached maximum calls per month allowed limit.
2026-08-26 06:42:23,258 [WARNING] [MainThread] [root/weather.py:565]: Error processing weather data: Weather data is empty.. Retrying fetch in 10 seconds.
2026-08-26 06:42:33,437 [ERROR] [MainThread] [root/api.py:84]: Weather response error 403: API key has reached maximum calls per month allowed limit.
2026-08-26 06:42:33,437 [WARNING] [MainThread] [root/weather.py:565]: Error processing weather data: Weather data is empty.. Retrying fetch in 10 seconds.
2026-08-26 06:42:43,618 [ERROR] [MainThread] [root/api.py:84]: Weather response error 403: API key has reached maximum calls per month allowed limit.
2026-08-26 06:42:43,618 [WARNING] [MainThread] [root/weather.py:565]: Error processing weather data: Weather data is empty.. Retrying fetch in 10 seconds.
2026-08-26 06:42:53,789 [ERROR] [MainThread] [root/api.py:84]: Weather response error 403: API key has reached maximum calls per month allowed limit.
2026-08-26 06:42:53,789 [WARNING] [MainThread] [root/weather.py:565]: Error processing weather data: Weather data is empty.. Retrying fetch in 10 seconds.
2026-08-26 06:43:03,955 [ERROR] [MainThread] [root/api.py:84]: Weather response error 403: API key has reached maximum calls per month allowed limit.
2026-08-26 06:43:03,955 [WARNING] [MainThread] [root/weather.py:565]: Error processing weather data: Weather data is empty.. Retrying fetch in 10 seconds.
2026-08-26 06:43:14,130 [ERROR] [MainThread] [root/api.py:84]: Weather response error 403: API key has reached maximum calls per month allowed limit.
2026-08-26 06:43:14,130 [WARNING] [MainThread] [root/weather.py:565]: Error processing weather data: Weather data is empty.. Retrying fetch in 10 seconds.
2026-08-26 06:43:24,297 [ERROR] [MainThread] [root/api.py:84]: Weather response error 403: API key has reached maximum calls per month allowed limit.
2026-08-26 06:43:24,297 [WARNING] [MainThread] [root/weather.py:565]: Error processing weather data: Weather data is empty.. Retrying fetch in 10 seconds.
2026-08-26 06:43:34,478 [ERROR] [MainThread] [root/api.py:84]: Weather response error 403: API key has reached maximum calls per month allowed limit.
2026-08-26 06:43:34,479 [WARNING] [MainThread] [root/weather.py:565]: Error processing weather data: Weather data is empty.. Retrying fetch in 10 seconds.
2026-08-26 06:43:44,642 [ERROR] [MainThread] [root/api.py:84]: Weather response error 403: API key has reached maximum calls per month allowed limit.
2026-08-26 06:43:44,642 [WARNING] [MainThread] [root/weather.py:565]: Error processing weather data: Weather data is empty.. Retrying fetch in 10 seconds.
2026-08-26 06:43:54,817 [ERROR] [MainThread] [root/api.py:84]: Weather response error 403: API key has reached maximum calls per month allowed limit.
2026-08-26 06:43:54,817 [WARNING] [MainThread] [root/weather.py:565]: Error processing weather data: Weather data is empty.. Retrying fetch in 10 seconds.
2026-08-26 06:44:05,001 [ERROR] [MainThread] [root/api.py:84]: Weather response error 403: API key has reached maximum calls per month allowed limit.
2026-08-26 06:44:05,001 [WARNING] [MainThread] [root/weather.py:565]: Error processing weather data: Weather data is empty.. Retrying fetch in 10 seconds.
2026-08-26 06:44:15,179 [ERROR] [MainThread] [root/api.py:84]: Weather response error 403: API key has reached maximum calls per month allowed limit.
2026-08-26 06:44:15,179 [WARNING] [MainThread] [root/weather.py:565]: Error processing weather data: Weather data is empty.. Retrying fetch in 10 seconds.
2026-08-26 06:44:25,347 [ERROR] [MainThread] [root/api.py:84]: Weather response error 403: API key has reached maximum calls per month allowed limit.
2026-08-26 06:44:25,347 [WARNING] [MainThread] [root/weather.py:565]: Error processing weather data: Weather data is empty.. Retrying fetch in 10 seconds.
2026-08-26 06:44:35,519 [ERROR] [MainThread] [root/api.py:84]: Weather response error 403: API key has reached maximum calls per month allowed limit.
2026-08-26 06:44:35,519 [WARNING] [MainThread] [root/weather.py:565]: Error processing weather data: Weather data is empty.. Retrying fetch in 10 seconds.
2026-08-26 06:44:45,687 [ERROR] [MainThread] [root/api.py:84]: Weather response error 403: API key has reached maximum calls per month allowed limit.
2026-08-26 06:44:45,687 [WARNING] [MainThread] [root/weather.py:565]: Error processing weather data: Weather data is empty.. Retrying fetch in 10 seconds.
2026-08-26 06:44:55,866 [ERROR] [MainThread] [root/api.py:84]: Weather response error 403: API key has reached maximum calls per month allowed limit.
2026-08-26 06:44:55,866 [WARNING] [MainThread] [root/weather.py:565]: Error processing weather data: Weather data is empty.. Retrying fetch in 10 seconds.
2026-08-26 06:45:06,037 [ERROR] [MainThread] [root/api.py:84]: Weather response error 403: API key has reached maximum calls per month allowed limit.
2026-08-26 06:45:06,037 [WARNING] [MainThread] [root/weather.py:565]: Error processing weather data: Weather data is empty.. Retrying fetch in 10 seconds.
2026-08-26 06:45:16,202 [ERROR] [MainThread] [root/api.py:84]: Weather response error 403: API key has reached maximum calls per month allowed limit.
2026-08-26 06:45:16,202 [WARNING] [MainThread] [root/weather.py:565]: Error processing weather data: Weather data is empty.. Retrying fetch in 10 seconds.
2026-08-26 06:45:26,380 [ERROR] [MainThread] [root/api.py:84]: Weather response error 403: API key has reached maximum calls per month allowed limit.
2026-08-26 06:45:26,380 [WARNING] [MainThread] [root/weather.py:565]: Error processing weather data: Weather data is empty.. Retrying fetch in 10 seconds.
2026-08-26 06:45:36,556 [ERROR] [MainThread] [root/api.py:84]: Weather response error 403: API key has reached maximum calls per month allowed limit.
2026-08-26 06:45:36,556 [WARNING] [MainThread] [root/weather.py:565]: Error processing weather data: Weather data is empty.. Retrying fetch in 10 seconds.
2026-08-26 06:45:46,721 [ERROR] [MainThread] [root/api.py:84]: Weather response error 403: API key has reached maximum calls per month allowed limit.
2026-08-26 06:45:46,721 [WARNING] [MainThread] [root/weather.py:565]: Error processing weather data: Weather data is empty.. Retrying fetch in 10 seconds.
2026-08-26 06:45:56,888 [ERROR] [MainThread] [root/api.py:84]: Weather response error 403: API key has reached maximum calls per month allowed limit.
2026-08-26 06:45:56,888 [WARNING] [MainThread] [root/weather.py:565]: Error processing weather data: Weather data is empty.. Retrying fetch in 10 seconds.
2026-08-26 06:46:07,069 [ERROR] [MainThread] [root/api.py:84]: Weather response error 403: API key has reached maximum calls per month allowed limit.
2026-08-26 06:46:07,069 [WARNING] [MainThread] [root/weather.py:565]: Error processing weather data: Weather data is empty.. Retrying fetch in 10 seconds.
2026-08-26 06:46:17,242 [ERROR] [MainThread] [root/api.py:84]: Weather response error 403: API key has reached maximum calls per month allowed limit.
2026-08-26 06:46:17,242 [WARNING] [MainThread] [root/weather.py:565]: Error processing weather data: Weather data is empty.. Retrying fetch in 10 seconds.
2026-08-26 06:46:27,403 [ERROR] [MainThread] [root/api.py:84]: Weather response error 403: API key has reached maximum calls per month allowed limit.
2026-08-26 06:46:27,403 [WARNING] [MainThread] [root/weather.py:565]: Error processing weather data: Weather data is empty.. Retrying fetch in 10 seconds.
2026-08-26 06:46:37,579 [ERROR] [MainThread] [root/api.py:84]: Weather response error 403: API key has reached maximum calls per month allowed limit.
2026-08-26 06:46:37,579 [WARNING] [MainThread] [root/weather.py:565]: Error processing weather data: Weather data is empty.. Retrying fetch in 10 seconds.
2026-08-26 06:46:47,746 [ERROR] [MainThread] [root/api.py:84]: Weather response error 403: API key has reached maximum calls per month allowed limit.
2026-08-26 06:46:47,746 [WARNING] [MainThread] [root/weather.py:565]: Error processing weather data: Weather data is empty.. Retrying fetch in 10 seconds.
2026-08-26 06:46:57,921 [ERROR] [MainThread] [root/api.py:84]: Weather response error 403: API key has reached maximum calls per month allowed limit.
2026-08-26 06:46:57,921 [WARNING] [MainThread] [root/weather.py:565]: Error processing weather data: Weather data is empty.. Retrying fetch in 10 seconds.
2026-08-26 06:47:08,093 [ERROR] [MainThread] [root/api.py:84]: Weather response error 403: API key has reached maximum calls per month allowed limit.
2026-08-26 06:47:08,093 [WARNING] [MainThread] [root/weather.py:565]: Error processing weather data: Weather data is empty.. Retrying fetch in 10 seconds.
2026-08-26 06:47:18,338 [ERROR] [MainThread] [root/api.py:84]: Weather response error 403: API key has reached maximum calls per month allowed limit.
2026-08-26 06:47:18,338 [WARNING] [MainThread] [root/weather.py:565]: Error processing weather data: Weather data is empty.. Retrying fetch in 10 seconds.
2026-08-26 06:47:28,551 [ERROR] [MainThread] [root/api.py:84]: Weather response error 403: API key has reached maximum calls per month allowed limit.
2026-08-26 06:47:28,551 [WARNING] [MainThread] [root/weather.py:565]: Error processing weather data: Weather data is empty.. Retrying fetch in 10 seconds.
2026-08-26 06:47:38,729 [ERROR] [MainThread] [root/api.py:84]: Weather response error 403: API key has reached maximum calls per month allowed limit.
2026-08-26 06:47:38,729 [WARNING] [MainThread] [root/weather.py:565]: Error processing weather data: Weather data is empty.. Retrying fetch in 10 seconds.
2026-08-26 06:47:48,893 [ERROR] [MainThread] [root/api.py:84]: Weather response error 403: API key has reached maximum calls per month allowed limit.
2026-08-26 06:47:48,893 [WARNING] [MainThread] [root/weather.py:565]: Error processing weather data: Weather data is empty.. Retrying fetch in 10 seconds.
2026-08-26 06:47:59,063 [ERROR] [MainThread] [root/api.py:84]: Weather response error 403: API key has reached maximum calls per month allowed limit.
2026-08-26 06:47:59,063 [WARNING] [MainThread] [root/weather.py:565]: Error processing weather data: Weather data is empty.. Retrying fetch in 10 seconds.
2026-08-26 06:48:09,232 [ERROR] [MainThread] [root/api.py:84]: Weather response error 403: API key has reached maximum calls per month allowed limit.
2026-08-26 06:48:09,232 [WARNING] [MainThread] [root/weather.py:565]: Error processing weather data: Weather data is empty.. Retrying fetch in 10 seconds.
2026-08-26 06:48:19,399 [ERROR] [MainThread] [root/api.py:84]: Weather response error 403: API key has reached maximum calls per month allowed limit.
2026-08-26 06:48:19,399 [WARNING] [MainThread] [root/weather.py:565]: Error processing weather data: Weather data is empty.. Retrying fetch in 10 seconds.
2026-08-26 06:48:29,570 [ERROR] [MainThread] [root/api.py:84]: Weather response error 403: API key has reached maximum calls per month allowed limit.
2026-08-26 06:48:29,570 [WARNING] [MainThread] [root/weather.py:565]: Error processing weather data: Weather data is empty.. Retrying fetch in 10 seconds.
2026-08-26 06:48:39,737 [ERROR] [MainThread] [root/api.py:84]: Weather response error 403: API key has reached maximum calls per month allowed limit.
2026-08-26 06:48:39,737 [WARNING] [MainThread] [root/weather.py:565]: Error processing weather data: Weather data is empty.. Retrying fetch in 10 seconds.
2026-08-26 06:48:49,915 [ERROR] [MainThread] [root/api.py:84]: Weather response error 403: API key has reached maximum calls per month allowed limit.
2026-08-26 06:48:49,915 [WARNING] [MainThread] [root/weather.py:565]: Error processing weather data: Weather data is empty.. Retrying fetch in 10 seconds.
2026-08-26 06:49:00,089 [ERROR] [MainThread] [root/api.py:84]: Weather response error 403: API key has reached maximum calls per month allowed limit.
2026-08-26 06:49:00,089 [WARNING] [MainThread] [root/weather.py:565]: Error processing weather data: Weather data is empty.. Retrying fetch in 10 seconds.
2026-08-26 06:49:10,253 [ERROR] [MainThread] [root/api.py:84]: Weather response error 403: API key has reached maximum calls per month allowed limit.
2026-08-26 06:49:10,254 [WARNING] [MainThread] [root/weather.py:565]: Error processing weather data: Weather data is empty.. Retrying fetch in 10 seconds.
2026-08-26 06:49:20,425 [ERROR] [MainThread] [root/api.py:84]: Weather response error 403: API key has reached maximum calls per month allowed limit.
2026-08-26 06:49:20,425 [WARNING] [MainThread] [root/weather.py:565]: Error processing weather data: Weather data is empty.. Retrying fetch in 10 seconds.
2026-08-26 06:49:30,591 [ERROR] [MainThread] [root/api.py:84]: Weather response error 403: API key has reached maximum calls per month allowed limit.
2026-08-26 06:49:30,591 [WARNING] [MainThread] [root/weather.py:565]: Error processing weather data: Weather data is empty.. Retrying fetch in 10 seconds.
2026-08-26 06:49:40,775 [ERROR] [MainThread] [root/api.py:84]: Weather response error 403: API key has reached maximum calls per month allowed limit.
2026-08-26 06:49:40,775 [WARNING] [MainThread] [root/weather.py:565]: Error processing weather data: Weather data is empty.. Retrying fetch in 10 seconds.
2026-08-26 06:49:50,945 [ERROR] [MainThread] [root/api.py:84]: Weather response error 403: API key has reached maximum calls per month allowed limit.
2026-08-26 06:49:50,945 [WARNING] [MainThread] [root/weather.py:565]: Error processing weather data: Weather data is empty.. Retrying fetch in 10 seconds.
2026-08-26 06:50:01,113 [ERROR] [MainThread] [root/api.py:84]: Weather response error 403: API key has reached maximum calls per month allowed limit.
2026-08-26 06:50:01,113 [WARNING] [MainThread] [root/weather.py:565]: Error processing weather data: Weather data is empty.. Retrying fetch in 10 seconds.
2026-08-26 06:50:11,275 [ERROR] [MainThread] [root/api.py:84]: Weather response error 403: API key has reached maximum calls per month allowed limit.
2026-08-26 06:50:11,275 [WARNING] [MainThread] [root/weather.py:565]: Error processing weather data: Weather data is empty.. Retrying fetch in 10 seconds.
2026-08-26 06:50:21,447 [ERROR] [MainThread] [root/api.py:84]: Weather response error 403: API key has reached maximum calls per month allowed limit.
2026-08-26 06:50:21,447 [WARNING] [MainThread] [root/weather.py:565]: Error processing weather data: Weather data is empty.. Retrying fetch in 10 seconds.
2026-08-26 06:50:24,698 [ERROR] [MainThread] [root/api.py:84]: Weather response error 403: API key has reached maximum calls per month allowed limit.
2026-08-26 06:50:31,604 [ERROR] [MainThread] [root/api.py:84]: Weather response error 403: API key has reached maximum calls per month allowed limit.
2026-08-26 06:50:31,605 [WARNING] [MainThread] [root/weather.py:565]: Error processing weather data: Weather data is empty.. Retrying fetch in 10 seconds.
2026-08-26 06:50:41,765 [ERROR] [MainThread] [root/api.py:84]: Weather response error 403: API key has reached maximum calls per month allowed limit.
2026-08-26 06:50:41,766 [WARNING] [MainThread] [root/weather.py:565]: Error processing weather data: Weather data is empty.. Retrying fetch in 10 seconds.
2026-08-26 06:50:51,945 [ERROR] [MainThread] [root/api.py:84]: Weather response error 403: API key has reached maximum calls per month allowed limit.
2026-08-26 06:50:51,945 [WARNING] [MainThread] [root/weather.py:565]: Error processing weather data: Weather data is empty.. Retrying fetch in 10 seconds.
2026-08-26 06:51:02,108 [ERROR] [MainThread] [root/api.py:84]: Weather response error 403: API key has reached maximum calls per month allowed limit.
2026-08-26 06:51:02,108 [WARNING] [MainThread] [root/weather.py:565]: Error processing weather data: Weather data is empty.. Retrying fetch in 10 seconds.
2026-08-26 06:51:12,287 [ERROR] [MainThread] [root/api.py:84]: Weather response error 403: API key has reached maximum calls per month allowed limit.
2026-08-26 06:51:12,287 [WARNING] [MainThread] [root/weather.py:565]: Error processing weather data: Weather data is empty.. Retrying fetch in 10 seconds.
2026-08-26 06:51:22,459 [ERROR] [MainThread] [root/api.py:84]: Weather response error 403: API key has reached maximum calls per month allowed limit.
2026-08-26 06:51:22,459 [WARNING] [MainThread] [root/weather.py:565]: Error processing weather data: Weather data is empty.. Retrying fetch in 10 seconds.
2026-08-26 06:51:32,620 [ERROR] [MainThread] [root/api.py:84]: Weather response error 403: API key has reached maximum calls per month allowed limit.
2026-08-26 06:51:32,620 [WARNING] [MainThread] [root/weather.py:565]: Error processing weather data: Weather data is empty.. Retrying fetch in 10 seconds.
2026-08-26 06:51:42,776 [ERROR] [MainThread] [root/api.py:84]: Weather response error 403: API key has reached maximum calls per month allowed limit.
2026-08-26 06:51:42,776 [WARNING] [MainThread] [root/weather.py:565]: Error processing weather data: Weather data is empty.. Retrying fetch in 10 seconds.
2026-08-26 06:51:52,940 [ERROR] [MainThread] [root/api.py:84]: Weather response error 403: API key has reached maximum calls per month allowed limit.
2026-08-26 06:51:52,940 [WARNING] [MainThread] [root/weather.py:565]: Error processing weather data: Weather data is empty.. Retrying fetch in 10 seconds.
2026-08-26 06:52:03,111 [ERROR] [MainThread] [root/api.py:84]: Weather response error 403: API key has reached maximum calls per month allowed limit.
2026-08-26 06:52:03,111 [WARNING] [MainThread] [root/weather.py:565]: Error processing weather data: Weather data is empty.. Retrying fetch in 10 seconds.
2026-08-26 06:52:13,331 [ERROR] [MainThread] [root/api.py:84]: Weather response error 403: API key has reached maximum calls per month allowed limit.
2026-08-26 06:52:13,331 [WARNING] [MainThread] [root/weather.py:565]: Error processing weather data: Weather data is empty.. Retrying fetch in 10 seconds.
2026-08-26 06:52:23,504 [ERROR] [MainThread] [root/api.py:84]: Weather response error 403: API key has reached maximum calls per month allowed limit.
2026-08-26 06:52:23,504 [WARNING] [MainThread] [root/weather.py:565]: Error processing weather data: Weather data is empty.. Retrying fetch in 10 seconds.
2026-08-26 06:52:33,671 [ERROR] [MainThread] [root/api.py:84]: Weather response error 403: API key has reached maximum calls per month allowed limit.
2026-08-26 06:52:33,672 [WARNING] [MainThread] [root/weather.py:565]: Error processing weather data: Weather data is empty.. Retrying fetch in 10 seconds.
2026-08-26 06:52:43,837 [ERROR] [MainThread] [root/api.py:84]: Weather response error 403: API key has reached maximum calls per month allowed limit.
2026-08-26 06:52:43,837 [WARNING] [MainThread] [root/weather.py:565]: Error processing weather data: Weather data is empty.. Retrying fetch in 10 seconds.
2026-08-26 06:52:54,002 [ERROR] [MainThread] [root/api.py:84]: Weather response error 403: API key has reached maximum calls per month allowed limit.
2026-08-26 06:52:54,002 [WARNING] [MainThread] [root/weather.py:565]: Error processing weather data: Weather data is empty.. Retrying fetch in 10 seconds.
2026-08-26 06:53:04,178 [ERROR] [MainThread] [root/api.py:84]: Weather response error 403: API key has reached maximum calls per month allowed limit.
2026-08-26 06:53:04,178 [WARNING] [MainThread] [root/weather.py:565]: Error processing weather data: Weather data is empty.. Retrying fetch in 10 seconds.
2026-08-26 06:53:14,336 [ERROR] [MainThread] [root/api.py:84]: Weather response error 403: API key has reached maximum calls per month allowed limit.
2026-08-26 06:53:14,336 [WARNING] [MainThread] [root/weather.py:565]: Error processing weather data: Weather data is empty.. Retrying fetch in 10 seconds.
2026-08-26 06:53:24,497 [ERROR] [MainThread] [root/api.py:84]: Weather response error 403: API key has reached maximum calls per month allowed limit.
2026-08-26 06:53:24,497 [WARNING] [MainThread] [root/weather.py:565]: Error processing weather data: Weather data is empty.. Retrying fetch in 10 seconds.
2026-08-26 06:53:34,678 [ERROR] [MainThread] [root/api.py:84]: Weather response error 403: API key has reached maximum calls per month allowed limit.
2026-08-26 06:53:34,678 [WARNING] [MainThread] [root/weather.py:565]: Error processing weather data: Weather data is empty.. Retrying fetch in 10 seconds.
2026-08-26 06:53:44,836 [ERROR] [MainThread] [root/api.py:84]: Weather response error 403: API key has reached maximum calls per month allowed limit.
2026-08-26 06:53:44,836 [WARNING] [MainThread] [root/weather.py:565]: Error processing weather data: Weather data is empty.. Retrying fetch in 10 seconds.
2026-08-26 06:53:55,016 [ERROR] [MainThread] [root/api.py:84]: Weather response error 403: API key has reached maximum calls per month allowed limit.
2026-08-26 06:53:55,016 [WARNING] [MainThread] [root/weather.py:565]: Error processing weather data: Weather data is empty.. Retrying fetch in 10 seconds.
2026-08-26 06:54:05,187 [ERROR] [MainThread] [root/api.py:84]: Weather response error 403: API key has reached maximum calls per month allowed limit.
2026-08-26 06:54:05,187 [WARNING] [MainThread] [root/weather.py:565]: Error processing weather data: Weather data is empty.. Retrying fetch in 10 seconds.
2026-08-26 06:54:15,361 [ERROR] [MainThread] [root/api.py:84]: Weather response error 403: API key has reached maximum calls per month allowed limit.
2026-08-26 06:54:15,361 [WARNING] [MainThread] [root/weather.py:565]: Error processing weather data: Weather data is empty.. Retrying fetch in 10 seconds.
2026-08-26 06:54:25,570 [ERROR] [MainThread] [root/api.py:84]: Weather response error 403: API key has reached maximum calls per month allowed limit.
2026-08-26 06:54:25,570 [WARNING] [MainThread] [root/weather.py:565]: Error processing weather data: Weather data is empty.. Retrying fetch in 10 seconds.
2026-08-26 06:54:35,733 [ERROR] [MainThread] [root/api.py:84]: Weather response error 403: API key has reached maximum calls per month allowed limit.
2026-08-26 06:54:35,733 [WARNING] [MainThread] [root/weather.py:565]: Error processing weather data: Weather data is empty.. Retrying fetch in 10 seconds.
2026-08-26 06:54:45,909 [ERROR] [MainThread] [root/api.py:84]: Weather response error 403: API key has reached maximum calls per month allowed limit.
2026-08-26 06:54:45,910 [WARNING] [MainThread] [root/weather.py:565]: Error processing weather data: Weather data is empty.. Retrying fetch in 10 seconds.
2026-08-26 06:54:56,094 [ERROR] [MainThread] [root/api.py:84]: Weather response error 403: API key has reached maximum calls per month allowed limit.
2026-08-26 06:54:56,094 [WARNING] [MainThread] [root/weather.py:565]: Error processing weather data: Weather data is empty.. Retrying fetch in 10 seconds.
2026-08-26 06:55:06,265 [ERROR] [MainThread] [root/api.py:84]: Weather response error 403: API key has reached maximum calls per month allowed limit.
2026-08-26 06:55:06,265 [WARNING] [MainThread] [root/weather.py:565]: Error processing weather data: Weather data is empty.. Retrying fetch in 10 seconds.
2026-08-26 06:55:16,434 [ERROR] [MainThread] [root/api.py:84]: Weather response error 403: API key has reached maximum calls per month allowed limit.
2026-08-26 06:55:16,435 [WARNING] [MainThread] [root/weather.py:565]: Error processing weather data: Weather data is empty.. Retrying fetch in 10 seconds.
2026-08-26 06:55:26,609 [ERROR] [MainThread] [root/api.py:84]: Weather response error 403: API key has reached maximum calls per month allowed limit.
2026-08-26 06:55:26,609 [WARNING] [MainThread] [root/weather.py:565]: Error processing weather data: Weather data is empty.. Retrying fetch in 10 seconds.
2026-08-26 06:55:36,787 [ERROR] [MainThread] [root/api.py:84]: Weather response error 403: API key has reached maximum calls per month allowed limit.
2026-08-26 06:55:36,787 [WARNING] [MainThread] [root/weather.py:565]: Error processing weather data: Weather data is empty.. Retrying fetch in 10 seconds.
2026-08-26 06:55:46,948 [ERROR] [MainThread] [root/api.py:84]: Weather response error 403: API key has reached maximum calls per month allowed limit.
2026-08-26 06:55:46,948 [WARNING] [MainThread] [root/weather.py:565]: Error processing weather data: Weather data is empty.. Retrying fetch in 10 seconds.
2026-08-26 06:55:57,115 [ERROR] [MainThread] [root/api.py:84]: Weather response error 403: API key has reached maximum calls per month allowed limit.
2026-08-26 06:55:57,115 [WARNING] [MainThread] [root/weather.py:565]: Error processing weather data: Weather data is empty.. Retrying fetch in 10 seconds.
2026-08-26 06:56:07,273 [ERROR] [MainThread] [root/api.py:84]: Weather response error 403: API key has reached maximum calls per month allowed limit.
2026-08-26 06:56:07,273 [WARNING] [MainThread] [root/weather.py:565]: Error processing weather data: Weather data is empty.. Retrying fetch in 10 seconds.
2026-08-26 06:56:17,431 [ERROR] [MainThread] [root/api.py:84]: Weather response error 403: API key has reached maximum calls per month allowed limit.
2026-08-26 06:56:17,431 [WARNING] [MainThread] [root/weather.py:565]: Error processing weather data: Weather data is empty.. Retrying fetch in 10 seconds.
2026-08-26 06:56:27,590 [ERROR] [MainThread] [root/api.py:84]: Weather response error 403: API key has reached maximum calls per month allowed limit.
2026-08-26 06:56:27,590 [WARNING] [MainThread] [root/weather.py:565]: Error processing weather data: Weather data is empty.. Retrying fetch in 10 seconds.
2026-08-26 06:56:37,761 [ERROR] [MainThread] [root/api.py:84]: Weather response error 403: API key has reached maximum calls per month allowed limit.
2026-08-26 06:56:37,762 [WARNING] [MainThread] [root/weather.py:565]: Error processing weather data: Weather data is empty.. Retrying fetch in 10 seconds.
2026-08-26 06:56:47,940 [ERROR] [MainThread] [root/api.py:84]: Weather response error 403: API key has reached maximum calls per month allowed limit.
2026-08-26 06:56:47,940 [WARNING] [MainThread] [root/weather.py:565]: Error processing weather data: Weather data is empty.. Retrying fetch in 10 seconds.
2026-08-26 06:56:58,118 [ERROR] [MainThread] [root/api.py:84]: Weather response error 403: API key has reached maximum calls per month allowed limit.
2026-08-26 06:56:58,118 [WARNING] [MainThread] [root/weather.py:565]: Error processing weather data: Weather data is empty.. Retrying fetch in 10 seconds.
2026-08-26 06:57:08,281 [ERROR] [MainThread] [root/api.py:84]: Weather response error 403: API key has reached maximum calls per month allowed limit.
2026-08-26 06:57:08,281 [WARNING] [MainThread] [root/weather.py:565]: Error processing weather data: Weather data is empty.. Retrying fetch in 10 seconds.
2026-08-26 06:57:18,456 [ERROR] [MainThread] [root/api.py:84]: Weather response error 403: API key has reached maximum calls per month allowed limit.
2026-08-26 06:57:18,456 [WARNING] [MainThread] [root/weather.py:565]: Error processing weather data: Weather data is empty.. Retrying fetch in 10 seconds.
2026-08-26 06:57:28,625 [ERROR] [MainThread] [root/api.py:84]: Weather response error 403: API key has reached maximum calls per month allowed limit.
2026-08-26 06:57:28,625 [WARNING] [MainThread] [root/weather.py:565]: Error processing weather data: Weather data is empty.. Retrying fetch in 10 seconds.
2026-08-26 06:57:38,821 [ERROR] [MainThread] [root/api.py:84]: Weather response error 403: API key has reached maximum calls per month allowed limit.
2026-08-26 06:57:38,821 [WARNING] [MainThread] [root/weather.py:565]: Error processing weather data: Weather data is empty.. Retrying fetch in 10 seconds.
2026-08-26 06:57:48,984 [ERROR] [MainThread] [root/api.py:84]: Weather response error 403: API key has reached maximum calls per month allowed limit.
2026-08-26 06:57:48,984 [WARNING] [MainThread] [root/weather.py:565]: Error processing weather data: Weather data is empty.. Retrying fetch in 10 seconds.
2026-08-26 06:57:59,243 [ERROR] [MainThread] [root/api.py:84]: Weather response error 403: API key has reached maximum calls per month allowed limit.
2026-08-26 06:57:59,243 [WARNING] [MainThread] [root/weather.py:565]: Error processing weather data: Weather data is empty.. Retrying fetch in 10 seconds.
2026-08-26 06:58:09,405 [ERROR] [MainThread] [root/api.py:84]: Weather response error 403: API key has reached maximum calls per month allowed limit.
2026-08-26 06:58:09,405 [WARNING] [MainThread] [root/weather.py:565]: Error processing weather data: Weather data is empty.. Retrying fetch in 10 seconds.
2026-08-26 06:58:19,577 [ERROR] [MainThread] [root/api.py:84]: Weather response error 403: API key has reached maximum calls per month allowed limit.
2026-08-26 06:58:19,577 [WARNING] [MainThread] [root/weather.py:565]: Error processing weather data: Weather data is empty.. Retrying fetch in 10 seconds.
2026-08-26 06:58:29,758 [ERROR] [MainThread] [root/api.py:84]: Weather response error 403: API key has reached maximum calls per month allowed limit.
2026-08-26 06:58:29,758 [WARNING] [MainThread] [root/weather.py:565]: Error processing weather data: Weather data is empty.. Retrying fetch in 10 seconds.
2026-08-26 06:58:39,935 [ERROR] [MainThread] [root/api.py:84]: Weather response error 403: API key has reached maximum calls per month allowed limit.
2026-08-26 06:58:39,935 [WARNING] [MainThread] [root/weather.py:565]: Error processing weather data: Weather data is empty.. Retrying fetch in 10 seconds.
2026-08-26 06:58:50,116 [ERROR] [MainThread] [root/api.py:84]: Weather response error 403: API key has reached maximum calls per month allowed limit.
2026-08-26 06:58:50,116 [WARNING] [MainThread] [root/weather.py:565]: Error processing weather data: Weather data is empty.. Retrying fetch in 10 seconds.
2026-08-26 06:59:00,281 [ERROR] [MainThread] [root/api.py:84]: Weather response error 403: API key has reached maximum calls per month allowed limit.
2026-08-26 06:59:00,281 [WARNING] [MainThread] [root/weather.py:565]: Error processing weather data: Weather data is empty.. Retrying fetch in 10 seconds.
2026-08-26 06:59:10,450 [ERROR] [MainThread] [root/api.py:84]: Weather response error 403: API key has reached maximum calls per month allowed limit.
2026-08-26 06:59:10,451 [WARNING] [MainThread] [root/weather.py:565]: Error processing weather data: Weather data is empty.. Retrying fetch in 10 seconds.
2026-08-26 06:59:20,628 [ERROR] [MainThread] [root/api.py:84]: Weather response error 403: API key has reached maximum calls per month allowed limit.
2026-08-26 06:59:20,628 [WARNING] [MainThread] [root/weather.py:565]: Error processing weather data: Weather data is empty.. Retrying fetch in 10 seconds.
2026-08-26 06:59:30,802 [ERROR] [MainThread] [root/api.py:84]: Weather response error 403: API key has reached maximum calls per month allowed limit.
2026-08-26 06:59:30,802 [WARNING] [MainThread] [root/weather.py:565]: Error processing weather data: Weather data is empty.. Retrying fetch in 10 seconds.
2026-08-26 06:59:40,971 [ERROR] [MainThread] [root/api.py:84]: Weather response error 403: API key has reached maximum calls per month allowed limit.
2026-08-26 06:59:40,971 [WARNING] [MainThread] [root/weather.py:565]: Error processing weather data: Weather data is empty.. Retrying fetch in 10 seconds.
2026-08-26 06:59:51,142 [ERROR] [MainThread] [root/api.py:84]: Weather response error 403: API key has reached maximum calls per month allowed limit.
2026-08-26 06:59:51,143 [WARNING] [MainThread] [root/weather.py:565]: Error processing weather data: Weather data is empty.. Retrying fetch in 10 seconds.
2026-08-26 07:00:01,309 [ERROR] [MainThread] [root/api.py:84]: Weather response error 403: API key has reached maximum calls per month allowed limit.
2026-08-26 07:00:01,310 [WARNING] [MainThread] [root/weather.py:565]: Error processing weather data: Weather data is empty.. Retrying fetch in 10 seconds.
2026-08-26 07:00:11,493 [ERROR] [MainThread] [root/api.py:84]: Weather response error 403: API key has reached maximum calls per month allowed limit.
2026-08-26 07:00:11,493 [WARNING] [MainThread] [root/weather.py:565]: Error processing weather data: Weather data is empty.. Retrying fetch in 10 seconds.
2026-08-26 07:00:21,659 [ERROR] [MainThread] [root/api.py:84]: Weather response error 403: API key has reached maximum calls per month allowed limit.
2026-08-26 07:00:21,659 [WARNING] [MainThread] [root/weather.py:565]: Error processing weather data: Weather data is empty.. Retrying fetch in 10 seconds.
2026-08-26 07:00:24,695 [ERROR] [MainThread] [root/api.py:84]: Weather response error 403: API key has reached maximum calls per month allowed limit.
2026-08-26 07:00:31,834 [ERROR] [MainThread] [root/api.py:84]: Weather response error 403: API key has reached maximum calls per month allowed limit.
2026-08-26 07:00:31,834 [WARNING] [MainThread] [root/weather.py:565]: Error processing weather data: Weather data is empty.. Retrying fetch in 10 seconds.
2026-08-26 07:00:41,994 [ERROR] [MainThread] [root/api.py:84]: Weather response error 403: API key has reached maximum calls per month allowed limit.
2026-08-26 07:00:41,994 [WARNING] [MainThread] [root/weather.py:565]: Error processing weather data: Weather data is empty.. Retrying fetch in 10 seconds.
2026-08-26 07:00:52,158 [ERROR] [MainThread] [root/api.py:84]: Weather response error 403: API key has reached maximum calls per month allowed limit.
2026-08-26 07:00:52,158 [WARNING] [MainThread] [root/weather.py:565]: Error processing weather data: Weather data is empty.. Retrying fetch in 10 seconds.
2026-08-26 07:01:02,331 [ERROR] [MainThread] [root/api.py:84]: Weather response error 403: API key has reached maximum calls per month allowed limit.
2026-08-26 07:01:02,331 [WARNING] [MainThread] [root/weather.py:565]: Error processing weather data: Weather data is empty.. Retrying fetch in 10 seconds.
2026-08-26 07:01:12,499 [ERROR] [MainThread] [root/api.py:84]: Weather response error 403: API key has reached maximum calls per month allowed limit.
2026-08-26 07:01:12,499 [WARNING] [MainThread] [root/weather.py:565]: Error processing weather data: Weather data is empty.. Retrying fetch in 10 seconds.
2026-08-26 07:01:22,680 [ERROR] [MainThread] [root/api.py:84]: Weather response error 403: API key has reached maximum calls per month allowed limit.
2026-08-26 07:01:22,681 [WARNING] [MainThread] [root/weather.py:565]: Error processing weather data: Weather data is empty.. Retrying fetch in 10 seconds.
2026-08-26 07:01:32,849 [ERROR] [MainThread] [root/api.py:84]: Weather response error 403: API key has reached maximum calls per month allowed limit.
2026-08-26 07:01:32,849 [WARNING] [MainThread] [root/weather.py:565]: Error processing weather data: Weather data is empty.. Retrying fetch in 10 seconds.
2026-08-26 07:01:43,016 [ERROR] [MainThread] [root/api.py:84]: Weather response error 403: API key has reached maximum calls per month allowed limit.
2026-08-26 07:01:43,016 [WARNING] [MainThread] [root/weather.py:565]: Error processing weather data: Weather data is empty.. Retrying fetch in 10 seconds.
2026-08-26 07:01:53,195 [ERROR] [MainThread] [root/api.py:84]: Weather response error 403: API key has reached maximum calls per month allowed limit.
2026-08-26 07:01:53,195 [WARNING] [MainThread] [root/weather.py:565]: Error processing weather data: Weather data is empty.. Retrying fetch in 10 seconds.
2026-08-26 07:02:03,359 [ERROR] [MainThread] [root/api.py:84]: Weather response error 403: API key has reached maximum calls per month allowed limit.
2026-08-26 07:02:03,359 [WARNING] [MainThread] [root/weather.py:565]: Error processing weather data: Weather data is empty.. Retrying fetch in 10 seconds.
2026-08-26 07:02:13,530 [ERROR] [MainThread] [root/api.py:84]: Weather response error 403: API key has reached maximum calls per month allowed limit.
2026-08-26 07:02:13,531 [WARNING] [MainThread] [root/weather.py:565]: Error processing weather data: Weather data is empty.. Retrying fetch in 10 seconds.
2026-08-26 07:02:23,704 [ERROR] [MainThread] [root/api.py:84]: Weather response error 403: API key has reached maximum calls per month allowed limit.
2026-08-26 07:02:23,704 [WARNING] [MainThread] [root/weather.py:565]: Error processing weather data: Weather data is empty.. Retrying fetch in 10 seconds.
2026-08-26 07:02:33,882 [ERROR] [MainThread] [root/api.py:84]: Weather response error 403: API key has reached maximum calls per month allowed limit.
2026-08-26 07:02:33,882 [WARNING] [MainThread] [root/weather.py:565]: Error processing weather data: Weather data is empty.. Retrying fetch in 10 seconds.
2026-08-26 07:02:44,051 [ERROR] [MainThread] [root/api.py:84]: Weather response error 403: API key has reached maximum calls per month allowed limit.
2026-08-26 07:02:44,051 [WARNING] [MainThread] [root/weather.py:565]: Error processing weather data: Weather data is empty.. Retrying fetch in 10 seconds.
2026-08-26 07:02:54,224 [ERROR] [MainThread] [root/api.py:84]: Weather response error 403: API key has reached maximum calls per month allowed limit.
2026-08-26 07:02:54,224 [WARNING] [MainThread] [root/weather.py:565]: Error processing weather data: Weather data is empty.. Retrying fetch in 10 seconds.
2026-08-26 07:03:04,395 [ERROR] [MainThread] [root/api.py:84]: Weather response error 403: API key has reached maximum calls per month allowed limit.
2026-08-26 07:03:04,395 [WARNING] [MainThread] [root/weather.py:565]: Error processing weather data: Weather data is empty.. Retrying fetch in 10 seconds.
2026-08-26 07:03:14,586 [ERROR] [MainThread] [root/api.py:84]: Weather response error 403: API key has reached maximum calls per month allowed limit.
2026-08-26 07:03:14,586 [WARNING] [MainThread] [root/weather.py:565]: Error processing weather data: Weather data is empty.. Retrying fetch in 10 seconds.
2026-08-26 07:03:24,762 [ERROR] [MainThread] [root/api.py:84]: Weather response error 403: API key has reached maximum calls per month allowed limit.
2026-08-26 07:03:24,762 [WARNING] [MainThread] [root/weather.py:565]: Error processing weather data: Weather data is empty.. Retrying fetch in 10 seconds.
2026-08-26 07:03:34,925 [ERROR] [MainThread] [root/api.py:84]: Weather response error 403: API key has reached maximum calls per month allowed limit.
2026-08-26 07:03:34,925 [WARNING] [MainThread] [root/weather.py:565]: Error processing weather data: Weather data is empty.. Retrying fetch in 10 seconds.
2026-08-26 07:03:45,090 [ERROR] [MainThread] [root/api.py:84]: Weather response error 403: API key has reached maximum calls per month allowed limit.
2026-08-26 07:03:45,090 [WARNING] [MainThread] [root/weather.py:565]: Error processing weather data: Weather data is empty.. Retrying fetch in 10 seconds.
2026-08-26 07:03:55,260 [ERROR] [MainThread] [root/api.py:84]: Weather response error 403: API key has reached maximum calls per month allowed limit.
2026-08-26 07:03:55,260 [WARNING] [MainThread] [root/weather.py:565]: Error processing weather data: Weather data is empty.. Retrying fetch in 10 seconds.
2026-08-26 07:04:05,419 [ERROR] [MainThread] [root/api.py:84]: Weather response error 403: API key has reached maximum calls per month allowed limit.
2026-08-26 07:04:05,419 [WARNING] [MainThread] [root/weather.py:565]: Error processing weather data: Weather data is empty.. Retrying fetch in 10 seconds.
2026-08-26 07:04:15,597 [ERROR] [MainThread] [root/api.py:84]: Weather response error 403: API key has reached maximum calls per month allowed limit.
2026-08-26 07:04:15,597 [WARNING] [MainThread] [root/weather.py:565]: Error processing weather data: Weather data is empty.. Retrying fetch in 10 seconds.
2026-08-26 07:04:25,766 [ERROR] [MainThread] [root/api.py:84]: Weather response error 403: API key has reached maximum calls per month allowed limit.
2026-08-26 07:04:25,766 [WARNING] [MainThread] [root/weather.py:565]: Error processing weather data: Weather data is empty.. Retrying fetch in 10 seconds.
2026-08-26 07:04:35,934 [ERROR] [MainThread] [root/api.py:84]: Weather response error 403: API key has reached maximum calls per month allowed limit.
2026-08-26 07:04:35,934 [WARNING] [MainThread] [root/weather.py:565]: Error processing weather data: Weather data is empty.. Retrying fetch in 10 seconds.
2026-08-26 07:04:46,139 [ERROR] [MainThread] [root/api.py:84]: Weather response error 403: API key has reached maximum calls per month allowed limit.
2026-08-26 07:04:46,139 [WARNING] [MainThread] [root/weather.py:565]: Error processing weather data: Weather data is empty.. Retrying fetch in 10 seconds.
2026-08-26 07:04:56,314 [ERROR] [MainThread] [root/api.py:84]: Weather response error 403: API key has reached maximum calls per month allowed limit.
2026-08-26 07:04:56,314 [WARNING] [MainThread] [root/weather.py:565]: Error processing weather data: Weather data is empty.. Retrying fetch in 10 seconds.
2026-08-26 07:05:06,493 [ERROR] [MainThread] [root/api.py:84]: Weather response error 403: API key has reached maximum calls per month allowed limit.
2026-08-26 07:05:06,493 [WARNING] [MainThread] [root/weather.py:565]: Error processing weather data: Weather data is empty.. Retrying fetch in 10 seconds.
2026-08-26 07:05:16,656 [ERROR] [MainThread] [root/api.py:84]: Weather response error 403: API key has reached maximum calls per month allowed limit.
2026-08-26 07:05:16,656 [WARNING] [MainThread] [root/weather.py:565]: Error processing weather data: Weather data is empty.. Retrying fetch in 10 seconds.
2026-08-26 07:05:26,824 [ERROR] [MainThread] [root/api.py:84]: Weather response error 403: API key has reached maximum calls per month allowed limit.
2026-08-26 07:05:26,824 [WARNING] [MainThread] [root/weather.py:565]: Error processing weather data: Weather data is empty.. Retrying fetch in 10 seconds.
2026-08-26 07:05:36,990 [ERROR] [MainThread] [root/api.py:84]: Weather response error 403: API key has reached maximum calls per month allowed limit.
2026-08-26 07:05:36,990 [WARNING] [MainThread] [root/weather.py:565]: Error processing weather data: Weather data is empty.. Retrying fetch in 10 seconds.
2026-08-26 07:05:47,149 [ERROR] [MainThread] [root/api.py:84]: Weather response error 403: API key has reached maximum calls per month allowed limit.
2026-08-26 07:05:47,149 [WARNING] [MainThread] [root/weather.py:565]: Error processing weather data: Weather data is empty.. Retrying fetch in 10 seconds.
2026-08-26 07:05:57,305 [ERROR] [MainThread] [root/api.py:84]: Weather response error 403: API key has reached maximum calls per month allowed limit.
2026-08-26 07:05:57,305 [WARNING] [MainThread] [root/weather.py:565]: Error processing weather data: Weather data is empty.. Retrying fetch in 10 seconds.
2026-08-26 07:06:07,517 [ERROR] [MainThread] [root/api.py:84]: Weather response error 403: API key has reached maximum calls per month allowed limit.
2026-08-26 07:06:07,517 [WARNING] [MainThread] [root/weather.py:565]: Error processing weather data: Weather data is empty.. Retrying fetch in 10 seconds.
2026-08-26 07:06:17,725 [ERROR] [MainThread] [root/api.py:84]: Weather response error 403: API key has reached maximum calls per month allowed limit.
2026-08-26 07:06:17,725 [WARNING] [MainThread] [root/weather.py:565]: Error processing weather data: Weather data is empty.. Retrying fetch in 10 seconds.
2026-08-26 07:06:27,888 [ERROR] [MainThread] [root/api.py:84]: Weather response error 403: API key has reached maximum calls per month allowed limit.
2026-08-26 07:06:27,888 [WARNING] [MainThread] [root/weather.py:565]: Error processing weather data: Weather data is empty.. Retrying fetch in 10 seconds.
2026-08-26 07:06:38,062 [ERROR] [MainThread] [root/api.py:84]: Weather response error 403: API key has reached maximum calls per month allowed limit.
2026-08-26 07:06:38,062 [WARNING] [MainThread] [root/weather.py:565]: Error processing weather data: Weather data is empty.. Retrying fetch in 10 seconds.
2026-08-26 07:06:48,242 [ERROR] [MainThread] [root/api.py:84]: Weather response error 403: API key has reached maximum calls per month allowed limit.
2026-08-26 07:06:48,242 [WARNING] [MainThread] [root/weather.py:565]: Error processing weather data: Weather data is empty.. Retrying fetch in 10 seconds.
2026-08-26 07:06:58,403 [ERROR] [MainThread] [root/api.py:84]: Weather response error 403: API key has reached maximum calls per month allowed limit.
2026-08-26 07:06:58,403 [WARNING] [MainThread] [root/weather.py:565]: Error processing weather data: Weather data is empty.. Retrying fetch in 10 seconds.
2026-08-26 07:07:08,573 [ERROR] [MainThread] [root/api.py:84]: Weather response error 403: API key has reached maximum calls per month allowed limit.
2026-08-26 07:07:08,573 [WARNING] [MainThread] [root/weather.py:565]: Error processing weather data: Weather data is empty.. Retrying fetch in 10 seconds.
2026-08-26 07:07:18,728 [ERROR] [MainThread] [root/api.py:84]: Weather response error 403: API key has reached maximum calls per month allowed limit.
2026-08-26 07:07:18,728 [WARNING] [MainThread] [root/weather.py:565]: Error processing weather data: Weather data is empty.. Retrying fetch in 10 seconds.
2026-08-26 07:07:28,895 [ERROR] [MainThread] [root/api.py:84]: Weather response error 403: API key has reached maximum calls per month allowed limit.
2026-08-26 07:07:28,896 [WARNING] [MainThread] [root/weather.py:565]: Error processing weather data: Weather data is empty.. Retrying fetch in 10 seconds.
2026-08-26 07:07:39,058 [ERROR] [MainThread] [root/api.py:84]: Weather response error 403: API key has reached maximum calls per month allowed limit.
2026-08-26 07:07:39,058 [WARNING] [MainThread] [root/weather.py:565]: Error processing weather data: Weather data is empty.. Retrying fetch in 10 seconds.
2026-08-26 07:07:49,213 [ERROR] [MainThread] [root/api.py:84]: Weather response error 403: API key has reached maximum calls per month allowed limit.
2026-08-26 07:07:49,213 [WARNING] [MainThread] [root/weather.py:565]: Error processing weather data: Weather data is empty.. Retrying fetch in 10 seconds.
2026-08-26 07:07:59,371 [ERROR] [MainThread] [root/api.py:84]: Weather response error 403: API key has reached maximum calls per month allowed limit.
2026-08-26 07:07:59,371 [WARNING] [MainThread] [root/weather.py:565]: Error processing weather data: Weather data is empty.. Retrying fetch in 10 seconds.
2026-08-26 07:08:09,543 [ERROR] [MainThread] [root/api.py:84]: Weather response error 403: API key has reached maximum calls per month allowed limit.
2026-08-26 07:08:09,543 [WARNING] [MainThread] [root/weather.py:565]: Error processing weather data: Weather data is empty.. Retrying fetch in 10 seconds.
2026-08-26 07:08:19,712 [ERROR] [MainThread] [root/api.py:84]: Weather response error 403: API key has reached maximum calls per month allowed limit.
2026-08-26 07:08:19,712 [WARNING] [MainThread] [root/weather.py:565]: Error processing weather data: Weather data is empty.. Retrying fetch in 10 seconds.
2026-08-26 07:08:29,868 [ERROR] [MainThread] [root/api.py:84]: Weather response error 403: API key has reached maximum calls per month allowed limit.
2026-08-26 07:08:29,868 [WARNING] [MainThread] [root/weather.py:565]: Error processing weather data: Weather data is empty.. Retrying fetch in 10 seconds.
2026-08-26 07:08:40,026 [ERROR] [MainThread] [root/api.py:84]: Weather response error 403: API key has reached maximum calls per month allowed limit.
2026-08-26 07:08:40,026 [WARNING] [MainThread] [root/weather.py:565]: Error processing weather data: Weather data is empty.. Retrying fetch in 10 seconds.
2026-08-26 07:08:50,187 [ERROR] [MainThread] [root/api.py:84]: Weather response error 403: API key has reached maximum calls per month allowed limit.
2026-08-26 07:08:50,187 [WARNING] [MainThread] [root/weather.py:565]: Error processing weather data: Weather data is empty.. Retrying fetch in 10 seconds.
2026-08-26 07:09:00,353 [ERROR] [MainThread] [root/api.py:84]: Weather response error 403: API key has reached maximum calls per month allowed limit.
2026-08-26 07:09:00,354 [WARNING] [MainThread] [root/weather.py:565]: Error processing weather data: Weather data is empty.. Retrying fetch in 10 seconds.
2026-08-26 07:09:10,510 [ERROR] [MainThread] [root/api.py:84]: Weather response error 403: API key has reached maximum calls per month allowed limit.
2026-08-26 07:09:10,510 [WARNING] [MainThread] [root/weather.py:565]: Error processing weather data: Weather data is empty.. Retrying fetch in 10 seconds.
2026-08-26 07:09:20,665 [ERROR] [MainThread] [root/api.py:84]: Weather response error 403: API key has reached maximum calls per month allowed limit.
2026-08-26 07:09:20,665 [WARNING] [MainThread] [root/weather.py:565]: Error processing weather data: Weather data is empty.. Retrying fetch in 10 seconds.
2026-08-26 07:09:30,822 [ERROR] [MainThread] [root/api.py:84]: Weather response error 403: API key has reached maximum calls per month allowed limit.
2026-08-26 07:09:30,822 [WARNING] [MainThread] [root/weather.py:565]: Error processing weather data: Weather data is empty.. Retrying fetch in 10 seconds.
2026-08-26 07:09:40,987 [ERROR] [MainThread] [root/api.py:84]: Weather response error 403: API key has reached maximum calls per month allowed limit.
2026-08-26 07:09:40,987 [WARNING] [MainThread] [root/weather.py:565]: Error processing weather data: Weather data is empty.. Retrying fetch in 10 seconds.
2026-08-26 07:09:51,158 [ERROR] [MainThread] [root/api.py:84]: Weather response error 403: API key has reached maximum calls per month allowed limit.
2026-08-26 07:09:51,158 [WARNING] [MainThread] [root/weather.py:565]: Error processing weather data: Weather data is empty.. Retrying fetch in 10 seconds.
2026-08-26 07:10:01,393 [ERROR] [MainThread] [root/api.py:84]: Weather response error 403: API key has reached maximum calls per month allowed limit.
2026-08-26 07:10:01,393 [WARNING] [MainThread] [root/weather.py:565]: Error processing weather data: Weather data is empty.. Retrying fetch in 10 seconds.
2026-08-26 07:10:11,557 [ERROR] [MainThread] [root/api.py:84]: Weather response error 403: API key has reached maximum calls per month allowed limit.
2026-08-26 07:10:11,557 [WARNING] [MainThread] [root/weather.py:565]: Error processing weather data: Weather data is empty.. Retrying fetch in 10 seconds.
2026-08-26 07:10:21,728 [ERROR] [MainThread] [root/api.py:84]: Weather response error 403: API key has reached maximum calls per month allowed limit.
2026-08-26 07:10:21,728 [WARNING] [MainThread] [root/weather.py:565]: Error processing weather data: Weather data is empty.. Retrying fetch in 10 seconds.
2026-08-26 07:10:24,680 [ERROR] [MainThread] [root/api.py:84]: Weather response error 403: API key has reached maximum calls per month allowed limit.
2026-08-26 07:10:31,884 [ERROR] [MainThread] [root/api.py:84]: Weather response error 403: API key has reached maximum calls per month allowed limit.
2026-08-26 07:10:31,884 [WARNING] [MainThread] [root/weather.py:565]: Error processing weather data: Weather data is empty.. Retrying fetch in 10 seconds.
2026-08-26 07:10:42,043 [ERROR] [MainThread] [root/api.py:84]: Weather response error 403: API key has reached maximum calls per month allowed limit.
2026-08-26 07:10:42,043 [WARNING] [MainThread] [root/weather.py:565]: Error processing weather data: Weather data is empty.. Retrying fetch in 10 seconds.
2026-08-26 07:10:52,197 [ERROR] [MainThread] [root/api.py:84]: Weather response error 403: API key has reached maximum calls per month allowed limit.
2026-08-26 07:10:52,197 [WARNING] [MainThread] [root/weather.py:565]: Error processing weather data: Weather data is empty.. Retrying fetch in 10 seconds.
2026-08-26 07:11:02,373 [ERROR] [MainThread] [root/api.py:84]: Weather response error 403: API key has reached maximum calls per month allowed limit.
2026-08-26 07:11:02,373 [WARNING] [MainThread] [root/weather.py:565]: Error processing weather data: Weather data is empty.. Retrying fetch in 10 seconds.
2026-08-26 07:11:12,547 [ERROR] [MainThread] [root/api.py:84]: Weather response error 403: API key has reached maximum calls per month allowed limit.
2026-08-26 07:11:12,547 [WARNING] [MainThread] [root/weather.py:565]: Error processing weather data: Weather data is empty.. Retrying fetch in 10 seconds.
2026-08-26 07:11:22,713 [ERROR] [MainThread] [root/api.py:84]: Weather response error 403: API key has reached maximum calls per month allowed limit.
2026-08-26 07:11:22,713 [WARNING] [MainThread] [root/weather.py:565]: Error processing weather data: Weather data is empty.. Retrying fetch in 10 seconds.
2026-08-26 07:11:32,874 [ERROR] [MainThread] [root/api.py:84]: Weather response error 403: API key has reached maximum calls per month allowed limit.
2026-08-26 07:11:32,874 [WARNING] [MainThread] [root/weather.py:565]: Error processing weather data: Weather data is empty.. Retrying fetch in 10 seconds.
2026-08-26 07:11:43,045 [ERROR] [MainThread] [root/api.py:84]: Weather response error 403: API key has reached maximum calls per month allowed limit.
2026-08-26 07:11:43,045 [WARNING] [MainThread] [root/weather.py:565]: Error processing weather data: Weather data is empty.. Retrying fetch in 10 seconds.
2026-08-26 07:11:53,213 [ERROR] [MainThread] [root/api.py:84]: Weather response error 403: API key has reached maximum calls per month allowed limit.
2026-08-26 07:11:53,213 [WARNING] [MainThread] [root/weather.py:565]: Error processing weather data: Weather data is empty.. Retrying fetch in 10 seconds.
2026-08-26 07:12:03,386 [ERROR] [MainThread] [root/api.py:84]: Weather response error 403: API key has reached maximum calls per month allowed limit.
2026-08-26 07:12:03,386 [WARNING] [MainThread] [root/weather.py:565]: Error processing weather data: Weather data is empty.. Retrying fetch in 10 seconds.
2026-08-26 07:12:13,547 [ERROR] [MainThread] [root/api.py:84]: Weather response error 403: API key has reached maximum calls per month allowed limit.
2026-08-26 07:12:13,547 [WARNING] [MainThread] [root/weather.py:565]: Error processing weather data: Weather data is empty.. Retrying fetch in 10 seconds.
2026-08-26 07:12:23,720 [ERROR] [MainThread] [root/api.py:84]: Weather response error 403: API key has reached maximum calls per month allowed limit.
2026-08-26 07:12:23,720 [WARNING] [MainThread] [root/weather.py:565]: Error processing weather data: Weather data is empty.. Retrying fetch in 10 seconds.
2026-08-26 07:12:33,900 [ERROR] [MainThread] [root/api.py:84]: Weather response error 403: API key has reached maximum calls per month allowed limit.
2026-08-26 07:12:33,900 [WARNING] [MainThread] [root/weather.py:565]: Error processing weather data: Weather data is empty.. Retrying fetch in 10 seconds.
2026-08-26 07:12:44,062 [ERROR] [MainThread] [root/api.py:84]: Weather response error 403: API key has reached maximum calls per month allowed limit.
2026-08-26 07:12:44,062 [WARNING] [MainThread] [root/weather.py:565]: Error processing weather data: Weather data is empty.. Retrying fetch in 10 seconds.
2026-08-26 07:12:54,230 [ERROR] [MainThread] [root/api.py:84]: Weather response error 403: API key has reached maximum calls per month allowed limit.
2026-08-26 07:12:54,231 [WARNING] [MainThread] [root/weather.py:565]: Error processing weather data: Weather data is empty.. Retrying fetch in 10 seconds.
2026-08-26 07:13:04,411 [ERROR] [MainThread] [root/api.py:84]: Weather response error 403: API key has reached maximum calls per month allowed limit.
2026-08-26 07:13:04,411 [WARNING] [MainThread] [root/weather.py:565]: Error processing weather data: Weather data is empty.. Retrying fetch in 10 seconds.
2026-08-26 07:13:14,586 [ERROR] [MainThread] [root/api.py:84]: Weather response error 403: API key has reached maximum calls per month allowed limit.
2026-08-26 07:13:14,586 [WARNING] [MainThread] [root/weather.py:565]: Error processing weather data: Weather data is empty.. Retrying fetch in 10 seconds.
2026-08-26 07:13:24,746 [ERROR] [MainThread] [root/api.py:84]: Weather response error 403: API key has reached maximum calls per month allowed limit.
2026-08-26 07:13:24,746 [WARNING] [MainThread] [root/weather.py:565]: Error processing weather data: Weather data is empty.. Retrying fetch in 10 seconds.
2026-08-26 07:13:34,919 [ERROR] [MainThread] [root/api.py:84]: Weather response error 403: API key has reached maximum calls per month allowed limit.
2026-08-26 07:13:34,920 [WARNING] [MainThread] [root/weather.py:565]: Error processing weather data: Weather data is empty.. Retrying fetch in 10 seconds.
2026-08-26 07:13:45,090 [ERROR] [MainThread] [root/api.py:84]: Weather response error 403: API key has reached maximum calls per month allowed limit.
2026-08-26 07:13:45,090 [WARNING] [MainThread] [root/weather.py:565]: Error processing weather data: Weather data is empty.. Retrying fetch in 10 seconds.
2026-08-26 07:13:55,245 [ERROR] [MainThread] [root/api.py:84]: Weather response error 403: API key has reached maximum calls per month allowed limit.
2026-08-26 07:13:55,245 [WARNING] [MainThread] [root/weather.py:565]: Error processing weather data: Weather data is empty.. Retrying fetch in 10 seconds.
2026-08-26 07:14:05,401 [ERROR] [MainThread] [root/api.py:84]: Weather response error 403: API key has reached maximum calls per month allowed limit.
2026-08-26 07:14:05,401 [WARNING] [MainThread] [root/weather.py:565]: Error processing weather data: Weather data is empty.. Retrying fetch in 10 seconds.
2026-08-26 07:14:15,563 [ERROR] [MainThread] [root/api.py:84]: Weather response error 403: API key has reached maximum calls per month allowed limit.
2026-08-26 07:14:15,563 [WARNING] [MainThread] [root/weather.py:565]: Error processing weather data: Weather data is empty.. Retrying fetch in 10 seconds.
2026-08-26 07:14:25,733 [ERROR] [MainThread] [root/api.py:84]: Weather response error 403: API key has reached maximum calls per month allowed limit.
2026-08-26 07:14:25,733 [WARNING] [MainThread] [root/weather.py:565]: Error processing weather data: Weather data is empty.. Retrying fetch in 10 seconds.
2026-08-26 07:14:35,910 [ERROR] [MainThread] [root/api.py:84]: Weather response error 403: API key has reached maximum calls per month allowed limit.
2026-08-26 07:14:35,910 [WARNING] [MainThread] [root/weather.py:565]: Error processing weather data: Weather data is empty.. Retrying fetch in 10 seconds.
2026-08-26 07:14:46,079 [ERROR] [MainThread] [root/api.py:84]: Weather response error 403: API key has reached maximum calls per month allowed limit.
2026-08-26 07:14:46,079 [WARNING] [MainThread] [root/weather.py:565]: Error processing weather data: Weather data is empty.. Retrying fetch in 10 seconds.
2026-08-26 07:14:56,250 [ERROR] [MainThread] [root/api.py:84]: Weather response error 403: API key has reached maximum calls per month allowed limit.
2026-08-26 07:14:56,250 [WARNING] [MainThread] [root/weather.py:565]: Error processing weather data: Weather data is empty.. Retrying fetch in 10 seconds.
2026-08-26 07:15:06,420 [ERROR] [MainThread] [root/api.py:84]: Weather response error 403: API key has reached maximum calls per month allowed limit.
2026-08-26 07:15:06,420 [WARNING] [MainThread] [root/weather.py:565]: Error processing weather data: Weather data is empty.. Retrying fetch in 10 seconds.
2026-08-26 07:15:16,590 [ERROR] [MainThread] [root/api.py:84]: Weather response error 403: API key has reached maximum calls per month allowed limit.
2026-08-26 07:15:16,590 [WARNING] [MainThread] [root/weather.py:565]: Error processing weather data: Weather data is empty.. Retrying fetch in 10 seconds.
2026-08-26 07:15:26,757 [ERROR] [MainThread] [root/api.py:84]: Weather response error 403: API key has reached maximum calls per month allowed limit.
2026-08-26 07:15:26,757 [WARNING] [MainThread] [root/weather.py:565]: Error processing weather data: Weather data is empty.. Retrying fetch in 10 seconds.
2026-08-26 07:15:36,918 [ERROR] [MainThread] [root/api.py:84]: Weather response error 403: API key has reached maximum calls per month allowed limit.
2026-08-26 07:15:36,918 [WARNING] [MainThread] [root/weather.py:565]: Error processing weather data: Weather data is empty.. Retrying fetch in 10 seconds.
2026-08-26 07:15:47,099 [ERROR] [MainThread] [root/api.py:84]: Weather response error 403: API key has reached maximum calls per month allowed limit.
2026-08-26 07:15:47,099 [WARNING] [MainThread] [root/weather.py:565]: Error processing weather data: Weather data is empty.. Retrying fetch in 10 seconds.
2026-08-26 07:15:57,318 [ERROR] [MainThread] [root/api.py:84]: Weather response error 403: API key has reached maximum calls per month allowed limit.
2026-08-26 07:15:57,318 [WARNING] [MainThread] [root/weather.py:565]: Error processing weather data: Weather data is empty.. Retrying fetch in 10 seconds.
2026-08-26 07:16:07,490 [ERROR] [MainThread] [root/api.py:84]: Weather response error 403: API key has reached maximum calls per month allowed limit.
2026-08-26 07:16:07,490 [WARNING] [MainThread] [root/weather.py:565]: Error processing weather data: Weather data is empty.. Retrying fetch in 10 seconds.
2026-08-26 07:16:17,655 [ERROR] [MainThread] [root/api.py:84]: Weather response error 403: API key has reached maximum calls per month allowed limit.
2026-08-26 07:16:17,655 [WARNING] [MainThread] [root/weather.py:565]: Error processing weather data: Weather data is empty.. Retrying fetch in 10 seconds.
2026-08-26 07:16:28,625 [ERROR] [MainThread] [root/api.py:84]: Weather response error 403: API key has reached maximum calls per month allowed limit.
2026-08-26 07:16:28,625 [WARNING] [MainThread] [root/weather.py:565]: Error processing weather data: Weather data is empty.. Retrying fetch in 10 seconds.
2026-08-26 07:16:38,803 [ERROR] [MainThread] [root/api.py:84]: Weather response error 403: API key has reached maximum calls per month allowed limit.
2026-08-26 07:16:38,804 [WARNING] [MainThread] [root/weather.py:565]: Error processing weather data: Weather data is empty.. Retrying fetch in 10 seconds.
2026-08-26 07:16:48,968 [ERROR] [MainThread] [root/api.py:84]: Weather response error 403: API key has reached maximum calls per month allowed limit.
2026-08-26 07:16:48,969 [WARNING] [MainThread] [root/weather.py:565]: Error processing weather data: Weather data is empty.. Retrying fetch in 10 seconds.
2026-08-26 07:16:59,144 [ERROR] [MainThread] [root/api.py:84]: Weather response error 403: API key has reached maximum calls per month allowed limit.
2026-08-26 07:16:59,144 [WARNING] [MainThread] [root/weather.py:565]: Error processing weather data: Weather data is empty.. Retrying fetch in 10 seconds.
2026-08-26 07:17:09,306 [ERROR] [MainThread] [root/api.py:84]: Weather response error 403: API key has reached maximum calls per month allowed limit.
2026-08-26 07:17:09,306 [WARNING] [MainThread] [root/weather.py:565]: Error processing weather data: Weather data is empty.. Retrying fetch in 10 seconds.
2026-08-26 07:17:19,470 [ERROR] [MainThread] [root/api.py:84]: Weather response error 403: API key has reached maximum calls per month allowed limit.
2026-08-26 07:17:19,470 [WARNING] [MainThread] [root/weather.py:565]: Error processing weather data: Weather data is empty.. Retrying fetch in 10 seconds.
2026-08-26 07:17:29,637 [ERROR] [MainThread] [root/api.py:84]: Weather response error 403: API key has reached maximum calls per month allowed limit.
2026-08-26 07:17:29,637 [WARNING] [MainThread] [root/weather.py:565]: Error processing weather data: Weather data is empty.. Retrying fetch in 10 seconds.
2026-08-26 07:17:39,808 [ERROR] [MainThread] [root/api.py:84]: Weather response error 403: API key has reached maximum calls per month allowed limit.
2026-08-26 07:17:39,809 [WARNING] [MainThread] [root/weather.py:565]: Error processing weather data: Weather data is empty.. Retrying fetch in 10 seconds.
2026-08-26 07:17:49,985 [ERROR] [MainThread] [root/api.py:84]: Weather response error 403: API key has reached maximum calls per month allowed limit.
2026-08-26 07:17:49,985 [WARNING] [MainThread] [root/weather.py:565]: Error processing weather data: Weather data is empty.. Retrying fetch in 10 seconds.
2026-08-26 07:18:00,231 [ERROR] [MainThread] [root/api.py:84]: Weather response error 403: API key has reached maximum calls per month allowed limit.
2026-08-26 07:18:00,232 [WARNING] [MainThread] [root/weather.py:565]: Error processing weather data: Weather data is empty.. Retrying fetch in 10 seconds.
2026-08-26 07:18:10,408 [ERROR] [MainThread] [root/api.py:84]: Weather response error 403: API key has reached maximum calls per month allowed limit.
2026-08-26 07:18:10,408 [WARNING] [MainThread] [root/weather.py:565]: Error processing weather data: Weather data is empty.. Retrying fetch in 10 seconds.
2026-08-26 07:18:20,584 [ERROR] [MainThread] [root/api.py:84]: Weather response error 403: API key has reached maximum calls per month allowed limit.
2026-08-26 07:18:20,585 [WARNING] [MainThread] [root/weather.py:565]: Error processing weather data: Weather data is empty.. Retrying fetch in 10 seconds.
2026-08-26 07:18:30,772 [ERROR] [MainThread] [root/api.py:84]: Weather response error 403: API key has reached maximum calls per month allowed limit.
2026-08-26 07:18:30,774 [WARNING] [MainThread] [root/weather.py:565]: Error processing weather data: Weather data is empty.. Retrying fetch in 10 seconds.
2026-08-26 07:18:40,951 [ERROR] [MainThread] [root/api.py:84]: Weather response error 403: API key has reached maximum calls per month allowed limit.
2026-08-26 07:18:40,951 [WARNING] [MainThread] [root/weather.py:565]: Error processing weather data: Weather data is empty.. Retrying fetch in 10 seconds.
2026-08-26 07:18:51,126 [ERROR] [MainThread] [root/api.py:84]: Weather response error 403: API key has reached maximum calls per month allowed limit.
2026-08-26 07:18:51,126 [WARNING] [MainThread] [root/weather.py:565]: Error processing weather data: Weather data is empty.. Retrying fetch in 10 seconds.
2026-08-26 07:19:01,298 [ERROR] [MainThread] [root/api.py:84]: Weather response error 403: API key has reached maximum calls per month allowed limit.
2026-08-26 07:19:01,298 [WARNING] [MainThread] [root/weather.py:565]: Error processing weather data: Weather data is empty.. Retrying fetch in 10 seconds.
2026-08-26 07:19:11,473 [ERROR] [MainThread] [root/api.py:84]: Weather response error 403: API key has reached maximum calls per month allowed limit.
2026-08-26 07:19:11,473 [WARNING] [MainThread] [root/weather.py:565]: Error processing weather data: Weather data is empty.. Retrying fetch in 10 seconds.
2026-08-26 07:19:21,642 [ERROR] [MainThread] [root/api.py:84]: Weather response error 403: API key has reached maximum calls per month allowed limit.
2026-08-26 07:19:21,642 [WARNING] [MainThread] [root/weather.py:565]: Error processing weather data: Weather data is empty.. Retrying fetch in 10 seconds.
2026-08-26 07:19:31,808 [ERROR] [MainThread] [root/api.py:84]: Weather response error 403: API key has reached maximum calls per month allowed limit.
2026-08-26 07:19:31,808 [WARNING] [MainThread] [root/weather.py:565]: Error processing weather data: Weather data is empty.. Retrying fetch in 10 seconds.
2026-08-26 07:19:41,971 [ERROR] [MainThread] [root/api.py:84]: Weather response error 403: API key has reached maximum calls per month allowed limit.
2026-08-26 07:19:41,971 [WARNING] [MainThread] [root/weather.py:565]: Error processing weather data: Weather data is empty.. Retrying fetch in 10 seconds.
2026-08-26 07:19:52,134 [ERROR] [MainThread] [root/api.py:84]: Weather response error 403: API key has reached maximum calls per month allowed limit.
2026-08-26 07:19:52,134 [WARNING] [MainThread] [root/weather.py:565]: Error processing weather data: Weather data is empty.. Retrying fetch in 10 seconds.
2026-08-26 07:20:02,304 [ERROR] [MainThread] [root/api.py:84]: Weather response error 403: API key has reached maximum calls per month allowed limit.
2026-08-26 07:20:02,304 [WARNING] [MainThread] [root/weather.py:565]: Error processing weather data: Weather data is empty.. Retrying fetch in 10 seconds.
2026-08-26 07:20:12,462 [ERROR] [MainThread] [root/api.py:84]: Weather response error 403: API key has reached maximum calls per month allowed limit.
2026-08-26 07:20:12,462 [WARNING] [MainThread] [root/weather.py:565]: Error processing weather data: Weather data is empty.. Retrying fetch in 10 seconds.
2026-08-26 07:20:22,630 [ERROR] [MainThread] [root/api.py:84]: Weather response error 403: API key has reached maximum calls per month allowed limit.
2026-08-26 07:20:22,630 [WARNING] [MainThread] [root/weather.py:565]: Error processing weather data: Weather data is empty.. Retrying fetch in 10 seconds.
2026-08-26 07:20:24,730 [ERROR] [MainThread] [root/api.py:84]: Weather response error 403: API key has reached maximum calls per month allowed limit.
2026-08-26 07:20:32,794 [ERROR] [MainThread] [root/api.py:84]: Weather response error 403: API key has reached maximum calls per month allowed limit.
2026-08-26 07:20:32,794 [WARNING] [MainThread] [root/weather.py:565]: Error processing weather data: Weather data is empty.. Retrying fetch in 10 seconds.
2026-08-26 07:20:43,015 [ERROR] [MainThread] [root/api.py:84]: Weather response error 403: API key has reached maximum calls per month allowed limit.
2026-08-26 07:20:43,015 [WARNING] [MainThread] [root/weather.py:565]: Error processing weather data: Weather data is empty.. Retrying fetch in 10 seconds.
2026-08-26 07:20:53,193 [ERROR] [MainThread] [root/api.py:84]: Weather response error 403: API key has reached maximum calls per month allowed limit.
2026-08-26 07:20:53,193 [WARNING] [MainThread] [root/weather.py:565]: Error processing weather data: Weather data is empty.. Retrying fetch in 10 seconds.
2026-08-26 07:21:03,357 [ERROR] [MainThread] [root/api.py:84]: Weather response error 403: API key has reached maximum calls per month allowed limit.
2026-08-26 07:21:03,357 [WARNING] [MainThread] [root/weather.py:565]: Error processing weather data: Weather data is empty.. Retrying fetch in 10 seconds.
2026-08-26 07:21:13,524 [ERROR] [MainThread] [root/api.py:84]: Weather response error 403: API key has reached maximum calls per month allowed limit.
2026-08-26 07:21:13,524 [WARNING] [MainThread] [root/weather.py:565]: Error processing weather data: Weather data is empty.. Retrying fetch in 10 seconds.
2026-08-26 07:21:23,680 [ERROR] [MainThread] [root/api.py:84]: Weather response error 403: API key has reached maximum calls per month allowed limit.
2026-08-26 07:21:23,680 [WARNING] [MainThread] [root/weather.py:565]: Error processing weather data: Weather data is empty.. Retrying fetch in 10 seconds.
2026-08-26 07:21:33,849 [ERROR] [MainThread] [root/api.py:84]: Weather response error 403: API key has reached maximum calls per month allowed limit.
2026-08-26 07:21:33,849 [WARNING] [MainThread] [root/weather.py:565]: Error processing weather data: Weather data is empty.. Retrying fetch in 10 seconds.
2026-08-26 07:21:44,018 [ERROR] [MainThread] [root/api.py:84]: Weather response error 403: API key has reached maximum calls per month allowed limit.
2026-08-26 07:21:44,018 [WARNING] [MainThread] [root/weather.py:565]: Error processing weather data: Weather data is empty.. Retrying fetch in 10 seconds.
2026-08-26 07:21:54,184 [ERROR] [MainThread] [root/api.py:84]: Weather response error 403: API key has reached maximum calls per month allowed limit.
2026-08-26 07:21:54,184 [WARNING] [MainThread] [root/weather.py:565]: Error processing weather data: Weather data is empty.. Retrying fetch in 10 seconds.
2026-08-26 07:22:04,354 [ERROR] [MainThread] [root/api.py:84]: Weather response error 403: API key has reached maximum calls per month allowed limit.
2026-08-26 07:22:04,354 [WARNING] [MainThread] [root/weather.py:565]: Error processing weather data: Weather data is empty.. Retrying fetch in 10 seconds.
2026-08-26 07:22:14,508 [ERROR] [MainThread] [root/api.py:84]: Weather response error 403: API key has reached maximum calls per month allowed limit.
2026-08-26 07:22:14,508 [WARNING] [MainThread] [root/weather.py:565]: Error processing weather data: Weather data is empty.. Retrying fetch in 10 seconds.
2026-08-26 07:22:24,661 [ERROR] [MainThread] [root/api.py:84]: Weather response error 403: API key has reached maximum calls per month allowed limit.
2026-08-26 07:22:24,661 [WARNING] [MainThread] [root/weather.py:565]: Error processing weather data: Weather data is empty.. Retrying fetch in 10 seconds.
2026-08-26 07:22:34,815 [ERROR] [MainThread] [root/api.py:84]: Weather response error 403: API key has reached maximum calls per month allowed limit.
2026-08-26 07:22:34,815 [WARNING] [MainThread] [root/weather.py:565]: Error processing weather data: Weather data is empty.. Retrying fetch in 10 seconds.
2026-08-26 07:22:44,972 [ERROR] [MainThread] [root/api.py:84]: Weather response error 403: API key has reached maximum calls per month allowed limit.
2026-08-26 07:22:44,972 [WARNING] [MainThread] [root/weather.py:565]: Error processing weather data: Weather data is empty.. Retrying fetch in 10 seconds.
2026-08-26 07:22:55,136 [ERROR] [MainThread] [root/api.py:84]: Weather response error 403: API key has reached maximum calls per month allowed limit.
2026-08-26 07:22:55,136 [WARNING] [MainThread] [root/weather.py:565]: Error processing weather data: Weather data is empty.. Retrying fetch in 10 seconds.
2026-08-26 07:23:05,285 [ERROR] [MainThread] [root/api.py:84]: Weather response error 403: API key has reached maximum calls per month allowed limit.
2026-08-26 07:23:05,285 [WARNING] [MainThread] [root/weather.py:565]: Error processing weather data: Weather data is empty.. Retrying fetch in 10 seconds.
2026-08-26 07:23:15,445 [ERROR] [MainThread] [root/api.py:84]: Weather response error 403: API key has reached maximum calls per month allowed limit.
2026-08-26 07:23:15,445 [WARNING] [MainThread] [root/weather.py:565]: Error processing weather data: Weather data is empty.. Retrying fetch in 10 seconds.
2026-08-26 07:23:25,602 [ERROR] [MainThread] [root/api.py:84]: Weather response error 403: API key has reached maximum calls per month allowed limit.
2026-08-26 07:23:25,602 [WARNING] [MainThread] [root/weather.py:565]: Error processing weather data: Weather data is empty.. Retrying fetch in 10 seconds.
2026-08-26 07:23:35,755 [ERROR] [MainThread] [root/api.py:84]: Weather response error 403: API key has reached maximum calls per month allowed limit.
2026-08-26 07:23:35,755 [WARNING] [MainThread] [root/weather.py:565]: Error processing weather data: Weather data is empty.. Retrying fetch in 10 seconds.
2026-08-26 07:23:45,910 [ERROR] [MainThread] [root/api.py:84]: Weather response error 403: API key has reached maximum calls per month allowed limit.
2026-08-26 07:23:45,910 [WARNING] [MainThread] [root/weather.py:565]: Error processing weather data: Weather data is empty.. Retrying fetch in 10 seconds.
2026-08-26 07:23:56,066 [ERROR] [MainThread] [root/api.py:84]: Weather response error 403: API key has reached maximum calls per month allowed limit.
2026-08-26 07:23:56,066 [WARNING] [MainThread] [root/weather.py:565]: Error processing weather data: Weather data is empty.. Retrying fetch in 10 seconds.
2026-08-26 07:24:06,228 [ERROR] [MainThread] [root/api.py:84]: Weather response error 403: API key has reached maximum calls per month allowed limit.
2026-08-26 07:24:06,228 [WARNING] [MainThread] [root/weather.py:565]: Error processing weather data: Weather data is empty.. Retrying fetch in 10 seconds.
2026-08-26 07:24:16,382 [ERROR] [MainThread] [root/api.py:84]: Weather response error 403: API key has reached maximum calls per month allowed limit.
2026-08-26 07:24:16,382 [WARNING] [MainThread] [root/weather.py:565]: Error processing weather data: Weather data is empty.. Retrying fetch in 10 seconds.
2026-08-26 07:24:26,533 [ERROR] [MainThread] [root/api.py:84]: Weather response error 403: API key has reached maximum calls per month allowed limit.
2026-08-26 07:24:26,534 [WARNING] [MainThread] [root/weather.py:565]: Error processing weather data: Weather data is empty.. Retrying fetch in 10 seconds.
2026-08-26 07:24:36,693 [ERROR] [MainThread] [root/api.py:84]: Weather response error 403: API key has reached maximum calls per month allowed limit.
2026-08-26 07:24:36,693 [WARNING] [MainThread] [root/weather.py:565]: Error processing weather data: Weather data is empty.. Retrying fetch in 10 seconds.
2026-08-26 07:24:46,853 [ERROR] [MainThread] [root/api.py:84]: Weather response error 403: API key has reached maximum calls per month allowed limit.
2026-08-26 07:24:46,853 [WARNING] [MainThread] [root/weather.py:565]: Error processing weather data: Weather data is empty.. Retrying fetch in 10 seconds.
2026-08-26 07:24:57,006 [ERROR] [MainThread] [root/api.py:84]: Weather response error 403: API key has reached maximum calls per month allowed limit.
2026-08-26 07:24:57,006 [WARNING] [MainThread] [root/weather.py:565]: Error processing weather data: Weather data is empty.. Retrying fetch in 10 seconds.
2026-08-26 07:25:07,163 [ERROR] [MainThread] [root/api.py:84]: Weather response error 403: API key has reached maximum calls per month allowed limit.
2026-08-26 07:25:07,163 [WARNING] [MainThread] [root/weather.py:565]: Error processing weather data: Weather data is empty.. Retrying fetch in 10 seconds.
2026-08-26 07:25:17,320 [ERROR] [MainThread] [root/api.py:84]: Weather response error 403: API key has reached maximum calls per month allowed limit.
2026-08-26 07:25:17,320 [WARNING] [MainThread] [root/weather.py:565]: Error processing weather data: Weather data is empty.. Retrying fetch in 10 seconds.
2026-08-26 07:25:27,552 [ERROR] [MainThread] [root/api.py:84]: Weather response error 403: API key has reached maximum calls per month allowed limit.
2026-08-26 07:25:27,552 [WARNING] [MainThread] [root/weather.py:565]: Error processing weather data: Weather data is empty.. Retrying fetch in 10 seconds.
2026-08-26 07:25:37,720 [ERROR] [MainThread] [root/api.py:84]: Weather response error 403: API key has reached maximum calls per month allowed limit.
2026-08-26 07:25:37,720 [WARNING] [MainThread] [root/weather.py:565]: Error processing weather data: Weather data is empty.. Retrying fetch in 10 seconds.
2026-08-26 07:25:47,883 [ERROR] [MainThread] [root/api.py:84]: Weather response error 403: API key has reached maximum calls per month allowed limit.
2026-08-26 07:25:47,883 [WARNING] [MainThread] [root/weather.py:565]: Error processing weather data: Weather data is empty.. Retrying fetch in 10 seconds.
2026-08-26 07:25:58,041 [ERROR] [MainThread] [root/api.py:84]: Weather response error 403: API key has reached maximum calls per month allowed limit.
2026-08-26 07:25:58,041 [WARNING] [MainThread] [root/weather.py:565]: Error processing weather data: Weather data is empty.. Retrying fetch in 10 seconds.
2026-08-26 07:26:08,194 [ERROR] [MainThread] [root/api.py:84]: Weather response error 403: API key has reached maximum calls per month allowed limit.
2026-08-26 07:26:08,194 [WARNING] [MainThread] [root/weather.py:565]: Error processing weather data: Weather data is empty.. Retrying fetch in 10 seconds.
2026-08-26 07:26:18,353 [ERROR] [MainThread] [root/api.py:84]: Weather response error 403: API key has reached maximum calls per month allowed limit.
2026-08-26 07:26:18,353 [WARNING] [MainThread] [root/weather.py:565]: Error processing weather data: Weather data is empty.. Retrying fetch in 10 seconds.
2026-08-26 07:26:28,515 [ERROR] [MainThread] [root/api.py:84]: Weather response error 403: API key has reached maximum calls per month allowed limit.
2026-08-26 07:26:28,515 [WARNING] [MainThread] [root/weather.py:565]: Error processing weather data: Weather data is empty.. Retrying fetch in 10 seconds.
2026-08-26 07:26:38,678 [ERROR] [MainThread] [root/api.py:84]: Weather response error 403: API key has reached maximum calls per month allowed limit.
2026-08-26 07:26:38,678 [WARNING] [MainThread] [root/weather.py:565]: Error processing weather data: Weather data is empty.. Retrying fetch in 10 seconds.
2026-08-26 07:26:48,831 [ERROR] [MainThread] [root/api.py:84]: Weather response error 403: API key has reached maximum calls per month allowed limit.
2026-08-26 07:26:48,832 [WARNING] [MainThread] [root/weather.py:565]: Error processing weather data: Weather data is empty.. Retrying fetch in 10 seconds.
2026-08-26 07:26:58,988 [ERROR] [MainThread] [root/api.py:84]: Weather response error 403: API key has reached maximum calls per month allowed limit.
2026-08-26 07:26:58,988 [WARNING] [MainThread] [root/weather.py:565]: Error processing weather data: Weather data is empty.. Retrying fetch in 10 seconds.
2026-08-26 07:27:09,175 [ERROR] [MainThread] [root/api.py:84]: Weather response error 403: API key has reached maximum calls per month allowed limit.
2026-08-26 07:27:09,175 [WARNING] [MainThread] [root/weather.py:565]: Error processing weather data: Weather data is empty.. Retrying fetch in 10 seconds.
2026-08-26 07:27:19,340 [ERROR] [MainThread] [root/api.py:84]: Weather response error 403: API key has reached maximum calls per month allowed limit.
2026-08-26 07:27:19,340 [WARNING] [MainThread] [root/weather.py:565]: Error processing weather data: Weather data is empty.. Retrying fetch in 10 seconds.
2026-08-26 07:27:29,531 [ERROR] [MainThread] [root/api.py:84]: Weather response error 403: API key has reached maximum calls per month allowed limit.
2026-08-26 07:27:29,532 [WARNING] [MainThread] [root/weather.py:565]: Error processing weather data: Weather data is empty.. Retrying fetch in 10 seconds.
2026-08-26 07:27:39,693 [ERROR] [MainThread] [root/api.py:84]: Weather response error 403: API key has reached maximum calls per month allowed limit.
2026-08-26 07:27:39,693 [WARNING] [MainThread] [root/weather.py:565]: Error processing weather data: Weather data is empty.. Retrying fetch in 10 seconds.
2026-08-26 07:27:49,846 [ERROR] [MainThread] [root/api.py:84]: Weather response error 403: API key has reached maximum calls per month allowed limit.
2026-08-26 07:27:49,847 [WARNING] [MainThread] [root/weather.py:565]: Error processing weather data: Weather data is empty.. Retrying fetch in 10 seconds.
2026-08-26 07:28:00,020 [ERROR] [MainThread] [root/api.py:84]: Weather response error 403: API key has reached maximum calls per month allowed limit.
2026-08-26 07:28:00,021 [WARNING] [MainThread] [root/weather.py:565]: Error processing weather data: Weather data is empty.. Retrying fetch in 10 seconds.
2026-08-26 07:28:10,181 [ERROR] [MainThread] [root/api.py:84]: Weather response error 403: API key has reached maximum calls per month allowed limit.
2026-08-26 07:28:10,181 [WARNING] [MainThread] [root/weather.py:565]: Error processing weather data: Weather data is empty.. Retrying fetch in 10 seconds.
2026-08-26 07:28:20,342 [ERROR] [MainThread] [root/api.py:84]: Weather response error 403: API key has reached maximum calls per month allowed limit.
2026-08-26 07:28:20,342 [WARNING] [MainThread] [root/weather.py:565]: Error processing weather data: Weather data is empty.. Retrying fetch in 10 seconds.
2026-08-26 07:28:30,524 [ERROR] [MainThread] [root/api.py:84]: Weather response error 403: API key has reached maximum calls per month allowed limit.
2026-08-26 07:28:30,525 [WARNING] [MainThread] [root/weather.py:565]: Error processing weather data: Weather data is empty.. Retrying fetch in 10 seconds.
2026-08-26 07:28:40,688 [ERROR] [MainThread] [root/api.py:84]: Weather response error 403: API key has reached maximum calls per month allowed limit.
2026-08-26 07:28:40,689 [WARNING] [MainThread] [root/weather.py:565]: Error processing weather data: Weather data is empty.. Retrying fetch in 10 seconds.
2026-08-26 07:28:50,853 [ERROR] [MainThread] [root/api.py:84]: Weather response error 403: API key has reached maximum calls per month allowed limit.
2026-08-26 07:28:50,853 [WARNING] [MainThread] [root/weather.py:565]: Error processing weather data: Weather data is empty.. Retrying fetch in 10 seconds.
2026-08-26 07:29:01,007 [ERROR] [MainThread] [root/api.py:84]: Weather response error 403: API key has reached maximum calls per month allowed limit.
2026-08-26 07:29:01,007 [WARNING] [MainThread] [root/weather.py:565]: Error processing weather data: Weather data is empty.. Retrying fetch in 10 seconds.
2026-08-26 07:29:11,161 [ERROR] [MainThread] [root/api.py:84]: Weather response error 403: API key has reached maximum calls per month allowed limit.
2026-08-26 07:29:11,161 [WARNING] [MainThread] [root/weather.py:565]: Error processing weather data: Weather data is empty.. Retrying fetch in 10 seconds.
2026-08-26 07:29:22,004 [ERROR] [MainThread] [root/api.py:84]: Weather response error 403: API key has reached maximum calls per month allowed limit.
2026-08-26 07:29:22,004 [WARNING] [MainThread] [root/weather.py:565]: Error processing weather data: Weather data is empty.. Retrying fetch in 10 seconds.
2026-08-26 07:29:32,160 [ERROR] [MainThread] [root/api.py:84]: Weather response error 403: API key has reached maximum calls per month allowed limit.
2026-08-26 07:29:32,160 [WARNING] [MainThread] [root/weather.py:565]: Error processing weather data: Weather data is empty.. Retrying fetch in 10 seconds.
2026-08-26 07:29:42,669 [ERROR] [MainThread] [root/api.py:84]: Weather response error 403: API key has reached maximum calls per month allowed limit.
2026-08-26 07:29:42,669 [WARNING] [MainThread] [root/weather.py:565]: Error processing weather data: Weather data is empty.. Retrying fetch in 10 seconds.
2026-08-26 07:29:52,841 [ERROR] [MainThread] [root/api.py:84]: Weather response error 403: API key has reached maximum calls per month allowed limit.
2026-08-26 07:29:52,842 [WARNING] [MainThread] [root/weather.py:565]: Error processing weather data: Weather data is empty.. Retrying fetch in 10 seconds.
2026-08-26 07:30:03,124 [ERROR] [MainThread] [root/api.py:84]: Weather response error 403: API key has reached maximum calls per month allowed limit.
2026-08-26 07:30:03,125 [WARNING] [MainThread] [root/weather.py:565]: Error processing weather data: Weather data is empty.. Retrying fetch in 10 seconds.
2026-08-26 07:30:13,289 [ERROR] [MainThread] [root/api.py:84]: Weather response error 403: API key has reached maximum calls per month allowed limit.
2026-08-26 07:30:13,289 [WARNING] [MainThread] [root/weather.py:565]: Error processing weather data: Weather data is empty.. Retrying fetch in 10 seconds.
2026-08-26 07:30:23,473 [ERROR] [MainThread] [root/api.py:84]: Weather response error 403: API key has reached maximum calls per month allowed limit.
2026-08-26 07:30:23,473 [WARNING] [MainThread] [root/weather.py:565]: Error processing weather data: Weather data is empty.. Retrying fetch in 10 seconds.
2026-08-26 07:30:24,687 [ERROR] [MainThread] [root/api.py:84]: Weather response error 403: API key has reached maximum calls per month allowed limit.
2026-08-26 07:30:33,635 [ERROR] [MainThread] [root/api.py:84]: Weather response error 403: API key has reached maximum calls per month allowed limit.
2026-08-26 07:30:33,635 [WARNING] [MainThread] [root/weather.py:565]: Error processing weather data: Weather data is empty.. Retrying fetch in 10 seconds.
2026-08-26 07:30:43,791 [ERROR] [MainThread] [root/api.py:84]: Weather response error 403: API key has reached maximum calls per month allowed limit.
2026-08-26 07:30:43,791 [WARNING] [MainThread] [root/weather.py:565]: Error processing weather data: Weather data is empty.. Retrying fetch in 10 seconds.
2026-08-26 07:30:53,939 [ERROR] [MainThread] [root/api.py:84]: Weather response error 403: API key has reached maximum calls per month allowed limit.
2026-08-26 07:30:53,939 [WARNING] [MainThread] [root/weather.py:565]: Error processing weather data: Weather data is empty.. Retrying fetch in 10 seconds.
2026-08-26 07:31:04,130 [ERROR] [MainThread] [root/api.py:84]: Weather response error 403: API key has reached maximum calls per month allowed limit.
2026-08-26 07:31:04,130 [WARNING] [MainThread] [root/weather.py:565]: Error processing weather data: Weather data is empty.. Retrying fetch in 10 seconds.
2026-08-26 07:31:14,298 [ERROR] [MainThread] [root/api.py:84]: Weather response error 403: API key has reached maximum calls per month allowed limit.
2026-08-26 07:31:14,298 [WARNING] [MainThread] [root/weather.py:565]: Error processing weather data: Weather data is empty.. Retrying fetch in 10 seconds.
2026-08-26 07:31:24,466 [ERROR] [MainThread] [root/api.py:84]: Weather response error 403: API key has reached maximum calls per month allowed limit.
2026-08-26 07:31:24,466 [WARNING] [MainThread] [root/weather.py:565]: Error processing weather data: Weather data is empty.. Retrying fetch in 10 seconds.
2026-08-26 07:31:34,647 [ERROR] [MainThread] [root/api.py:84]: Weather response error 403: API key has reached maximum calls per month allowed limit.
2026-08-26 07:31:34,647 [WARNING] [MainThread] [root/weather.py:565]: Error processing weather data: Weather data is empty.. Retrying fetch in 10 seconds.
2026-08-26 07:31:44,802 [ERROR] [MainThread] [root/api.py:84]: Weather response error 403: API key has reached maximum calls per month allowed limit.
2026-08-26 07:31:44,802 [WARNING] [MainThread] [root/weather.py:565]: Error processing weather data: Weather data is empty.. Retrying fetch in 10 seconds.
2026-08-26 07:31:54,956 [ERROR] [MainThread] [root/api.py:84]: Weather response error 403: API key has reached maximum calls per month allowed limit.
2026-08-26 07:31:54,957 [WARNING] [MainThread] [root/weather.py:565]: Error processing weather data: Weather data is empty.. Retrying fetch in 10 seconds.
2026-08-26 07:32:05,133 [ERROR] [MainThread] [root/api.py:84]: Weather response error 403: API key has reached maximum calls per month allowed limit.
2026-08-26 07:32:05,133 [WARNING] [MainThread] [root/weather.py:565]: Error processing weather data: Weather data is empty.. Retrying fetch in 10 seconds.
2026-08-26 07:32:15,286 [ERROR] [MainThread] [root/api.py:84]: Weather response error 403: API key has reached maximum calls per month allowed limit.
2026-08-26 07:32:15,286 [WARNING] [MainThread] [root/weather.py:565]: Error processing weather data: Weather data is empty.. Retrying fetch in 10 seconds.
2026-08-26 07:32:25,440 [ERROR] [MainThread] [root/api.py:84]: Weather response error 403: API key has reached maximum calls per month allowed limit.
2026-08-26 07:32:25,440 [WARNING] [MainThread] [root/weather.py:565]: Error processing weather data: Weather data is empty.. Retrying fetch in 10 seconds.
2026-08-26 07:32:35,597 [ERROR] [MainThread] [root/api.py:84]: Weather response error 403: API key has reached maximum calls per month allowed limit.
2026-08-26 07:32:35,597 [WARNING] [MainThread] [root/weather.py:565]: Error processing weather data: Weather data is empty.. Retrying fetch in 10 seconds.
2026-08-26 07:32:45,757 [ERROR] [MainThread] [root/api.py:84]: Weather response error 403: API key has reached maximum calls per month allowed limit.
2026-08-26 07:32:45,758 [WARNING] [MainThread] [root/weather.py:565]: Error processing weather data: Weather data is empty.. Retrying fetch in 10 seconds.
2026-08-26 07:32:55,919 [ERROR] [MainThread] [root/api.py:84]: Weather response error 403: API key has reached maximum calls per month allowed limit.
2026-08-26 07:32:55,919 [WARNING] [MainThread] [root/weather.py:565]: Error processing weather data: Weather data is empty.. Retrying fetch in 10 seconds.
2026-08-26 07:33:06,091 [ERROR] [MainThread] [root/api.py:84]: Weather response error 403: API key has reached maximum calls per month allowed limit.
2026-08-26 07:33:06,091 [WARNING] [MainThread] [root/weather.py:565]: Error processing weather data: Weather data is empty.. Retrying fetch in 10 seconds.
2026-08-26 07:33:16,260 [ERROR] [MainThread] [root/api.py:84]: Weather response error 403: API key has reached maximum calls per month allowed limit.
2026-08-26 07:33:16,260 [WARNING] [MainThread] [root/weather.py:565]: Error processing weather data: Weather data is empty.. Retrying fetch in 10 seconds.
2026-08-26 07:33:26,410 [ERROR] [MainThread] [root/api.py:84]: Weather response error 403: API key has reached maximum calls per month allowed limit.
2026-08-26 07:33:26,410 [WARNING] [MainThread] [root/weather.py:565]: Error processing weather data: Weather data is empty.. Retrying fetch in 10 seconds.
2026-08-26 07:33:36,565 [ERROR] [MainThread] [root/api.py:84]: Weather response error 403: API key has reached maximum calls per month allowed limit.
2026-08-26 07:33:36,565 [WARNING] [MainThread] [root/weather.py:565]: Error processing weather data: Weather data is empty.. Retrying fetch in 10 seconds.
2026-08-26 07:33:46,721 [ERROR] [MainThread] [root/api.py:84]: Weather response error 403: API key has reached maximum calls per month allowed limit.
2026-08-26 07:33:46,721 [WARNING] [MainThread] [root/weather.py:565]: Error processing weather data: Weather data is empty.. Retrying fetch in 10 seconds.
2026-08-26 07:33:56,933 [ERROR] [MainThread] [root/api.py:84]: Weather response error 403: API key has reached maximum calls per month allowed limit.
2026-08-26 07:33:56,933 [WARNING] [MainThread] [root/weather.py:565]: Error processing weather data: Weather data is empty.. Retrying fetch in 10 seconds.
2026-08-26 07:34:07,101 [ERROR] [MainThread] [root/api.py:84]: Weather response error 403: API key has reached maximum calls per month allowed limit.
2026-08-26 07:34:07,101 [WARNING] [MainThread] [root/weather.py:565]: Error processing weather data: Weather data is empty.. Retrying fetch in 10 seconds.
2026-08-26 07:34:17,257 [ERROR] [MainThread] [root/api.py:84]: Weather response error 403: API key has reached maximum calls per month allowed limit.
2026-08-26 07:34:17,258 [WARNING] [MainThread] [root/weather.py:565]: Error processing weather data: Weather data is empty.. Retrying fetch in 10 seconds.
2026-08-26 07:34:27,509 [ERROR] [MainThread] [root/api.py:84]: Weather response error 403: API key has reached maximum calls per month allowed limit.
2026-08-26 07:34:27,509 [WARNING] [MainThread] [root/weather.py:565]: Error processing weather data: Weather data is empty.. Retrying fetch in 10 seconds.
2026-08-26 07:34:37,665 [ERROR] [MainThread] [root/api.py:84]: Weather response error 403: API key has reached maximum calls per month allowed limit.
2026-08-26 07:34:37,665 [WARNING] [MainThread] [root/weather.py:565]: Error processing weather data: Weather data is empty.. Retrying fetch in 10 seconds.
2026-08-26 07:34:47,822 [ERROR] [MainThread] [root/api.py:84]: Weather response error 403: API key has reached maximum calls per month allowed limit.
2026-08-26 07:34:47,822 [WARNING] [MainThread] [root/weather.py:565]: Error processing weather data: Weather data is empty.. Retrying fetch in 10 seconds.
2026-08-26 07:34:57,978 [ERROR] [MainThread] [root/api.py:84]: Weather response error 403: API key has reached maximum calls per month allowed limit.
2026-08-26 07:34:57,979 [WARNING] [MainThread] [root/weather.py:565]: Error processing weather data: Weather data is empty.. Retrying fetch in 10 seconds.
2026-08-26 07:35:08,133 [ERROR] [MainThread] [root/api.py:84]: Weather response error 403: API key has reached maximum calls per month allowed limit.
2026-08-26 07:35:08,133 [WARNING] [MainThread] [root/weather.py:565]: Error processing weather data: Weather data is empty.. Retrying fetch in 10 seconds.
2026-08-26 07:35:18,302 [ERROR] [MainThread] [root/api.py:84]: Weather response error 403: API key has reached maximum calls per month allowed limit.
2026-08-26 07:35:18,302 [WARNING] [MainThread] [root/weather.py:565]: Error processing weather data: Weather data is empty.. Retrying fetch in 10 seconds.
2026-08-26 07:35:28,456 [ERROR] [MainThread] [root/api.py:84]: Weather response error 403: API key has reached maximum calls per month allowed limit.
2026-08-26 07:35:28,457 [WARNING] [MainThread] [root/weather.py:565]: Error processing weather data: Weather data is empty.. Retrying fetch in 10 seconds.
2026-08-26 07:35:38,616 [ERROR] [MainThread] [root/api.py:84]: Weather response error 403: API key has reached maximum calls per month allowed limit.
2026-08-26 07:35:38,616 [WARNING] [MainThread] [root/weather.py:565]: Error processing weather data: Weather data is empty.. Retrying fetch in 10 seconds.
2026-08-26 07:35:48,822 [ERROR] [MainThread] [root/api.py:84]: Weather response error 403: API key has reached maximum calls per month allowed limit.
2026-08-26 07:35:48,822 [WARNING] [MainThread] [root/weather.py:565]: Error processing weather data: Weather data is empty.. Retrying fetch in 10 seconds.
2026-08-26 07:35:58,985 [ERROR] [MainThread] [root/api.py:84]: Weather response error 403: API key has reached maximum calls per month allowed limit.
2026-08-26 07:35:58,985 [WARNING] [MainThread] [root/weather.py:565]: Error processing weather data: Weather data is empty.. Retrying fetch in 10 seconds.
2026-08-26 07:36:09,146 [ERROR] [MainThread] [root/api.py:84]: Weather response error 403: API key has reached maximum calls per month allowed limit.
2026-08-26 07:36:09,147 [WARNING] [MainThread] [root/weather.py:565]: Error processing weather data: Weather data is empty.. Retrying fetch in 10 seconds.
2026-08-26 07:36:19,315 [ERROR] [MainThread] [root/api.py:84]: Weather response error 403: API key has reached maximum calls per month allowed limit.
2026-08-26 07:36:19,315 [WARNING] [MainThread] [root/weather.py:565]: Error processing weather data: Weather data is empty.. Retrying fetch in 10 seconds.
2026-08-26 07:36:29,474 [ERROR] [MainThread] [root/api.py:84]: Weather response error 403: API key has reached maximum calls per month allowed limit.
2026-08-26 07:36:29,474 [WARNING] [MainThread] [root/weather.py:565]: Error processing weather data: Weather data is empty.. Retrying fetch in 10 seconds.
2026-08-26 07:36:39,628 [ERROR] [MainThread] [root/api.py:84]: Weather response error 403: API key has reached maximum calls per month allowed limit.
2026-08-26 07:36:39,629 [WARNING] [MainThread] [root/weather.py:565]: Error processing weather data: Weather data is empty.. Retrying fetch in 10 seconds.
2026-08-26 07:36:49,788 [ERROR] [MainThread] [root/api.py:84]: Weather response error 403: API key has reached maximum calls per month allowed limit.
2026-08-26 07:36:49,788 [WARNING] [MainThread] [root/weather.py:565]: Error processing weather data: Weather data is empty.. Retrying fetch in 10 seconds.
2026-08-26 07:36:59,942 [ERROR] [MainThread] [root/api.py:84]: Weather response error 403: API key has reached maximum calls per month allowed limit.
2026-08-26 07:36:59,942 [WARNING] [MainThread] [root/weather.py:565]: Error processing weather data: Weather data is empty.. Retrying fetch in 10 seconds.
2026-08-26 07:37:10,097 [ERROR] [MainThread] [root/api.py:84]: Weather response error 403: API key has reached maximum calls per month allowed limit.
2026-08-26 07:37:10,097 [WARNING] [MainThread] [root/weather.py:565]: Error processing weather data: Weather data is empty.. Retrying fetch in 10 seconds.
2026-08-26 07:37:20,254 [ERROR] [MainThread] [root/api.py:84]: Weather response error 403: API key has reached maximum calls per month allowed limit.
2026-08-26 07:37:20,255 [WARNING] [MainThread] [root/weather.py:565]: Error processing weather data: Weather data is empty.. Retrying fetch in 10 seconds.
2026-08-26 07:37:30,427 [ERROR] [MainThread] [root/api.py:84]: Weather response error 403: API key has reached maximum calls per month allowed limit.
2026-08-26 07:37:30,427 [WARNING] [MainThread] [root/weather.py:565]: Error processing weather data: Weather data is empty.. Retrying fetch in 10 seconds.
2026-08-26 07:37:40,587 [ERROR] [MainThread] [root/api.py:84]: Weather response error 403: API key has reached maximum calls per month allowed limit.
2026-08-26 07:37:40,587 [WARNING] [MainThread] [root/weather.py:565]: Error processing weather data: Weather data is empty.. Retrying fetch in 10 seconds.
2026-08-26 07:37:50,738 [ERROR] [MainThread] [root/api.py:84]: Weather response error 403: API key has reached maximum calls per month allowed limit.
2026-08-26 07:37:50,739 [WARNING] [MainThread] [root/weather.py:565]: Error processing weather data: Weather data is empty.. Retrying fetch in 10 seconds.
2026-08-26 07:38:00,908 [ERROR] [MainThread] [root/api.py:84]: Weather response error 403: API key has reached maximum calls per month allowed limit.
2026-08-26 07:38:00,908 [WARNING] [MainThread] [root/weather.py:565]: Error processing weather data: Weather data is empty.. Retrying fetch in 10 seconds.
2026-08-26 07:38:11,092 [ERROR] [MainThread] [root/api.py:84]: Weather response error 403: API key has reached maximum calls per month allowed limit.
2026-08-26 07:38:11,092 [WARNING] [MainThread] [root/weather.py:565]: Error processing weather data: Weather data is empty.. Retrying fetch in 10 seconds.
2026-08-26 07:38:21,264 [ERROR] [MainThread] [root/api.py:84]: Weather response error 403: API key has reached maximum calls per month allowed limit.
2026-08-26 07:38:21,264 [WARNING] [MainThread] [root/weather.py:565]: Error processing weather data: Weather data is empty.. Retrying fetch in 10 seconds.
2026-08-26 07:38:31,425 [ERROR] [MainThread] [root/api.py:84]: Weather response error 403: API key has reached maximum calls per month allowed limit.
2026-08-26 07:38:31,426 [WARNING] [MainThread] [root/weather.py:565]: Error processing weather data: Weather data is empty.. Retrying fetch in 10 seconds.
2026-08-26 07:38:41,579 [ERROR] [MainThread] [root/api.py:84]: Weather response error 403: API key has reached maximum calls per month allowed limit.
2026-08-26 07:38:41,579 [WARNING] [MainThread] [root/weather.py:565]: Error processing weather data: Weather data is empty.. Retrying fetch in 10 seconds.
2026-08-26 07:38:51,745 [ERROR] [MainThread] [root/api.py:84]: Weather response error 403: API key has reached maximum calls per month allowed limit.
2026-08-26 07:38:51,746 [WARNING] [MainThread] [root/weather.py:565]: Error processing weather data: Weather data is empty.. Retrying fetch in 10 seconds.
2026-08-26 07:39:01,896 [ERROR] [MainThread] [root/api.py:84]: Weather response error 403: API key has reached maximum calls per month allowed limit.
2026-08-26 07:39:01,896 [WARNING] [MainThread] [root/weather.py:565]: Error processing weather data: Weather data is empty.. Retrying fetch in 10 seconds.
2026-08-26 07:39:12,813 [ERROR] [MainThread] [root/api.py:84]: Weather response error 403: API key has reached maximum calls per month allowed limit.
2026-08-26 07:39:12,813 [WARNING] [MainThread] [root/weather.py:565]: Error processing weather data: Weather data is empty.. Retrying fetch in 10 seconds.
2026-08-26 07:39:23,040 [ERROR] [MainThread] [root/api.py:84]: Weather response error 403: API key has reached maximum calls per month allowed limit.
2026-08-26 07:39:23,040 [WARNING] [MainThread] [root/weather.py:565]: Error processing weather data: Weather data is empty.. Retrying fetch in 10 seconds.
2026-08-26 07:39:33,201 [ERROR] [MainThread] [root/api.py:84]: Weather response error 403: API key has reached maximum calls per month allowed limit.
2026-08-26 07:39:33,201 [WARNING] [MainThread] [root/weather.py:565]: Error processing weather data: Weather data is empty.. Retrying fetch in 10 seconds.
2026-08-26 07:39:43,374 [ERROR] [MainThread] [root/api.py:84]: Weather response error 403: API key has reached maximum calls per month allowed limit.
2026-08-26 07:39:43,374 [WARNING] [MainThread] [root/weather.py:565]: Error processing weather data: Weather data is empty.. Retrying fetch in 10 seconds.
2026-08-26 07:39:53,539 [ERROR] [MainThread] [root/api.py:84]: Weather response error 403: API key has reached maximum calls per month allowed limit.
2026-08-26 07:39:53,539 [WARNING] [MainThread] [root/weather.py:565]: Error processing weather data: Weather data is empty.. Retrying fetch in 10 seconds.
2026-08-26 07:40:03,872 [ERROR] [MainThread] [root/api.py:84]: Weather response error 403: API key has reached maximum calls per month allowed limit.
2026-08-26 07:40:03,872 [WARNING] [MainThread] [root/weather.py:565]: Error processing weather data: Weather data is empty.. Retrying fetch in 10 seconds.
2026-08-26 07:40:14,058 [ERROR] [MainThread] [root/api.py:84]: Weather response error 403: API key has reached maximum calls per month allowed limit.
2026-08-26 07:40:14,060 [WARNING] [MainThread] [root/weather.py:565]: Error processing weather data: Weather data is empty.. Retrying fetch in 10 seconds.
2026-08-26 07:40:24,230 [ERROR] [MainThread] [root/api.py:84]: Weather response error 403: API key has reached maximum calls per month allowed limit.
2026-08-26 07:40:24,231 [WARNING] [MainThread] [root/weather.py:565]: Error processing weather data: Weather data is empty.. Retrying fetch in 10 seconds.
2026-08-26 07:40:24,673 [ERROR] [MainThread] [root/api.py:84]: Weather response error 403: API key has reached maximum calls per month allowed limit.
2026-08-26 07:40:34,400 [ERROR] [MainThread] [root/api.py:84]: Weather response error 403: API key has reached maximum calls per month allowed limit.
2026-08-26 07:40:34,400 [WARNING] [MainThread] [root/weather.py:565]: Error processing weather data: Weather data is empty.. Retrying fetch in 10 seconds.
2026-08-26 07:40:44,556 [ERROR] [MainThread] [root/api.py:84]: Weather response error 403: API key has reached maximum calls per month allowed limit.
2026-08-26 07:40:44,556 [WARNING] [MainThread] [root/weather.py:565]: Error processing weather data: Weather data is empty.. Retrying fetch in 10 seconds.
2026-08-26 07:40:54,705 [ERROR] [MainThread] [root/api.py:84]: Weather response error 403: API key has reached maximum calls per month allowed limit.
2026-08-26 07:40:54,705 [WARNING] [MainThread] [root/weather.py:565]: Error processing weather data: Weather data is empty.. Retrying fetch in 10 seconds.
2026-08-26 07:41:04,865 [ERROR] [MainThread] [root/api.py:84]: Weather response error 403: API key has reached maximum calls per month allowed limit.
2026-08-26 07:41:04,866 [WARNING] [MainThread] [root/weather.py:565]: Error processing weather data: Weather data is empty.. Retrying fetch in 10 seconds.
2026-08-26 07:41:15,023 [ERROR] [MainThread] [root/api.py:84]: Weather response error 403: API key has reached maximum calls per month allowed limit.
2026-08-26 07:41:15,023 [WARNING] [MainThread] [root/weather.py:565]: Error processing weather data: Weather data is empty.. Retrying fetch in 10 seconds.
2026-08-26 07:41:25,177 [ERROR] [MainThread] [root/api.py:84]: Weather response error 403: API key has reached maximum calls per month allowed limit.
2026-08-26 07:41:25,178 [WARNING] [MainThread] [root/weather.py:565]: Error processing weather data: Weather data is empty.. Retrying fetch in 10 seconds.
2026-08-26 07:41:35,947 [ERROR] [MainThread] [root/api.py:84]: Weather response error 403: API key has reached maximum calls per month allowed limit.
2026-08-26 07:41:35,947 [WARNING] [MainThread] [root/weather.py:565]: Error processing weather data: Weather data is empty.. Retrying fetch in 10 seconds.
2026-08-26 07:41:46,110 [ERROR] [MainThread] [root/api.py:84]: Weather response error 403: API key has reached maximum calls per month allowed limit.
2026-08-26 07:41:46,110 [WARNING] [MainThread] [root/weather.py:565]: Error processing weather data: Weather data is empty.. Retrying fetch in 10 seconds.
2026-08-26 07:41:56,322 [ERROR] [MainThread] [root/api.py:84]: Weather response error 403: API key has reached maximum calls per month allowed limit.
2026-08-26 07:41:56,323 [WARNING] [MainThread] [root/weather.py:565]: Error processing weather data: Weather data is empty.. Retrying fetch in 10 seconds.
2026-08-26 07:42:06,574 [ERROR] [MainThread] [root/api.py:84]: Weather response error 403: API key has reached maximum calls per month allowed limit.
2026-08-26 07:42:06,577 [WARNING] [MainThread] [root/weather.py:565]: Error processing weather data: Weather data is empty.. Retrying fetch in 10 seconds.
2026-08-26 07:42:16,747 [ERROR] [MainThread] [root/api.py:84]: Weather response error 403: API key has reached maximum calls per month allowed limit.
2026-08-26 07:42:16,747 [WARNING] [MainThread] [root/weather.py:565]: Error processing weather data: Weather data is empty.. Retrying fetch in 10 seconds.
2026-08-26 07:42:26,921 [ERROR] [MainThread] [root/api.py:84]: Weather response error 403: API key has reached maximum calls per month allowed limit.
2026-08-26 07:42:26,921 [WARNING] [MainThread] [root/weather.py:565]: Error processing weather data: Weather data is empty.. Retrying fetch in 10 seconds.
2026-08-26 07:42:37,095 [ERROR] [MainThread] [root/api.py:84]: Weather response error 403: API key has reached maximum calls per month allowed limit.
2026-08-26 07:42:37,095 [WARNING] [MainThread] [root/weather.py:565]: Error processing weather data: Weather data is empty.. Retrying fetch in 10 seconds.
2026-08-26 07:42:47,253 [ERROR] [MainThread] [root/api.py:84]: Weather response error 403: API key has reached maximum calls per month allowed limit.
2026-08-26 07:42:47,253 [WARNING] [MainThread] [root/weather.py:565]: Error processing weather data: Weather data is empty.. Retrying fetch in 10 seconds.
2026-08-26 07:42:57,415 [ERROR] [MainThread] [root/api.py:84]: Weather response error 403: API key has reached maximum calls per month allowed limit.
2026-08-26 07:42:57,415 [WARNING] [MainThread] [root/weather.py:565]: Error processing weather data: Weather data is empty.. Retrying fetch in 10 seconds.
2026-08-26 07:43:07,575 [ERROR] [MainThread] [root/api.py:84]: Weather response error 403: API key has reached maximum calls per month allowed limit.
2026-08-26 07:43:07,575 [WARNING] [MainThread] [root/weather.py:565]: Error processing weather data: Weather data is empty.. Retrying fetch in 10 seconds.
2026-08-26 07:43:17,747 [ERROR] [MainThread] [root/api.py:84]: Weather response error 403: API key has reached maximum calls per month allowed limit.
2026-08-26 07:43:17,747 [WARNING] [MainThread] [root/weather.py:565]: Error processing weather data: Weather data is empty.. Retrying fetch in 10 seconds.
2026-08-26 07:43:27,941 [ERROR] [MainThread] [root/api.py:84]: Weather response error 403: API key has reached maximum calls per month allowed limit.
2026-08-26 07:43:27,941 [WARNING] [MainThread] [root/weather.py:565]: Error processing weather data: Weather data is empty.. Retrying fetch in 10 seconds.
2026-08-26 07:43:38,106 [ERROR] [MainThread] [root/api.py:84]: Weather response error 403: API key has reached maximum calls per month allowed limit.
2026-08-26 07:43:38,106 [WARNING] [MainThread] [root/weather.py:565]: Error processing weather data: Weather data is empty.. Retrying fetch in 10 seconds.
2026-08-26 07:43:48,281 [ERROR] [MainThread] [root/api.py:84]: Weather response error 403: API key has reached maximum calls per month allowed limit.
2026-08-26 07:43:48,281 [WARNING] [MainThread] [root/weather.py:565]: Error processing weather data: Weather data is empty.. Retrying fetch in 10 seconds.
2026-08-26 07:43:58,439 [ERROR] [MainThread] [root/api.py:84]: Weather response error 403: API key has reached maximum calls per month allowed limit.
2026-08-26 07:43:58,439 [WARNING] [MainThread] [root/weather.py:565]: Error processing weather data: Weather data is empty.. Retrying fetch in 10 seconds.
2026-08-26 07:44:08,599 [ERROR] [MainThread] [root/api.py:84]: Weather response error 403: API key has reached maximum calls per month allowed limit.
2026-08-26 07:44:08,599 [WARNING] [MainThread] [root/weather.py:565]: Error processing weather data: Weather data is empty.. Retrying fetch in 10 seconds.
2026-08-26 07:44:18,766 [ERROR] [MainThread] [root/api.py:84]: Weather response error 403: API key has reached maximum calls per month allowed limit.
2026-08-26 07:44:18,767 [WARNING] [MainThread] [root/weather.py:565]: Error processing weather data: Weather data is empty.. Retrying fetch in 10 seconds.
2026-08-26 07:44:28,924 [ERROR] [MainThread] [root/api.py:84]: Weather response error 403: API key has reached maximum calls per month allowed limit.
2026-08-26 07:44:28,924 [WARNING] [MainThread] [root/weather.py:565]: Error processing weather data: Weather data is empty.. Retrying fetch in 10 seconds.
2026-08-26 07:44:39,085 [ERROR] [MainThread] [root/api.py:84]: Weather response error 403: API key has reached maximum calls per month allowed limit.
2026-08-26 07:44:39,085 [WARNING] [MainThread] [root/weather.py:565]: Error processing weather data: Weather data is empty.. Retrying fetch in 10 seconds.
2026-08-26 07:44:49,245 [ERROR] [MainThread] [root/api.py:84]: Weather response error 403: API key has reached maximum calls per month allowed limit.
2026-08-26 07:44:49,245 [WARNING] [MainThread] [root/weather.py:565]: Error processing weather data: Weather data is empty.. Retrying fetch in 10 seconds.
2026-08-26 07:44:59,413 [ERROR] [MainThread] [root/api.py:84]: Weather response error 403: API key has reached maximum calls per month allowed limit.
2026-08-26 07:44:59,413 [WARNING] [MainThread] [root/weather.py:565]: Error processing weather data: Weather data is empty.. Retrying fetch in 10 seconds.
2026-08-26 07:45:09,567 [ERROR] [MainThread] [root/api.py:84]: Weather response error 403: API key has reached maximum calls per month allowed limit.
2026-08-26 07:45:09,567 [WARNING] [MainThread] [root/weather.py:565]: Error processing weather data: Weather data is empty.. Retrying fetch in 10 seconds.
2026-08-26 07:45:19,721 [ERROR] [MainThread] [root/api.py:84]: Weather response error 403: API key has reached maximum calls per month allowed limit.
2026-08-26 07:45:19,721 [WARNING] [MainThread] [root/weather.py:565]: Error processing weather data: Weather data is empty.. Retrying fetch in 10 seconds.
2026-08-26 07:45:29,884 [ERROR] [MainThread] [root/api.py:84]: Weather response error 403: API key has reached maximum calls per month allowed limit.
2026-08-26 07:45:29,884 [WARNING] [MainThread] [root/weather.py:565]: Error processing weather data: Weather data is empty.. Retrying fetch in 10 seconds.
2026-08-26 07:45:40,034 [ERROR] [MainThread] [root/api.py:84]: Weather response error 403: API key has reached maximum calls per month allowed limit.
2026-08-26 07:45:40,034 [WARNING] [MainThread] [root/weather.py:565]: Error processing weather data: Weather data is empty.. Retrying fetch in 10 seconds.
2026-08-26 07:45:50,194 [ERROR] [MainThread] [root/api.py:84]: Weather response error 403: API key has reached maximum calls per month allowed limit.
2026-08-26 07:45:50,194 [WARNING] [MainThread] [root/weather.py:565]: Error processing weather data: Weather data is empty.. Retrying fetch in 10 seconds.
2026-08-26 07:46:00,358 [ERROR] [MainThread] [root/api.py:84]: Weather response error 403: API key has reached maximum calls per month allowed limit.
2026-08-26 07:46:00,358 [WARNING] [MainThread] [root/weather.py:565]: Error processing weather data: Weather data is empty.. Retrying fetch in 10 seconds.
2026-08-26 07:46:10,525 [ERROR] [MainThread] [root/api.py:84]: Weather response error 403: API key has reached maximum calls per month allowed limit.
2026-08-26 07:46:10,526 [WARNING] [MainThread] [root/weather.py:565]: Error processing weather data: Weather data is empty.. Retrying fetch in 10 seconds.
2026-08-26 07:46:20,682 [ERROR] [MainThread] [root/api.py:84]: Weather response error 403: API key has reached maximum calls per month allowed limit.
2026-08-26 07:46:20,682 [WARNING] [MainThread] [root/weather.py:565]: Error processing weather data: Weather data is empty.. Retrying fetch in 10 seconds.
2026-08-26 07:46:30,837 [ERROR] [MainThread] [root/api.py:84]: Weather response error 403: API key has reached maximum calls per month allowed limit.
2026-08-26 07:46:30,837 [WARNING] [MainThread] [root/weather.py:565]: Error processing weather data: Weather data is empty.. Retrying fetch in 10 seconds.
2026-08-26 07:46:40,989 [ERROR] [MainThread] [root/api.py:84]: Weather response error 403: API key has reached maximum calls per month allowed limit.
2026-08-26 07:46:40,989 [WARNING] [MainThread] [root/weather.py:565]: Error processing weather data: Weather data is empty.. Retrying fetch in 10 seconds.
2026-08-26 07:46:51,153 [ERROR] [MainThread] [root/api.py:84]: Weather response error 403: API key has reached maximum calls per month allowed limit.
2026-08-26 07:46:51,153 [WARNING] [MainThread] [root/weather.py:565]: Error processing weather data: Weather data is empty.. Retrying fetch in 10 seconds.
2026-08-26 07:47:01,313 [ERROR] [MainThread] [root/api.py:84]: Weather response error 403: API key has reached maximum calls per month allowed limit.
2026-08-26 07:47:01,314 [WARNING] [MainThread] [root/weather.py:565]: Error processing weather data: Weather data is empty.. Retrying fetch in 10 seconds.
2026-08-26 07:47:11,472 [ERROR] [MainThread] [root/api.py:84]: Weather response error 403: API key has reached maximum calls per month allowed limit.
2026-08-26 07:47:11,472 [WARNING] [MainThread] [root/weather.py:565]: Error processing weather data: Weather data is empty.. Retrying fetch in 10 seconds.
2026-08-26 07:47:21,635 [ERROR] [MainThread] [root/api.py:84]: Weather response error 403: API key has reached maximum calls per month allowed limit.
2026-08-26 07:47:21,635 [WARNING] [MainThread] [root/weather.py:565]: Error processing weather data: Weather data is empty.. Retrying fetch in 10 seconds.
2026-08-26 07:47:31,784 [ERROR] [MainThread] [root/api.py:84]: Weather response error 403: API key has reached maximum calls per month allowed limit.
2026-08-26 07:47:31,785 [WARNING] [MainThread] [root/weather.py:565]: Error processing weather data: Weather data is empty.. Retrying fetch in 10 seconds.
2026-08-26 07:47:41,943 [ERROR] [MainThread] [root/api.py:84]: Weather response error 403: API key has reached maximum calls per month allowed limit.
2026-08-26 07:47:41,943 [WARNING] [MainThread] [root/weather.py:565]: Error processing weather data: Weather data is empty.. Retrying fetch in 10 seconds.
2026-08-26 07:47:52,101 [ERROR] [MainThread] [root/api.py:84]: Weather response error 403: API key has reached maximum calls per month allowed limit.
2026-08-26 07:47:52,102 [WARNING] [MainThread] [root/weather.py:565]: Error processing weather data: Weather data is empty.. Retrying fetch in 10 seconds.
2026-08-26 07:48:02,260 [ERROR] [MainThread] [root/api.py:84]: Weather response error 403: API key has reached maximum calls per month allowed limit.
2026-08-26 07:48:02,260 [WARNING] [MainThread] [root/weather.py:565]: Error processing weather data: Weather data is empty.. Retrying fetch in 10 seconds.
2026-08-26 07:48:12,411 [ERROR] [MainThread] [root/api.py:84]: Weather response error 403: API key has reached maximum calls per month allowed limit.
2026-08-26 07:48:12,411 [WARNING] [MainThread] [root/weather.py:565]: Error processing weather data: Weather data is empty.. Retrying fetch in 10 seconds.
2026-08-26 07:48:22,570 [ERROR] [MainThread] [root/api.py:84]: Weather response error 403: API key has reached maximum calls per month allowed limit.
2026-08-26 07:48:22,570 [WARNING] [MainThread] [root/weather.py:565]: Error processing weather data: Weather data is empty.. Retrying fetch in 10 seconds.
2026-08-26 07:48:32,724 [ERROR] [MainThread] [root/api.py:84]: Weather response error 403: API key has reached maximum calls per month allowed limit.
2026-08-26 07:48:32,724 [WARNING] [MainThread] [root/weather.py:565]: Error processing weather data: Weather data is empty.. Retrying fetch in 10 seconds.
2026-08-26 07:48:42,883 [ERROR] [MainThread] [root/api.py:84]: Weather response error 403: API key has reached maximum calls per month allowed limit.
2026-08-26 07:48:42,884 [WARNING] [MainThread] [root/weather.py:565]: Error processing weather data: Weather data is empty.. Retrying fetch in 10 seconds.
2026-08-26 07:48:53,034 [ERROR] [MainThread] [root/api.py:84]: Weather response error 403: API key has reached maximum calls per month allowed limit.
2026-08-26 07:48:53,035 [WARNING] [MainThread] [root/weather.py:565]: Error processing weather data: Weather data is empty.. Retrying fetch in 10 seconds.
2026-08-26 07:49:03,190 [ERROR] [MainThread] [root/api.py:84]: Weather response error 403: API key has reached maximum calls per month allowed limit.
2026-08-26 07:49:03,190 [WARNING] [MainThread] [root/weather.py:565]: Error processing weather data: Weather data is empty.. Retrying fetch in 10 seconds.
2026-08-26 07:49:13,355 [ERROR] [MainThread] [root/api.py:84]: Weather response error 403: API key has reached maximum calls per month allowed limit.
2026-08-26 07:49:13,355 [WARNING] [MainThread] [root/weather.py:565]: Error processing weather data: Weather data is empty.. Retrying fetch in 10 seconds.
2026-08-26 07:49:23,512 [ERROR] [MainThread] [root/api.py:84]: Weather response error 403: API key has reached maximum calls per month allowed limit.
2026-08-26 07:49:23,513 [WARNING] [MainThread] [root/weather.py:565]: Error processing weather data: Weather data is empty.. Retrying fetch in 10 seconds.
2026-08-26 07:49:33,689 [ERROR] [MainThread] [root/api.py:84]: Weather response error 403: API key has reached maximum calls per month allowed limit.
2026-08-26 07:49:33,690 [WARNING] [MainThread] [root/weather.py:565]: Error processing weather data: Weather data is empty.. Retrying fetch in 10 seconds.
2026-08-26 07:49:43,859 [ERROR] [MainThread] [root/api.py:84]: Weather response error 403: API key has reached maximum calls per month allowed limit.
2026-08-26 07:49:43,859 [WARNING] [MainThread] [root/weather.py:565]: Error processing weather data: Weather data is empty.. Retrying fetch in 10 seconds.
2026-08-26 07:49:54,021 [ERROR] [MainThread] [root/api.py:84]: Weather response error 403: API key has reached maximum calls per month allowed limit.
2026-08-26 07:49:54,021 [WARNING] [MainThread] [root/weather.py:565]: Error processing weather data: Weather data is empty.. Retrying fetch in 10 seconds.
2026-08-26 07:50:04,177 [ERROR] [MainThread] [root/api.py:84]: Weather response error 403: API key has reached maximum calls per month allowed limit.
2026-08-26 07:50:04,177 [WARNING] [MainThread] [root/weather.py:565]: Error processing weather data: Weather data is empty.. Retrying fetch in 10 seconds.
2026-08-26 07:50:14,331 [ERROR] [MainThread] [root/api.py:84]: Weather response error 403: API key has reached maximum calls per month allowed limit.
2026-08-26 07:50:14,331 [WARNING] [MainThread] [root/weather.py:565]: Error processing weather data: Weather data is empty.. Retrying fetch in 10 seconds.
2026-08-26 07:50:24,488 [ERROR] [MainThread] [root/api.py:84]: Weather response error 403: API key has reached maximum calls per month allowed limit.
2026-08-26 07:50:24,488 [WARNING] [MainThread] [root/weather.py:565]: Error processing weather data: Weather data is empty.. Retrying fetch in 10 seconds.
2026-08-26 07:50:24,674 [ERROR] [MainThread] [root/api.py:84]: Weather response error 403: API key has reached maximum calls per month allowed limit.
2026-08-26 07:50:34,647 [ERROR] [MainThread] [root/api.py:84]: Weather response error 403: API key has reached maximum calls per month allowed limit.
2026-08-26 07:50:34,647 [WARNING] [MainThread] [root/weather.py:565]: Error processing weather data: Weather data is empty.. Retrying fetch in 10 seconds.
2026-08-26 07:50:44,798 [ERROR] [MainThread] [root/api.py:84]: Weather response error 403: API key has reached maximum calls per month allowed limit.
2026-08-26 07:50:44,798 [WARNING] [MainThread] [root/weather.py:565]: Error processing weather data: Weather data is empty.. Retrying fetch in 10 seconds.
2026-08-26 07:50:54,967 [ERROR] [MainThread] [root/api.py:84]: Weather response error 403: API key has reached maximum calls per month allowed limit.
2026-08-26 07:50:54,967 [WARNING] [MainThread] [root/weather.py:565]: Error processing weather data: Weather data is empty.. Retrying fetch in 10 seconds.
2026-08-26 07:51:05,139 [ERROR] [MainThread] [root/api.py:84]: Weather response error 403: API key has reached maximum calls per month allowed limit.
2026-08-26 07:51:05,139 [WARNING] [MainThread] [root/weather.py:565]: Error processing weather data: Weather data is empty.. Retrying fetch in 10 seconds.
2026-08-26 07:51:15,300 [ERROR] [MainThread] [root/api.py:84]: Weather response error 403: API key has reached maximum calls per month allowed limit.
2026-08-26 07:51:15,300 [WARNING] [MainThread] [root/weather.py:565]: Error processing weather data: Weather data is empty.. Retrying fetch in 10 seconds.
2026-08-26 07:51:25,461 [ERROR] [MainThread] [root/api.py:84]: Weather response error 403: API key has reached maximum calls per month allowed limit.
2026-08-26 07:51:25,461 [WARNING] [MainThread] [root/weather.py:565]: Error processing weather data: Weather data is empty.. Retrying fetch in 10 seconds.
2026-08-26 07:51:35,615 [ERROR] [MainThread] [root/api.py:84]: Weather response error 403: API key has reached maximum calls per month allowed limit.
2026-08-26 07:51:35,615 [WARNING] [MainThread] [root/weather.py:565]: Error processing weather data: Weather data is empty.. Retrying fetch in 10 seconds.
2026-08-26 07:51:45,825 [ERROR] [MainThread] [root/api.py:84]: Weather response error 403: API key has reached maximum calls per month allowed limit.
2026-08-26 07:51:45,825 [WARNING] [MainThread] [root/weather.py:565]: Error processing weather data: Weather data is empty.. Retrying fetch in 10 seconds.
2026-08-26 07:51:56,014 [ERROR] [MainThread] [root/api.py:84]: Weather response error 403: API key has reached maximum calls per month allowed limit.
2026-08-26 07:51:56,014 [WARNING] [MainThread] [root/weather.py:565]: Error processing weather data: Weather data is empty.. Retrying fetch in 10 seconds.
2026-08-26 07:52:06,196 [ERROR] [MainThread] [root/api.py:84]: Weather response error 403: API key has reached maximum calls per month allowed limit.
2026-08-26 07:52:06,196 [WARNING] [MainThread] [root/weather.py:565]: Error processing weather data: Weather data is empty.. Retrying fetch in 10 seconds.
2026-08-26 07:52:16,381 [ERROR] [MainThread] [root/api.py:84]: Weather response error 403: API key has reached maximum calls per month allowed limit.
2026-08-26 07:52:16,382 [WARNING] [MainThread] [root/weather.py:565]: Error processing weather data: Weather data is empty.. Retrying fetch in 10 seconds.
2026-08-26 07:52:26,533 [ERROR] [MainThread] [root/api.py:84]: Weather response error 403: API key has reached maximum calls per month allowed limit.
2026-08-26 07:52:26,534 [WARNING] [MainThread] [root/weather.py:565]: Error processing weather data: Weather data is empty.. Retrying fetch in 10 seconds.
2026-08-26 07:52:36,689 [ERROR] [MainThread] [root/api.py:84]: Weather response error 403: API key has reached maximum calls per month allowed limit.
2026-08-26 07:52:36,689 [WARNING] [MainThread] [root/weather.py:565]: Error processing weather data: Weather data is empty.. Retrying fetch in 10 seconds.
2026-08-26 07:52:46,858 [ERROR] [MainThread] [root/api.py:84]: Weather response error 403: API key has reached maximum calls per month allowed limit.
2026-08-26 07:52:46,858 [WARNING] [MainThread] [root/weather.py:565]: Error processing weather data: Weather data is empty.. Retrying fetch in 10 seconds.
2026-08-26 07:52:57,018 [ERROR] [MainThread] [root/api.py:84]: Weather response error 403: API key has reached maximum calls per month allowed limit.
2026-08-26 07:52:57,018 [WARNING] [MainThread] [root/weather.py:565]: Error processing weather data: Weather data is empty.. Retrying fetch in 10 seconds.
2026-08-26 07:53:07,176 [ERROR] [MainThread] [root/api.py:84]: Weather response error 403: API key has reached maximum calls per month allowed limit.
2026-08-26 07:53:07,176 [WARNING] [MainThread] [root/weather.py:565]: Error processing weather data: Weather data is empty.. Retrying fetch in 10 seconds.
2026-08-26 07:53:17,331 [ERROR] [MainThread] [root/api.py:84]: Weather response error 403: API key has reached maximum calls per month allowed limit.
2026-08-26 07:53:17,331 [WARNING] [MainThread] [root/weather.py:565]: Error processing weather data: Weather data is empty.. Retrying fetch in 10 seconds.
2026-08-26 07:53:27,850 [ERROR] [MainThread] [root/api.py:84]: Weather response error 403: API key has reached maximum calls per month allowed limit.
2026-08-26 07:53:27,850 [WARNING] [MainThread] [root/weather.py:565]: Error processing weather data: Weather data is empty.. Retrying fetch in 10 seconds.
2026-08-26 07:53:38,012 [ERROR] [MainThread] [root/api.py:84]: Weather response error 403: API key has reached maximum calls per month allowed limit.
2026-08-26 07:53:38,012 [WARNING] [MainThread] [root/weather.py:565]: Error processing weather data: Weather data is empty.. Retrying fetch in 10 seconds.
2026-08-26 07:53:48,187 [ERROR] [MainThread] [root/api.py:84]: Weather response error 403: API key has reached maximum calls per month allowed limit.
2026-08-26 07:53:48,187 [WARNING] [MainThread] [root/weather.py:565]: Error processing weather data: Weather data is empty.. Retrying fetch in 10 seconds.
2026-08-26 07:53:58,365 [ERROR] [MainThread] [root/api.py:84]: Weather response error 403: API key has reached maximum calls per month allowed limit.
2026-08-26 07:53:58,365 [WARNING] [MainThread] [root/weather.py:565]: Error processing weather data: Weather data is empty.. Retrying fetch in 10 seconds.
2026-08-26 07:54:08,521 [ERROR] [MainThread] [root/api.py:84]: Weather response error 403: API key has reached maximum calls per month allowed limit.
2026-08-26 07:54:08,521 [WARNING] [MainThread] [root/weather.py:565]: Error processing weather data: Weather data is empty.. Retrying fetch in 10 seconds.
2026-08-26 07:54:18,683 [ERROR] [MainThread] [root/api.py:84]: Weather response error 403: API key has reached maximum calls per month allowed limit.
2026-08-26 07:54:18,683 [WARNING] [MainThread] [root/weather.py:565]: Error processing weather data: Weather data is empty.. Retrying fetch in 10 seconds.
2026-08-26 07:54:28,832 [ERROR] [MainThread] [root/api.py:84]: Weather response error 403: API key has reached maximum calls per month allowed limit.
2026-08-26 07:54:28,832 [WARNING] [MainThread] [root/weather.py:565]: Error processing weather data: Weather data is empty.. Retrying fetch in 10 seconds.
2026-08-26 07:54:38,988 [ERROR] [MainThread] [root/api.py:84]: Weather response error 403: API key has reached maximum calls per month allowed limit.
2026-08-26 07:54:38,989 [WARNING] [MainThread] [root/weather.py:565]: Error processing weather data: Weather data is empty.. Retrying fetch in 10 seconds.
2026-08-26 07:54:49,158 [ERROR] [MainThread] [root/api.py:84]: Weather response error 403: API key has reached maximum calls per month allowed limit.
2026-08-26 07:54:49,158 [WARNING] [MainThread] [root/weather.py:565]: Error processing weather data: Weather data is empty.. Retrying fetch in 10 seconds.
2026-08-26 07:54:59,329 [ERROR] [MainThread] [root/api.py:84]: Weather response error 403: API key has reached maximum calls per month allowed limit.
2026-08-26 07:54:59,329 [WARNING] [MainThread] [root/weather.py:565]: Error processing weather data: Weather data is empty.. Retrying fetch in 10 seconds.
2026-08-26 07:55:09,491 [ERROR] [MainThread] [root/api.py:84]: Weather response error 403: API key has reached maximum calls per month allowed limit.
2026-08-26 07:55:09,492 [WARNING] [MainThread] [root/weather.py:565]: Error processing weather data: Weather data is empty.. Retrying fetch in 10 seconds.
2026-08-26 07:55:19,796 [ERROR] [MainThread] [root/api.py:84]: Weather response error 403: API key has reached maximum calls per month allowed limit.
2026-08-26 07:55:19,796 [WARNING] [MainThread] [root/weather.py:565]: Error processing weather data: Weather data is empty.. Retrying fetch in 10 seconds.
2026-08-26 07:55:29,959 [ERROR] [MainThread] [root/api.py:84]: Weather response error 403: API key has reached maximum calls per month allowed limit.
2026-08-26 07:55:29,960 [WARNING] [MainThread] [root/weather.py:565]: Error processing weather data: Weather data is empty.. Retrying fetch in 10 seconds.
2026-08-26 07:55:40,115 [ERROR] [MainThread] [root/api.py:84]: Weather response error 403: API key has reached maximum calls per month allowed limit.
2026-08-26 07:55:40,115 [WARNING] [MainThread] [root/weather.py:565]: Error processing weather data: Weather data is empty.. Retrying fetch in 10 seconds.
2026-08-26 07:55:50,271 [ERROR] [MainThread] [root/api.py:84]: Weather response error 403: API key has reached maximum calls per month allowed limit.
2026-08-26 07:55:50,271 [WARNING] [MainThread] [root/weather.py:565]: Error processing weather data: Weather data is empty.. Retrying fetch in 10 seconds.
2026-08-26 07:56:00,423 [ERROR] [MainThread] [root/api.py:84]: Weather response error 403: API key has reached maximum calls per month allowed limit.
2026-08-26 07:56:00,423 [WARNING] [MainThread] [root/weather.py:565]: Error processing weather data: Weather data is empty.. Retrying fetch in 10 seconds.
2026-08-26 07:56:10,591 [ERROR] [MainThread] [root/api.py:84]: Weather response error 403: API key has reached maximum calls per month allowed limit.
2026-08-26 07:56:10,591 [WARNING] [MainThread] [root/weather.py:565]: Error processing weather data: Weather data is empty.. Retrying fetch in 10 seconds.
2026-08-26 07:56:20,805 [ERROR] [MainThread] [root/api.py:84]: Weather response error 403: API key has reached maximum calls per month allowed limit.
2026-08-26 07:56:20,805 [WARNING] [MainThread] [root/weather.py:565]: Error processing weather data: Weather data is empty.. Retrying fetch in 10 seconds.
2026-08-26 07:56:30,966 [ERROR] [MainThread] [root/api.py:84]: Weather response error 403: API key has reached maximum calls per month allowed limit.
2026-08-26 07:56:30,966 [WARNING] [MainThread] [root/weather.py:565]: Error processing weather data: Weather data is empty.. Retrying fetch in 10 seconds.
2026-08-26 07:56:41,141 [ERROR] [MainThread] [root/api.py:84]: Weather response error 403: API key has reached maximum calls per month allowed limit.
2026-08-26 07:56:41,142 [WARNING] [MainThread] [root/weather.py:565]: Error processing weather data: Weather data is empty.. Retrying fetch in 10 seconds.
2026-08-26 07:56:51,307 [ERROR] [MainThread] [root/api.py:84]: Weather response error 403: API key has reached maximum calls per month allowed limit.
2026-08-26 07:56:51,307 [WARNING] [MainThread] [root/weather.py:565]: Error processing weather data: Weather data is empty.. Retrying fetch in 10 seconds.
2026-08-26 07:57:01,581 [ERROR] [MainThread] [root/api.py:84]: Weather response error 403: API key has reached maximum calls per month allowed limit.
2026-08-26 07:57:01,581 [WARNING] [MainThread] [root/weather.py:565]: Error processing weather data: Weather data is empty.. Retrying fetch in 10 seconds.
2026-08-26 07:57:11,736 [ERROR] [MainThread] [root/api.py:84]: Weather response error 403: API key has reached maximum calls per month allowed limit.
2026-08-26 07:57:11,736 [WARNING] [MainThread] [root/weather.py:565]: Error processing weather data: Weather data is empty.. Retrying fetch in 10 seconds.
2026-08-26 07:57:21,893 [ERROR] [MainThread] [root/api.py:84]: Weather response error 403: API key has reached maximum calls per month allowed limit.
2026-08-26 07:57:21,893 [WARNING] [MainThread] [root/weather.py:565]: Error processing weather data: Weather data is empty.. Retrying fetch in 10 seconds.
2026-08-26 07:57:32,058 [ERROR] [MainThread] [root/api.py:84]: Weather response error 403: API key has reached maximum calls per month allowed limit.
2026-08-26 07:57:32,058 [WARNING] [MainThread] [root/weather.py:565]: Error processing weather data: Weather data is empty.. Retrying fetch in 10 seconds.
2026-08-26 07:57:42,206 [ERROR] [MainThread] [root/api.py:84]: Weather response error 403: API key has reached maximum calls per month allowed limit.
2026-08-26 07:57:42,207 [WARNING] [MainThread] [root/weather.py:565]: Error processing weather data: Weather data is empty.. Retrying fetch in 10 seconds.
2026-08-26 07:57:52,362 [ERROR] [MainThread] [root/api.py:84]: Weather response error 403: API key has reached maximum calls per month allowed limit.
2026-08-26 07:57:52,362 [WARNING] [MainThread] [root/weather.py:565]: Error processing weather data: Weather data is empty.. Retrying fetch in 10 seconds.
2026-08-26 07:58:02,553 [ERROR] [MainThread] [root/api.py:84]: Weather response error 403: API key has reached maximum calls per month allowed limit.
2026-08-26 07:58:02,553 [WARNING] [MainThread] [root/weather.py:565]: Error processing weather data: Weather data is empty.. Retrying fetch in 10 seconds.
2026-08-26 07:58:12,707 [ERROR] [MainThread] [root/api.py:84]: Weather response error 403: API key has reached maximum calls per month allowed limit.
2026-08-26 07:58:12,707 [WARNING] [MainThread] [root/weather.py:565]: Error processing weather data: Weather data is empty.. Retrying fetch in 10 seconds.
2026-08-26 07:58:22,871 [ERROR] [MainThread] [root/api.py:84]: Weather response error 403: API key has reached maximum calls per month allowed limit.
2026-08-26 07:58:22,871 [WARNING] [MainThread] [root/weather.py:565]: Error processing weather data: Weather data is empty.. Retrying fetch in 10 seconds.
2026-08-26 07:58:34,075 [ERROR] [MainThread] [root/api.py:84]: Weather response error 403: API key has reached maximum calls per month allowed limit.
2026-08-26 07:58:34,076 [WARNING] [MainThread] [root/weather.py:565]: Error processing weather data: Weather data is empty.. Retrying fetch in 10 seconds.
2026-08-26 07:58:44,555 [ERROR] [MainThread] [root/api.py:84]: Weather response error 403: API key has reached maximum calls per month allowed limit.
2026-08-26 07:58:44,555 [WARNING] [MainThread] [root/weather.py:565]: Error processing weather data: Weather data is empty.. Retrying fetch in 10 seconds.
2026-08-26 07:58:55,071 [ERROR] [MainThread] [root/api.py:84]: Weather response error 403: API key has reached maximum calls per month allowed limit.
2026-08-26 07:58:55,072 [WARNING] [MainThread] [root/weather.py:565]: Error processing weather data: Weather data is empty.. Retrying fetch in 10 seconds.
2026-08-26 07:59:05,952 [ERROR] [MainThread] [root/api.py:84]: Weather response error 403: API key has reached maximum calls per month allowed limit.
2026-08-26 07:59:05,952 [WARNING] [MainThread] [root/weather.py:565]: Error processing weather data: Weather data is empty.. Retrying fetch in 10 seconds.
2026-08-26 07:59:16,426 [ERROR] [MainThread] [root/api.py:84]: Weather response error 403: API key has reached maximum calls per month allowed limit.
2026-08-26 07:59:16,426 [WARNING] [MainThread] [root/weather.py:565]: Error processing weather data: Weather data is empty.. Retrying fetch in 10 seconds.
2026-08-26 07:59:26,609 [ERROR] [MainThread] [root/api.py:84]: Weather response error 403: API key has reached maximum calls per month allowed limit.
2026-08-26 07:59:26,609 [WARNING] [MainThread] [root/weather.py:565]: Error processing weather data: Weather data is empty.. Retrying fetch in 10 seconds.
2026-08-26 07:59:36,771 [ERROR] [MainThread] [root/api.py:84]: Weather response error 403: API key has reached maximum calls per month allowed limit.
2026-08-26 07:59:36,771 [WARNING] [MainThread] [root/weather.py:565]: Error processing weather data: Weather data is empty.. Retrying fetch in 10 seconds.
2026-08-26 07:59:46,924 [ERROR] [MainThread] [root/api.py:84]: Weather response error 403: API key has reached maximum calls per month allowed limit.
2026-08-26 07:59:46,924 [WARNING] [MainThread] [root/weather.py:565]: Error processing weather data: Weather data is empty.. Retrying fetch in 10 seconds.
2026-08-26 07:59:57,092 [ERROR] [MainThread] [root/api.py:84]: Weather response error 403: API key has reached maximum calls per month allowed limit.
2026-08-26 07:59:57,093 [WARNING] [MainThread] [root/weather.py:565]: Error processing weather data: Weather data is empty.. Retrying fetch in 10 seconds.
2026-08-26 08:00:07,265 [ERROR] [MainThread] [root/api.py:84]: Weather response error 403: API key has reached maximum calls per month allowed limit.
2026-08-26 08:00:07,266 [WARNING] [MainThread] [root/weather.py:565]: Error processing weather data: Weather data is empty.. Retrying fetch in 10 seconds.
2026-08-26 08:00:17,425 [ERROR] [MainThread] [root/api.py:84]: Weather response error 403: API key has reached maximum calls per month allowed limit.
2026-08-26 08:00:17,425 [WARNING] [MainThread] [root/weather.py:565]: Error processing weather data: Weather data is empty.. Retrying fetch in 10 seconds.
2026-08-26 08:00:24,697 [ERROR] [MainThread] [root/api.py:84]: Weather response error 403: API key has reached maximum calls per month allowed limit.
2026-08-26 08:00:27,579 [ERROR] [MainThread] [root/api.py:84]: Weather response error 403: API key has reached maximum calls per month allowed limit.
2026-08-26 08:00:27,579 [WARNING] [MainThread] [root/weather.py:565]: Error processing weather data: Weather data is empty.. Retrying fetch in 10 seconds.
2026-08-26 08:00:37,746 [ERROR] [MainThread] [root/api.py:84]: Weather response error 403: API key has reached maximum calls per month allowed limit.
2026-08-26 08:00:37,746 [WARNING] [MainThread] [root/weather.py:565]: Error processing weather data: Weather data is empty.. Retrying fetch in 10 seconds.
2026-08-26 08:00:47,893 [ERROR] [MainThread] [root/api.py:84]: Weather response error 403: API key has reached maximum calls per month allowed limit.
2026-08-26 08:00:47,893 [WARNING] [MainThread] [root/weather.py:565]: Error processing weather data: Weather data is empty.. Retrying fetch in 10 seconds.
2026-08-26 08:00:58,077 [ERROR] [MainThread] [root/api.py:84]: Weather response error 403: API key has reached maximum calls per month allowed limit.
2026-08-26 08:00:58,077 [WARNING] [MainThread] [root/weather.py:565]: Error processing weather data: Weather data is empty.. Retrying fetch in 10 seconds.
2026-08-26 08:01:08,289 [ERROR] [MainThread] [root/api.py:84]: Weather response error 403: API key has reached maximum calls per month allowed limit.
2026-08-26 08:01:08,289 [WARNING] [MainThread] [root/weather.py:565]: Error processing weather data: Weather data is empty.. Retrying fetch in 10 seconds.
2026-08-26 08:01:18,449 [ERROR] [MainThread] [root/api.py:84]: Weather response error 403: API key has reached maximum calls per month allowed limit.
2026-08-26 08:01:18,449 [WARNING] [MainThread] [root/weather.py:565]: Error processing weather data: Weather data is empty.. Retrying fetch in 10 seconds.
2026-08-26 08:01:28,610 [ERROR] [MainThread] [root/api.py:84]: Weather response error 403: API key has reached maximum calls per month allowed limit.
2026-08-26 08:01:28,610 [WARNING] [MainThread] [root/weather.py:565]: Error processing weather data: Weather data is empty.. Retrying fetch in 10 seconds.
2026-08-26 08:01:38,767 [ERROR] [MainThread] [root/api.py:84]: Weather response error 403: API key has reached maximum calls per month allowed limit.
2026-08-26 08:01:38,768 [WARNING] [MainThread] [root/weather.py:565]: Error processing weather data: Weather data is empty.. Retrying fetch in 10 seconds.
2026-08-26 08:01:48,931 [ERROR] [MainThread] [root/api.py:84]: Weather response error 403: API key has reached maximum calls per month allowed limit.
2026-08-26 08:01:48,931 [WARNING] [MainThread] [root/weather.py:565]: Error processing weather data: Weather data is empty.. Retrying fetch in 10 seconds.
2026-08-26 08:01:59,124 [ERROR] [MainThread] [root/api.py:84]: Weather response error 403: API key has reached maximum calls per month allowed limit.
2026-08-26 08:01:59,124 [WARNING] [MainThread] [root/weather.py:565]: Error processing weather data: Weather data is empty.. Retrying fetch in 10 seconds.
2026-08-26 08:02:09,295 [ERROR] [MainThread] [root/api.py:84]: Weather response error 403: API key has reached maximum calls per month allowed limit.
2026-08-26 08:02:09,296 [WARNING] [MainThread] [root/weather.py:565]: Error processing weather data: Weather data is empty.. Retrying fetch in 10 seconds.
2026-08-26 08:02:19,534 [ERROR] [MainThread] [root/api.py:84]: Weather response error 403: API key has reached maximum calls per month allowed limit.
2026-08-26 08:02:19,534 [WARNING] [MainThread] [root/weather.py:565]: Error processing weather data: Weather data is empty.. Retrying fetch in 10 seconds.
2026-08-26 08:02:29,694 [ERROR] [MainThread] [root/api.py:84]: Weather response error 403: API key has reached maximum calls per month allowed limit.
2026-08-26 08:02:29,694 [WARNING] [MainThread] [root/weather.py:565]: Error processing weather data: Weather data is empty.. Retrying fetch in 10 seconds.
2026-08-26 08:02:39,854 [ERROR] [MainThread] [root/api.py:84]: Weather response error 403: API key has reached maximum calls per month allowed limit.
2026-08-26 08:02:39,854 [WARNING] [MainThread] [root/weather.py:565]: Error processing weather data: Weather data is empty.. Retrying fetch in 10 seconds.
2026-08-26 08:02:50,002 [ERROR] [MainThread] [root/api.py:84]: Weather response error 403: API key has reached maximum calls per month allowed limit.
2026-08-26 08:02:50,002 [WARNING] [MainThread] [root/weather.py:565]: Error processing weather data: Weather data is empty.. Retrying fetch in 10 seconds.
2026-08-26 08:03:00,248 [ERROR] [MainThread] [root/api.py:84]: Weather response error 403: API key has reached maximum calls per month allowed limit.
2026-08-26 08:03:00,274 [WARNING] [MainThread] [root/weather.py:565]: Error processing weather data: Weather data is empty.. Retrying fetch in 10 seconds.
2026-08-26 08:03:10,604 [ERROR] [MainThread] [root/api.py:84]: Weather response error 403: API key has reached maximum calls per month allowed limit.
2026-08-26 08:03:10,604 [WARNING] [MainThread] [root/weather.py:565]: Error processing weather data: Weather data is empty.. Retrying fetch in 10 seconds.
2026-08-26 08:03:20,753 [ERROR] [MainThread] [root/api.py:84]: Weather response error 403: API key has reached maximum calls per month allowed limit.
2026-08-26 08:03:20,754 [WARNING] [MainThread] [root/weather.py:565]: Error processing weather data: Weather data is empty.. Retrying fetch in 10 seconds.
2026-08-26 08:03:31,032 [ERROR] [MainThread] [root/api.py:84]: Weather response error 403: API key has reached maximum calls per month allowed limit.
2026-08-26 08:03:31,032 [WARNING] [MainThread] [root/weather.py:565]: Error processing weather data: Weather data is empty.. Retrying fetch in 10 seconds.
2026-08-26 08:03:41,203 [ERROR] [MainThread] [root/api.py:84]: Weather response error 403: API key has reached maximum calls per month allowed limit.
2026-08-26 08:03:41,203 [WARNING] [MainThread] [root/weather.py:565]: Error processing weather data: Weather data is empty.. Retrying fetch in 10 seconds.
2026-08-26 08:03:52,245 [ERROR] [MainThread] [root/api.py:84]: Weather response error 403: API key has reached maximum calls per month allowed limit.
2026-08-26 08:03:52,306 [WARNING] [MainThread] [root/weather.py:565]: Error processing weather data: Weather data is empty.. Retrying fetch in 10 seconds.
2026-08-26 08:04:02,491 [ERROR] [MainThread] [root/api.py:84]: Weather response error 403: API key has reached maximum calls per month allowed limit.
2026-08-26 08:04:02,492 [WARNING] [MainThread] [root/weather.py:565]: Error processing weather data: Weather data is empty.. Retrying fetch in 10 seconds.
2026-08-26 08:04:12,656 [ERROR] [MainThread] [root/api.py:84]: Weather response error 403: API key has reached maximum calls per month allowed limit.
2026-08-26 08:04:12,656 [WARNING] [MainThread] [root/weather.py:565]: Error processing weather data: Weather data is empty.. Retrying fetch in 10 seconds.
2026-08-26 08:04:22,823 [ERROR] [MainThread] [root/api.py:84]: Weather response error 403: API key has reached maximum calls per month allowed limit.
2026-08-26 08:04:22,823 [WARNING] [MainThread] [root/weather.py:565]: Error processing weather data: Weather data is empty.. Retrying fetch in 10 seconds.
2026-08-26 08:04:32,990 [ERROR] [MainThread] [root/api.py:84]: Weather response error 403: API key has reached maximum calls per month allowed limit.
2026-08-26 08:04:32,990 [WARNING] [MainThread] [root/weather.py:565]: Error processing weather data: Weather data is empty.. Retrying fetch in 10 seconds.
2026-08-26 08:04:43,146 [ERROR] [MainThread] [root/api.py:84]: Weather response error 403: API key has reached maximum calls per month allowed limit.
2026-08-26 08:04:43,146 [WARNING] [MainThread] [root/weather.py:565]: Error processing weather data: Weather data is empty.. Retrying fetch in 10 seconds.
2026-08-26 08:04:53,306 [ERROR] [MainThread] [root/api.py:84]: Weather response error 403: API key has reached maximum calls per month allowed limit.
2026-08-26 08:04:53,306 [WARNING] [MainThread] [root/weather.py:565]: Error processing weather data: Weather data is empty.. Retrying fetch in 10 seconds.
2026-08-26 08:05:03,470 [ERROR] [MainThread] [root/api.py:84]: Weather response error 403: API key has reached maximum calls per month allowed limit.
2026-08-26 08:05:03,470 [WARNING] [MainThread] [root/weather.py:565]: Error processing weather data: Weather data is empty.. Retrying fetch in 10 seconds.
2026-08-26 08:05:13,639 [ERROR] [MainThread] [root/api.py:84]: Weather response error 403: API key has reached maximum calls per month allowed limit.
2026-08-26 08:05:13,639 [WARNING] [MainThread] [root/weather.py:565]: Error processing weather data: Weather data is empty.. Retrying fetch in 10 seconds.
2026-08-26 08:05:23,808 [ERROR] [MainThread] [root/api.py:84]: Weather response error 403: API key has reached maximum calls per month allowed limit.
2026-08-26 08:05:23,808 [WARNING] [MainThread] [root/weather.py:565]: Error processing weather data: Weather data is empty.. Retrying fetch in 10 seconds.
2026-08-26 08:05:33,966 [ERROR] [MainThread] [root/api.py:84]: Weather response error 403: API key has reached maximum calls per month allowed limit.
2026-08-26 08:05:33,966 [WARNING] [MainThread] [root/weather.py:565]: Error processing weather data: Weather data is empty.. Retrying fetch in 10 seconds.
2026-08-26 08:05:44,132 [ERROR] [MainThread] [root/api.py:84]: Weather response error 403: API key has reached maximum calls per month allowed limit.
2026-08-26 08:05:44,133 [WARNING] [MainThread] [root/weather.py:565]: Error processing weather data: Weather data is empty.. Retrying fetch in 10 seconds.
2026-08-26 08:05:54,291 [ERROR] [MainThread] [root/api.py:84]: Weather response error 403: API key has reached maximum calls per month allowed limit.
2026-08-26 08:05:54,291 [WARNING] [MainThread] [root/weather.py:565]: Error processing weather data: Weather data is empty.. Retrying fetch in 10 seconds.
2026-08-26 08:06:04,443 [ERROR] [MainThread] [root/api.py:84]: Weather response error 403: API key has reached maximum calls per month allowed limit.
2026-08-26 08:06:04,443 [WARNING] [MainThread] [root/weather.py:565]: Error processing weather data: Weather data is empty.. Retrying fetch in 10 seconds.
2026-08-26 08:06:14,604 [ERROR] [MainThread] [root/api.py:84]: Weather response error 403: API key has reached maximum calls per month allowed limit.
2026-08-26 08:06:14,605 [WARNING] [MainThread] [root/weather.py:565]: Error processing weather data: Weather data is empty.. Retrying fetch in 10 seconds.
2026-08-26 08:06:24,752 [ERROR] [MainThread] [root/api.py:84]: Weather response error 403: API key has reached maximum calls per month allowed limit.
2026-08-26 08:06:24,752 [WARNING] [MainThread] [root/weather.py:565]: Error processing weather data: Weather data is empty.. Retrying fetch in 10 seconds.
2026-08-26 08:06:34,918 [ERROR] [MainThread] [root/api.py:84]: Weather response error 403: API key has reached maximum calls per month allowed limit.
2026-08-26 08:06:34,918 [WARNING] [MainThread] [root/weather.py:565]: Error processing weather data: Weather data is empty.. Retrying fetch in 10 seconds.
2026-08-26 08:06:45,083 [ERROR] [MainThread] [root/api.py:84]: Weather response error 403: API key has reached maximum calls per month allowed limit.
2026-08-26 08:06:45,083 [WARNING] [MainThread] [root/weather.py:565]: Error processing weather data: Weather data is empty.. Retrying fetch in 10 seconds.
2026-08-26 08:06:55,240 [ERROR] [MainThread] [root/api.py:84]: Weather response error 403: API key has reached maximum calls per month allowed limit.
2026-08-26 08:06:55,240 [WARNING] [MainThread] [root/weather.py:565]: Error processing weather data: Weather data is empty.. Retrying fetch in 10 seconds.
2026-08-26 08:07:05,398 [ERROR] [MainThread] [root/api.py:84]: Weather response error 403: API key has reached maximum calls per month allowed limit.
2026-08-26 08:07:05,398 [WARNING] [MainThread] [root/weather.py:565]: Error processing weather data: Weather data is empty.. Retrying fetch in 10 seconds.
2026-08-26 08:07:15,555 [ERROR] [MainThread] [root/api.py:84]: Weather response error 403: API key has reached maximum calls per month allowed limit.
2026-08-26 08:07:15,556 [WARNING] [MainThread] [root/weather.py:565]: Error processing weather data: Weather data is empty.. Retrying fetch in 10 seconds.
2026-08-26 08:07:25,708 [ERROR] [MainThread] [root/api.py:84]: Weather response error 403: API key has reached maximum calls per month allowed limit.
2026-08-26 08:07:25,708 [WARNING] [MainThread] [root/weather.py:565]: Error processing weather data: Weather data is empty.. Retrying fetch in 10 seconds.
2026-08-26 08:07:35,870 [ERROR] [MainThread] [root/api.py:84]: Weather response error 403: API key has reached maximum calls per month allowed limit.
2026-08-26 08:07:35,870 [WARNING] [MainThread] [root/weather.py:565]: Error processing weather data: Weather data is empty.. Retrying fetch in 10 seconds.
2026-08-26 08:07:46,023 [ERROR] [MainThread] [root/api.py:84]: Weather response error 403: API key has reached maximum calls per month allowed limit.
2026-08-26 08:07:46,023 [WARNING] [MainThread] [root/weather.py:565]: Error processing weather data: Weather data is empty.. Retrying fetch in 10 seconds.
2026-08-26 08:07:56,188 [ERROR] [MainThread] [root/api.py:84]: Weather response error 403: API key has reached maximum calls per month allowed limit.
2026-08-26 08:07:56,188 [WARNING] [MainThread] [root/weather.py:565]: Error processing weather data: Weather data is empty.. Retrying fetch in 10 seconds.
2026-08-26 08:08:06,347 [ERROR] [MainThread] [root/api.py:84]: Weather response error 403: API key has reached maximum calls per month allowed limit.
2026-08-26 08:08:06,347 [WARNING] [MainThread] [root/weather.py:565]: Error processing weather data: Weather data is empty.. Retrying fetch in 10 seconds.
2026-08-26 08:08:16,503 [ERROR] [MainThread] [root/api.py:84]: Weather response error 403: API key has reached maximum calls per month allowed limit.
2026-08-26 08:08:16,503 [WARNING] [MainThread] [root/weather.py:565]: Error processing weather data: Weather data is empty.. Retrying fetch in 10 seconds.
2026-08-26 08:08:26,658 [ERROR] [MainThread] [root/api.py:84]: Weather response error 403: API key has reached maximum calls per month allowed limit.
2026-08-26 08:08:26,658 [WARNING] [MainThread] [root/weather.py:565]: Error processing weather data: Weather data is empty.. Retrying fetch in 10 seconds.
2026-08-26 08:08:36,823 [ERROR] [MainThread] [root/api.py:84]: Weather response error 403: API key has reached maximum calls per month allowed limit.
2026-08-26 08:08:36,824 [WARNING] [MainThread] [root/weather.py:565]: Error processing weather data: Weather data is empty.. Retrying fetch in 10 seconds.
2026-08-26 08:08:46,975 [ERROR] [MainThread] [root/api.py:84]: Weather response error 403: API key has reached maximum calls per month allowed limit.
2026-08-26 08:08:46,975 [WARNING] [MainThread] [root/weather.py:565]: Error processing weather data: Weather data is empty.. Retrying fetch in 10 seconds.
2026-08-26 08:08:57,136 [ERROR] [MainThread] [root/api.py:84]: Weather response error 403: API key has reached maximum calls per month allowed limit.
2026-08-26 08:08:57,137 [WARNING] [MainThread] [root/weather.py:565]: Error processing weather data: Weather data is empty.. Retrying fetch in 10 seconds.
2026-08-26 08:09:07,290 [ERROR] [MainThread] [root/api.py:84]: Weather response error 403: API key has reached maximum calls per month allowed limit.
2026-08-26 08:09:07,290 [WARNING] [MainThread] [root/weather.py:565]: Error processing weather data: Weather data is empty.. Retrying fetch in 10 seconds.
2026-08-26 08:09:17,438 [ERROR] [MainThread] [root/api.py:84]: Weather response error 403: API key has reached maximum calls per month allowed limit.
2026-08-26 08:09:17,439 [WARNING] [MainThread] [root/weather.py:565]: Error processing weather data: Weather data is empty.. Retrying fetch in 10 seconds.
2026-08-26 08:09:27,600 [ERROR] [MainThread] [root/api.py:84]: Weather response error 403: API key has reached maximum calls per month allowed limit.
2026-08-26 08:09:27,600 [WARNING] [MainThread] [root/weather.py:565]: Error processing weather data: Weather data is empty.. Retrying fetch in 10 seconds.
2026-08-26 08:09:37,766 [ERROR] [MainThread] [root/api.py:84]: Weather response error 403: API key has reached maximum calls per month allowed limit.
2026-08-26 08:09:37,766 [WARNING] [MainThread] [root/weather.py:565]: Error processing weather data: Weather data is empty.. Retrying fetch in 10 seconds.
2026-08-26 08:09:47,935 [ERROR] [MainThread] [root/api.py:84]: Weather response error 403: API key has reached maximum calls per month allowed limit.
2026-08-26 08:09:47,935 [WARNING] [MainThread] [root/weather.py:565]: Error processing weather data: Weather data is empty.. Retrying fetch in 10 seconds.
2026-08-26 08:09:58,106 [ERROR] [MainThread] [root/api.py:84]: Weather response error 403: API key has reached maximum calls per month allowed limit.
2026-08-26 08:09:58,107 [WARNING] [MainThread] [root/weather.py:565]: Error processing weather data: Weather data is empty.. Retrying fetch in 10 seconds.
2026-08-26 08:10:08,275 [ERROR] [MainThread] [root/api.py:84]: Weather response error 403: API key has reached maximum calls per month allowed limit.
2026-08-26 08:10:08,275 [WARNING] [MainThread] [root/weather.py:565]: Error processing weather data: Weather data is empty.. Retrying fetch in 10 seconds.
2026-08-26 08:10:18,432 [ERROR] [MainThread] [root/api.py:84]: Weather response error 403: API key has reached maximum calls per month allowed limit.
2026-08-26 08:10:18,432 [WARNING] [MainThread] [root/weather.py:565]: Error processing weather data: Weather data is empty.. Retrying fetch in 10 seconds.
2026-08-26 08:10:24,677 [ERROR] [MainThread] [root/api.py:84]: Weather response error 403: API key has reached maximum calls per month allowed limit.
2026-08-26 08:10:28,581 [ERROR] [MainThread] [root/api.py:84]: Weather response error 403: API key has reached maximum calls per month allowed limit.
2026-08-26 08:10:28,581 [WARNING] [MainThread] [root/weather.py:565]: Error processing weather data: Weather data is empty.. Retrying fetch in 10 seconds.
2026-08-26 08:10:38,761 [ERROR] [MainThread] [root/api.py:84]: Weather response error 403: API key has reached maximum calls per month allowed limit.
2026-08-26 08:10:38,761 [WARNING] [MainThread] [root/weather.py:565]: Error processing weather data: Weather data is empty.. Retrying fetch in 10 seconds.
2026-08-26 08:10:48,908 [ERROR] [MainThread] [root/api.py:84]: Weather response error 403: API key has reached maximum calls per month allowed limit.
2026-08-26 08:10:48,908 [WARNING] [MainThread] [root/weather.py:565]: Error processing weather data: Weather data is empty.. Retrying fetch in 10 seconds.
2026-08-26 08:10:59,064 [ERROR] [MainThread] [root/api.py:84]: Weather response error 403: API key has reached maximum calls per month allowed limit.
2026-08-26 08:10:59,064 [WARNING] [MainThread] [root/weather.py:565]: Error processing weather data: Weather data is empty.. Retrying fetch in 10 seconds.
2026-08-26 08:11:09,222 [ERROR] [MainThread] [root/api.py:84]: Weather response error 403: API key has reached maximum calls per month allowed limit.
2026-08-26 08:11:09,223 [WARNING] [MainThread] [root/weather.py:565]: Error processing weather data: Weather data is empty.. Retrying fetch in 10 seconds.
2026-08-26 08:11:19,608 [ERROR] [MainThread] [root/api.py:84]: Weather response error 403: API key has reached maximum calls per month allowed limit.
2026-08-26 08:11:19,608 [WARNING] [MainThread] [root/weather.py:565]: Error processing weather data: Weather data is empty.. Retrying fetch in 10 seconds.
2026-08-26 08:11:30,414 [ERROR] [MainThread] [root/api.py:84]: Weather response error 403: API key has reached maximum calls per month allowed limit.
2026-08-26 08:11:30,414 [WARNING] [MainThread] [root/weather.py:565]: Error processing weather data: Weather data is empty.. Retrying fetch in 10 seconds.
2026-08-26 08:11:40,569 [ERROR] [MainThread] [root/api.py:84]: Weather response error 403: API key has reached maximum calls per month allowed limit.
2026-08-26 08:11:40,570 [WARNING] [MainThread] [root/weather.py:565]: Error processing weather data: Weather data is empty.. Retrying fetch in 10 seconds.
2026-08-26 08:11:50,742 [ERROR] [MainThread] [root/api.py:84]: Weather response error 403: API key has reached maximum calls per month allowed limit.
2026-08-26 08:11:50,742 [WARNING] [MainThread] [root/weather.py:565]: Error processing weather data: Weather data is empty.. Retrying fetch in 10 seconds.
2026-08-26 08:12:00,899 [ERROR] [MainThread] [root/api.py:84]: Weather response error 403: API key has reached maximum calls per month allowed limit.
2026-08-26 08:12:00,899 [WARNING] [MainThread] [root/weather.py:565]: Error processing weather data: Weather data is empty.. Retrying fetch in 10 seconds.
2026-08-26 08:12:11,050 [ERROR] [MainThread] [root/api.py:84]: Weather response error 403: API key has reached maximum calls per month allowed limit.
2026-08-26 08:12:11,050 [WARNING] [MainThread] [root/weather.py:565]: Error processing weather data: Weather data is empty.. Retrying fetch in 10 seconds.
2026-08-26 08:12:21,208 [ERROR] [MainThread] [root/api.py:84]: Weather response error 403: API key has reached maximum calls per month allowed limit.
2026-08-26 08:12:21,209 [WARNING] [MainThread] [root/weather.py:565]: Error processing weather data: Weather data is empty.. Retrying fetch in 10 seconds.
2026-08-26 08:12:31,362 [ERROR] [MainThread] [root/api.py:84]: Weather response error 403: API key has reached maximum calls per month allowed limit.
2026-08-26 08:12:31,362 [WARNING] [MainThread] [root/weather.py:565]: Error processing weather data: Weather data is empty.. Retrying fetch in 10 seconds.
2026-08-26 08:12:41,517 [ERROR] [MainThread] [root/api.py:84]: Weather response error 403: API key has reached maximum calls per month allowed limit.
2026-08-26 08:12:41,517 [WARNING] [MainThread] [root/weather.py:565]: Error processing weather data: Weather data is empty.. Retrying fetch in 10 seconds.
2026-08-26 08:12:51,681 [ERROR] [MainThread] [root/api.py:84]: Weather response error 403: API key has reached maximum calls per month allowed limit.
2026-08-26 08:12:51,681 [WARNING] [MainThread] [root/weather.py:565]: Error processing weather data: Weather data is empty.. Retrying fetch in 10 seconds.
2026-08-26 08:13:01,831 [ERROR] [MainThread] [root/api.py:84]: Weather response error 403: API key has reached maximum calls per month allowed limit.
2026-08-26 08:13:01,831 [WARNING] [MainThread] [root/weather.py:565]: Error processing weather data: Weather data is empty.. Retrying fetch in 10 seconds.
2026-08-26 08:13:11,987 [ERROR] [MainThread] [root/api.py:84]: Weather response error 403: API key has reached maximum calls per month allowed limit.
2026-08-26 08:13:11,987 [WARNING] [MainThread] [root/weather.py:565]: Error processing weather data: Weather data is empty.. Retrying fetch in 10 seconds.
2026-08-26 08:13:22,144 [ERROR] [MainThread] [root/api.py:84]: Weather response error 403: API key has reached maximum calls per month allowed limit.
2026-08-26 08:13:22,144 [WARNING] [MainThread] [root/weather.py:565]: Error processing weather data: Weather data is empty.. Retrying fetch in 10 seconds.
2026-08-26 08:13:32,299 [ERROR] [MainThread] [root/api.py:84]: Weather response error 403: API key has reached maximum calls per month allowed limit.
2026-08-26 08:13:32,299 [WARNING] [MainThread] [root/weather.py:565]: Error processing weather data: Weather data is empty.. Retrying fetch in 10 seconds.
2026-08-26 08:13:42,466 [ERROR] [MainThread] [root/api.py:84]: Weather response error 403: API key has reached maximum calls per month allowed limit.
2026-08-26 08:13:42,466 [WARNING] [MainThread] [root/weather.py:565]: Error processing weather data: Weather data is empty.. Retrying fetch in 10 seconds.
2026-08-26 08:13:52,654 [ERROR] [MainThread] [root/api.py:84]: Weather response error 403: API key has reached maximum calls per month allowed limit.
2026-08-26 08:13:52,654 [WARNING] [MainThread] [root/weather.py:565]: Error processing weather data: Weather data is empty.. Retrying fetch in 10 seconds.
2026-08-26 08:14:03,472 [ERROR] [MainThread] [root/api.py:84]: Weather response error 403: API key has reached maximum calls per month allowed limit.
2026-08-26 08:14:03,472 [WARNING] [MainThread] [root/weather.py:565]: Error processing weather data: Weather data is empty.. Retrying fetch in 10 seconds.
2026-08-26 08:14:13,696 [ERROR] [MainThread] [root/api.py:84]: Weather response error 403: API key has reached maximum calls per month allowed limit.
2026-08-26 08:14:13,696 [WARNING] [MainThread] [root/weather.py:565]: Error processing weather data: Weather data is empty.. Retrying fetch in 10 seconds.
2026-08-26 08:14:24,421 [ERROR] [MainThread] [root/api.py:84]: Weather response error 403: API key has reached maximum calls per month allowed limit.
2026-08-26 08:14:24,422 [WARNING] [MainThread] [root/weather.py:565]: Error processing weather data: Weather data is empty.. Retrying fetch in 10 seconds.
2026-08-26 08:14:34,617 [ERROR] [MainThread] [root/api.py:84]: Weather response error 403: API key has reached maximum calls per month allowed limit.
2026-08-26 08:14:34,617 [WARNING] [MainThread] [root/weather.py:565]: Error processing weather data: Weather data is empty.. Retrying fetch in 10 seconds.
2026-08-26 08:14:44,774 [ERROR] [MainThread] [root/api.py:84]: Weather response error 403: API key has reached maximum calls per month allowed limit.
2026-08-26 08:14:44,774 [WARNING] [MainThread] [root/weather.py:565]: Error processing weather data: Weather data is empty.. Retrying fetch in 10 seconds.
2026-08-26 08:14:54,927 [ERROR] [MainThread] [root/api.py:84]: Weather response error 403: API key has reached maximum calls per month allowed limit.
2026-08-26 08:14:54,927 [WARNING] [MainThread] [root/weather.py:565]: Error processing weather data: Weather data is empty.. Retrying fetch in 10 seconds.
2026-08-26 08:15:05,085 [ERROR] [MainThread] [root/api.py:84]: Weather response error 403: API key has reached maximum calls per month allowed limit.
2026-08-26 08:15:05,085 [WARNING] [MainThread] [root/weather.py:565]: Error processing weather data: Weather data is empty.. Retrying fetch in 10 seconds.
2026-08-26 08:15:15,237 [ERROR] [MainThread] [root/api.py:84]: Weather response error 403: API key has reached maximum calls per month allowed limit.
2026-08-26 08:15:15,237 [WARNING] [MainThread] [root/weather.py:565]: Error processing weather data: Weather data is empty.. Retrying fetch in 10 seconds.
2026-08-26 08:15:25,397 [ERROR] [MainThread] [root/api.py:84]: Weather response error 403: API key has reached maximum calls per month allowed limit.
2026-08-26 08:15:25,397 [WARNING] [MainThread] [root/weather.py:565]: Error processing weather data: Weather data is empty.. Retrying fetch in 10 seconds.
2026-08-26 08:15:35,550 [ERROR] [MainThread] [root/api.py:84]: Weather response error 403: API key has reached maximum calls per month allowed limit.
2026-08-26 08:15:35,550 [WARNING] [MainThread] [root/weather.py:565]: Error processing weather data: Weather data is empty.. Retrying fetch in 10 seconds.
2026-08-26 08:15:45,717 [ERROR] [MainThread] [root/api.py:84]: Weather response error 403: API key has reached maximum calls per month allowed limit.
2026-08-26 08:15:45,717 [WARNING] [MainThread] [root/weather.py:565]: Error processing weather data: Weather data is empty.. Retrying fetch in 10 seconds.
2026-08-26 08:15:56,147 [ERROR] [MainThread] [root/api.py:84]: Weather response error 403: API key has reached maximum calls per month allowed limit.
2026-08-26 08:15:56,147 [WARNING] [MainThread] [root/weather.py:565]: Error processing weather data: Weather data is empty.. Retrying fetch in 10 seconds.
2026-08-26 08:16:06,301 [ERROR] [MainThread] [root/api.py:84]: Weather response error 403: API key has reached maximum calls per month allowed limit.
2026-08-26 08:16:06,301 [WARNING] [MainThread] [root/weather.py:565]: Error processing weather data: Weather data is empty.. Retrying fetch in 10 seconds.
2026-08-26 08:16:16,465 [ERROR] [MainThread] [root/api.py:84]: Weather response error 403: API key has reached maximum calls per month allowed limit.
2026-08-26 08:16:16,466 [WARNING] [MainThread] [root/weather.py:565]: Error processing weather data: Weather data is empty.. Retrying fetch in 10 seconds.
2026-08-26 08:16:26,745 [ERROR] [MainThread] [root/api.py:84]: Weather response error 403: API key has reached maximum calls per month allowed limit.
2026-08-26 08:16:26,745 [WARNING] [MainThread] [root/weather.py:565]: Error processing weather data: Weather data is empty.. Retrying fetch in 10 seconds.
2026-08-26 08:16:36,900 [ERROR] [MainThread] [root/api.py:84]: Weather response error 403: API key has reached maximum calls per month allowed limit.
2026-08-26 08:16:36,900 [WARNING] [MainThread] [root/weather.py:565]: Error processing weather data: Weather data is empty.. Retrying fetch in 10 seconds.
2026-08-26 08:16:47,049 [ERROR] [MainThread] [root/api.py:84]: Weather response error 403: API key has reached maximum calls per month allowed limit.
2026-08-26 08:16:47,049 [WARNING] [MainThread] [root/weather.py:565]: Error processing weather data: Weather data is empty.. Retrying fetch in 10 seconds.
2026-08-26 08:16:57,205 [ERROR] [MainThread] [root/api.py:84]: Weather response error 403: API key has reached maximum calls per month allowed limit.
2026-08-26 08:16:57,205 [WARNING] [MainThread] [root/weather.py:565]: Error processing weather data: Weather data is empty.. Retrying fetch in 10 seconds.
2026-08-26 08:17:07,369 [ERROR] [MainThread] [root/api.py:84]: Weather response error 403: API key has reached maximum calls per month allowed limit.
2026-08-26 08:17:07,369 [WARNING] [MainThread] [root/weather.py:565]: Error processing weather data: Weather data is empty.. Retrying fetch in 10 seconds.
2026-08-26 08:17:17,524 [ERROR] [MainThread] [root/api.py:84]: Weather response error 403: API key has reached maximum calls per month allowed limit.
2026-08-26 08:17:17,524 [WARNING] [MainThread] [root/weather.py:565]: Error processing weather data: Weather data is empty.. Retrying fetch in 10 seconds.
2026-08-26 08:17:27,686 [ERROR] [MainThread] [root/api.py:84]: Weather response error 403: API key has reached maximum calls per month allowed limit.
2026-08-26 08:17:27,686 [WARNING] [MainThread] [root/weather.py:565]: Error processing weather data: Weather data is empty.. Retrying fetch in 10 seconds.
2026-08-26 08:17:37,856 [ERROR] [MainThread] [root/api.py:84]: Weather response error 403: API key has reached maximum calls per month allowed limit.
2026-08-26 08:17:37,856 [WARNING] [MainThread] [root/weather.py:565]: Error processing weather data: Weather data is empty.. Retrying fetch in 10 seconds.
2026-08-26 08:17:48,020 [ERROR] [MainThread] [root/api.py:84]: Weather response error 403: API key has reached maximum calls per month allowed limit.
2026-08-26 08:17:48,020 [WARNING] [MainThread] [root/weather.py:565]: Error processing weather data: Weather data is empty.. Retrying fetch in 10 seconds.
2026-08-26 08:17:58,186 [ERROR] [MainThread] [root/api.py:84]: Weather response error 403: API key has reached maximum calls per month allowed limit.
2026-08-26 08:17:58,187 [WARNING] [MainThread] [root/weather.py:565]: Error processing weather data: Weather data is empty.. Retrying fetch in 10 seconds.
2026-08-26 08:18:08,345 [ERROR] [MainThread] [root/api.py:84]: Weather response error 403: API key has reached maximum calls per month allowed limit.
2026-08-26 08:18:08,345 [WARNING] [MainThread] [root/weather.py:565]: Error processing weather data: Weather data is empty.. Retrying fetch in 10 seconds.
2026-08-26 08:18:18,518 [ERROR] [MainThread] [root/api.py:84]: Weather response error 403: API key has reached maximum calls per month allowed limit.
2026-08-26 08:18:18,518 [WARNING] [MainThread] [root/weather.py:565]: Error processing weather data: Weather data is empty.. Retrying fetch in 10 seconds.
2026-08-26 08:18:28,683 [ERROR] [MainThread] [root/api.py:84]: Weather response error 403: API key has reached maximum calls per month allowed limit.
2026-08-26 08:18:28,683 [WARNING] [MainThread] [root/weather.py:565]: Error processing weather data: Weather data is empty.. Retrying fetch in 10 seconds.
2026-08-26 08:18:38,838 [ERROR] [MainThread] [root/api.py:84]: Weather response error 403: API key has reached maximum calls per month allowed limit.
2026-08-26 08:18:38,839 [WARNING] [MainThread] [root/weather.py:565]: Error processing weather data: Weather data is empty.. Retrying fetch in 10 seconds.
2026-08-26 08:18:48,998 [ERROR] [MainThread] [root/api.py:84]: Weather response error 403: API key has reached maximum calls per month allowed limit.
2026-08-26 08:18:48,999 [WARNING] [MainThread] [root/weather.py:565]: Error processing weather data: Weather data is empty.. Retrying fetch in 10 seconds.
2026-08-26 08:18:59,176 [ERROR] [MainThread] [root/api.py:84]: Weather response error 403: API key has reached maximum calls per month allowed limit.
2026-08-26 08:18:59,176 [WARNING] [MainThread] [root/weather.py:565]: Error processing weather data: Weather data is empty.. Retrying fetch in 10 seconds.
2026-08-26 08:19:09,337 [ERROR] [MainThread] [root/api.py:84]: Weather response error 403: API key has reached maximum calls per month allowed limit.
2026-08-26 08:19:09,337 [WARNING] [MainThread] [root/weather.py:565]: Error processing weather data: Weather data is empty.. Retrying fetch in 10 seconds.
2026-08-26 08:19:19,506 [ERROR] [MainThread] [root/api.py:84]: Weather response error 403: API key has reached maximum calls per month allowed limit.
2026-08-26 08:19:19,506 [WARNING] [MainThread] [root/weather.py:565]: Error processing weather data: Weather data is empty.. Retrying fetch in 10 seconds.
2026-08-26 08:19:29,677 [ERROR] [MainThread] [root/api.py:84]: Weather response error 403: API key has reached maximum calls per month allowed limit.
2026-08-26 08:19:29,677 [WARNING] [MainThread] [root/weather.py:565]: Error processing weather data: Weather data is empty.. Retrying fetch in 10 seconds.
2026-08-26 08:19:39,830 [ERROR] [MainThread] [root/api.py:84]: Weather response error 403: API key has reached maximum calls per month allowed limit.
2026-08-26 08:19:39,830 [WARNING] [MainThread] [root/weather.py:565]: Error processing weather data: Weather data is empty.. Retrying fetch in 10 seconds.
2026-08-26 08:19:49,995 [ERROR] [MainThread] [root/api.py:84]: Weather response error 403: API key has reached maximum calls per month allowed limit.
2026-08-26 08:19:49,996 [WARNING] [MainThread] [root/weather.py:565]: Error processing weather data: Weather data is empty.. Retrying fetch in 10 seconds.
2026-08-26 08:20:00,151 [ERROR] [MainThread] [root/api.py:84]: Weather response error 403: API key has reached maximum calls per month allowed limit.
2026-08-26 08:20:00,151 [WARNING] [MainThread] [root/weather.py:565]: Error processing weather data: Weather data is empty.. Retrying fetch in 10 seconds.
2026-08-26 08:20:10,316 [ERROR] [MainThread] [root/api.py:84]: Weather response error 403: API key has reached maximum calls per month allowed limit.
2026-08-26 08:20:10,316 [WARNING] [MainThread] [root/weather.py:565]: Error processing weather data: Weather data is empty.. Retrying fetch in 10 seconds.
2026-08-26 08:20:20,480 [ERROR] [MainThread] [root/api.py:84]: Weather response error 403: API key has reached maximum calls per month allowed limit.
2026-08-26 08:20:20,480 [WARNING] [MainThread] [root/weather.py:565]: Error processing weather data: Weather data is empty.. Retrying fetch in 10 seconds.
2026-08-26 08:20:24,691 [ERROR] [MainThread] [root/api.py:84]: Weather response error 403: API key has reached maximum calls per month allowed limit.
2026-08-26 08:20:30,653 [ERROR] [MainThread] [root/api.py:84]: Weather response error 403: API key has reached maximum calls per month allowed limit.
2026-08-26 08:20:30,653 [WARNING] [MainThread] [root/weather.py:565]: Error processing weather data: Weather data is empty.. Retrying fetch in 10 seconds.
2026-08-26 08:20:40,830 [ERROR] [MainThread] [root/api.py:84]: Weather response error 403: API key has reached maximum calls per month allowed limit.
2026-08-26 08:20:40,830 [WARNING] [MainThread] [root/weather.py:565]: Error processing weather data: Weather data is empty.. Retrying fetch in 10 seconds.
2026-08-26 08:20:50,994 [ERROR] [MainThread] [root/api.py:84]: Weather response error 403: API key has reached maximum calls per month allowed limit.
2026-08-26 08:20:50,994 [WARNING] [MainThread] [root/weather.py:565]: Error processing weather data: Weather data is empty.. Retrying fetch in 10 seconds.
2026-08-26 08:21:01,167 [ERROR] [MainThread] [root/api.py:84]: Weather response error 403: API key has reached maximum calls per month allowed limit.
2026-08-26 08:21:01,167 [WARNING] [MainThread] [root/weather.py:565]: Error processing weather data: Weather data is empty.. Retrying fetch in 10 seconds.
2026-08-26 08:21:11,330 [ERROR] [MainThread] [root/api.py:84]: Weather response error 403: API key has reached maximum calls per month allowed limit.
2026-08-26 08:21:11,330 [WARNING] [MainThread] [root/weather.py:565]: Error processing weather data: Weather data is empty.. Retrying fetch in 10 seconds.
2026-08-26 08:21:21,488 [ERROR] [MainThread] [root/api.py:84]: Weather response error 403: API key has reached maximum calls per month allowed limit.
2026-08-26 08:21:21,488 [WARNING] [MainThread] [root/weather.py:565]: Error processing weather data: Weather data is empty.. Retrying fetch in 10 seconds.
2026-08-26 08:21:31,666 [ERROR] [MainThread] [root/api.py:84]: Weather response error 403: API key has reached maximum calls per month allowed limit.
2026-08-26 08:21:31,667 [WARNING] [MainThread] [root/weather.py:565]: Error processing weather data: Weather data is empty.. Retrying fetch in 10 seconds.
2026-08-26 08:21:41,828 [ERROR] [MainThread] [root/api.py:84]: Weather response error 403: API key has reached maximum calls per month allowed limit.
2026-08-26 08:21:41,828 [WARNING] [MainThread] [root/weather.py:565]: Error processing weather data: Weather data is empty.. Retrying fetch in 10 seconds.
2026-08-26 08:21:51,993 [ERROR] [MainThread] [root/api.py:84]: Weather response error 403: API key has reached maximum calls per month allowed limit.
2026-08-26 08:21:51,993 [WARNING] [MainThread] [root/weather.py:565]: Error processing weather data: Weather data is empty.. Retrying fetch in 10 seconds.
2026-08-26 08:22:02,149 [ERROR] [MainThread] [root/api.py:84]: Weather response error 403: API key has reached maximum calls per month allowed limit.
2026-08-26 08:22:02,149 [WARNING] [MainThread] [root/weather.py:565]: Error processing weather data: Weather data is empty.. Retrying fetch in 10 seconds.
2026-08-26 08:22:12,303 [ERROR] [MainThread] [root/api.py:84]: Weather response error 403: API key has reached maximum calls per month allowed limit.
2026-08-26 08:22:12,304 [WARNING] [MainThread] [root/weather.py:565]: Error processing weather data: Weather data is empty.. Retrying fetch in 10 seconds.
2026-08-26 08:22:22,482 [ERROR] [MainThread] [root/api.py:84]: Weather response error 403: API key has reached maximum calls per month allowed limit.
2026-08-26 08:22:22,482 [WARNING] [MainThread] [root/weather.py:565]: Error processing weather data: Weather data is empty.. Retrying fetch in 10 seconds.
2026-08-26 08:22:32,662 [ERROR] [MainThread] [root/api.py:84]: Weather response error 403: API key has reached maximum calls per month allowed limit.
2026-08-26 08:22:32,662 [WARNING] [MainThread] [root/weather.py:565]: Error processing weather data: Weather data is empty.. Retrying fetch in 10 seconds.
2026-08-26 08:22:42,821 [ERROR] [MainThread] [root/api.py:84]: Weather response error 403: API key has reached maximum calls per month allowed limit.
2026-08-26 08:22:42,822 [WARNING] [MainThread] [root/weather.py:565]: Error processing weather data: Weather data is empty.. Retrying fetch in 10 seconds.
2026-08-26 08:22:52,972 [ERROR] [MainThread] [root/api.py:84]: Weather response error 403: API key has reached maximum calls per month allowed limit.
2026-08-26 08:22:52,973 [WARNING] [MainThread] [root/weather.py:565]: Error processing weather data: Weather data is empty.. Retrying fetch in 10 seconds.
2026-08-26 08:23:03,130 [ERROR] [MainThread] [root/api.py:84]: Weather response error 403: API key has reached maximum calls per month allowed limit.
2026-08-26 08:23:03,130 [WARNING] [MainThread] [root/weather.py:565]: Error processing weather data: Weather data is empty.. Retrying fetch in 10 seconds.
2026-08-26 08:23:13,300 [ERROR] [MainThread] [root/api.py:84]: Weather response error 403: API key has reached maximum calls per month allowed limit.
2026-08-26 08:23:13,300 [WARNING] [MainThread] [root/weather.py:565]: Error processing weather data: Weather data is empty.. Retrying fetch in 10 seconds.
2026-08-26 08:23:23,458 [ERROR] [MainThread] [root/api.py:84]: Weather response error 403: API key has reached maximum calls per month allowed limit.
2026-08-26 08:23:23,458 [WARNING] [MainThread] [root/weather.py:565]: Error processing weather data: Weather data is empty.. Retrying fetch in 10 seconds.
2026-08-26 08:23:28,265 [INFO] [MainThread] [root/controller.py:21]: Reloading Application because of config change.
2026-08-26 08:23:28,381 [INFO] [MainThread] [cli_server/cli_server.py:114]: Log pipe server stopped
2026-08-26 08:23:28,396 [INFO] [MainThread] [root/bar_manager.py:93]: Successfully loaded updated config and re-initialised all bars.
2026-08-26 08:23:28,439 [INFO] [MainThread] [root/bar_manager.py:111]: Stopping HotkeyListener...
2026-08-26 08:23:28,445 [INFO] [MainThread] [root/bar_manager.py:119]: Stopping KomorebiEventListener...
2026-08-26 08:23:28,447 [INFO] [MainThread] [root/bar_manager.py:119]: Stopping SystemEventListener...
2026-08-26 08:23:29,079 [INFO] [MainThread] [root/log.py:104]: YASB v2.0.6
2026-08-26 08:23:29,080 [INFO] [CLIPipeServer] [cli_server/cli_server.py:216]: CLI server started v1.1.7
2026-08-26 08:23:29,080 [INFO] [MainThread] [cli_server/cli_server.py:106]: Log pipe server started
2026-08-26 08:23:29,220 [WARNING] [MainThread] [root/widget_builder.py:39]: No widget config could be found for widget 'gpu
2026-08-26 08:23:29,500 [INFO] [SystrayHook] [systray_hook/systray_hook.py:193]: Injecting into Explorer (PID: 4704)
2026-08-26 08:23:29,569 [WARNING] [MainThread] [deprecation/deprecation.py:146]: [DEPRECATED] BrightnessConfig: 'hide_unsupported' - No longer supported and can be removed from the config.
2026-08-26 08:23:29,569 [INFO] [MainThread] [root/service.py:225]: BrightnessService started with 1 monitors
2026-08-26 08:23:29,595 [INFO] [MainThread] [root/service.py:52]: AudioOutputService starting...
2026-08-26 08:23:29,674 [INFO] [MainThread] [root/bar_manager.py:238]: Starting HotkeyListener...
2026-08-26 08:23:29,674 [INFO] [MainThread] [root/bar_manager.py:103]: Starting KomorebiEventListener...
2026-08-26 08:23:29,674 [INFO] [MainThread] [root/bar_manager.py:103]: Starting SystemEventListener...
2026-08-26 08:23:29,675 [ERROR] [MainThread] [root/widget_builder.py:100]: Failed to add undefined widget(s)  - The widget "gpu" is undefined.
2026-08-26 08:23:29,677 [INFO] [Dummy-12] [root/event_listener.py:54]: Created named pipe yasb-995cfc06-a0d3-11f1-8cb8-c424d5661522
2026-08-26 08:23:29,698 [INFO] [MainThread] [root/watcher.py:65]: Watching directory: c:\users\gojia\.config\yasb
2026-08-26 08:23:29,699 [INFO] [MainThread] [root/watcher.py:104]: Created file watcher
2026-08-26 08:23:29,717 [INFO] [MainThread] [root/update_service.py:434]: Background update checker started
2026-08-26 08:23:29,745 [INFO] [Dummy-12] [root/event_listener.py:147]: Komorebi connected to named pipe: yasb-995cfc06-a0d3-11f1-8cb8-c424d5661522
2026-08-26 08:23:29,983 [ERROR] [MainThread] [root/api.py:84]: Weather response error 403: API key has reached maximum calls per month allowed limit.
2026-08-26 08:23:29,983 [WARNING] [MainThread] [root/weather.py:565]: Error processing weather data: Weather data is empty.. Retrying fetch in 10 seconds.
2026-08-26 08:23:40,143 [ERROR] [MainThread] [root/api.py:84]: Weather response error 403: API key has reached maximum calls per month allowed limit.
2026-08-26 08:23:40,143 [WARNING] [MainThread] [root/weather.py:565]: Error processing weather data: Weather data is empty.. Retrying fetch in 10 seconds.
2026-08-26 08:23:50,302 [ERROR] [MainThread] [root/api.py:84]: Weather response error 403: API key has reached maximum calls per month allowed limit.
2026-08-26 08:23:50,302 [WARNING] [MainThread] [root/weather.py:565]: Error processing weather data: Weather data is empty.. Retrying fetch in 10 seconds.
2026-08-26 08:23:51,862 [INFO] [MainThread] [root/controller.py:21]: Reloading Application because of config change.
2026-08-26 08:23:51,965 [INFO] [MainThread] [cli_server/cli_server.py:114]: Log pipe server stopped
2026-08-26 08:23:51,968 [INFO] [MainThread] [root/bar_manager.py:93]: Successfully loaded updated config and re-initialised all bars.
2026-08-26 08:23:51,993 [INFO] [MainThread] [root/bar_manager.py:111]: Stopping HotkeyListener...
2026-08-26 08:23:51,996 [INFO] [MainThread] [root/bar_manager.py:119]: Stopping KomorebiEventListener...
2026-08-26 08:23:51,998 [INFO] [MainThread] [root/bar_manager.py:119]: Stopping SystemEventListener...
2026-08-26 08:23:52,426 [INFO] [MainThread] [root/log.py:104]: YASB v2.0.6
2026-08-26 08:23:52,427 [INFO] [CLIPipeServer] [cli_server/cli_server.py:216]: CLI server started v1.1.7
2026-08-26 08:23:52,427 [INFO] [MainThread] [cli_server/cli_server.py:106]: Log pipe server started
2026-08-26 08:23:52,506 [WARNING] [MainThread] [root/widget_builder.py:39]: No widget config could be found for widget 'gpu
2026-08-26 08:23:52,785 [INFO] [SystrayHook] [systray_hook/systray_hook.py:193]: Injecting into Explorer (PID: 4704)
2026-08-26 08:23:52,819 [WARNING] [MainThread] [deprecation/deprecation.py:146]: [DEPRECATED] BrightnessConfig: 'hide_unsupported' - No longer supported and can be removed from the config.
2026-08-26 08:23:52,819 [INFO] [MainThread] [root/service.py:225]: BrightnessService started with 1 monitors
2026-08-26 08:23:52,840 [INFO] [MainThread] [root/service.py:52]: AudioOutputService starting...
2026-08-26 08:23:52,915 [INFO] [MainThread] [root/bar_manager.py:238]: Starting HotkeyListener...
2026-08-26 08:23:52,915 [INFO] [MainThread] [root/bar_manager.py:103]: Starting SystemEventListener...
2026-08-26 08:23:52,916 [INFO] [MainThread] [root/bar_manager.py:103]: Starting KomorebiEventListener...
2026-08-26 08:23:52,916 [ERROR] [MainThread] [root/widget_builder.py:100]: Failed to add undefined widget(s)  - The widget "gpu" is undefined.
2026-08-26 08:23:52,920 [INFO] [Dummy-12] [root/event_listener.py:54]: Created named pipe yasb-a73758b4-a0d3-11f1-b005-c424d5661522
2026-08-26 08:23:52,934 [INFO] [MainThread] [root/watcher.py:65]: Watching directory: c:\users\gojia\.config\yasb
2026-08-26 08:23:52,934 [INFO] [MainThread] [root/watcher.py:104]: Created file watcher
2026-08-26 08:23:52,948 [INFO] [MainThread] [root/update_service.py:434]: Background update checker started
2026-08-26 08:23:52,989 [INFO] [Dummy-12] [root/event_listener.py:147]: Komorebi connected to named pipe: yasb-a73758b4-a0d3-11f1-b005-c424d5661522
2026-08-26 08:25:45,876 [INFO] [MainThread] [root/controller.py:21]: Reloading Application because of config change.
2026-08-26 08:25:45,984 [INFO] [MainThread] [cli_server/cli_server.py:114]: Log pipe server stopped
2026-08-26 08:25:45,986 [INFO] [MainThread] [root/bar_manager.py:93]: Successfully loaded updated config and re-initialised all bars.
2026-08-26 08:25:46,010 [INFO] [MainThread] [root/bar_manager.py:111]: Stopping HotkeyListener...
2026-08-26 08:25:46,014 [INFO] [MainThread] [root/bar_manager.py:119]: Stopping SystemEventListener...
2026-08-26 08:25:46,016 [INFO] [MainThread] [root/bar_manager.py:119]: Stopping KomorebiEventListener...
2026-08-26 08:25:46,424 [INFO] [MainThread] [root/log.py:104]: YASB v2.0.6
2026-08-26 08:25:46,424 [INFO] [CLIPipeServer] [cli_server/cli_server.py:216]: CLI server started v1.1.7
2026-08-26 08:25:46,425 [INFO] [MainThread] [cli_server/cli_server.py:106]: Log pipe server started
2026-08-26 08:25:46,789 [INFO] [SystrayHook] [systray_hook/systray_hook.py:193]: Injecting into Explorer (PID: 4704)
2026-08-26 08:25:46,812 [WARNING] [MainThread] [deprecation/deprecation.py:146]: [DEPRECATED] BrightnessConfig: 'hide_unsupported' - No longer supported and can be removed from the config.
2026-08-26 08:25:46,813 [INFO] [MainThread] [root/service.py:225]: BrightnessService started with 1 monitors
2026-08-26 08:25:46,837 [INFO] [MainThread] [root/service.py:52]: AudioOutputService starting...
2026-08-26 08:25:46,916 [INFO] [MainThread] [root/bar_manager.py:238]: Starting HotkeyListener...
2026-08-26 08:25:46,916 [INFO] [MainThread] [root/bar_manager.py:103]: Starting SystemEventListener...
2026-08-26 08:25:46,916 [INFO] [MainThread] [root/bar_manager.py:103]: Starting KomorebiEventListener...
2026-08-26 08:25:46,917 [INFO] [MainThread] [root/watcher.py:65]: Watching directory: c:\users\gojia\.config\yasb
2026-08-26 08:25:46,918 [INFO] [MainThread] [root/watcher.py:104]: Created file watcher
2026-08-26 08:25:46,937 [INFO] [Dummy-13] [root/event_listener.py:54]: Created named pipe yasb-eb2a6f16-a0d3-11f1-a0d6-c424d5661522
2026-08-26 08:25:46,942 [INFO] [MainThread] [root/update_service.py:434]: Background update checker started
2026-08-26 08:25:47,003 [INFO] [Dummy-13] [root/event_listener.py:147]: Komorebi connected to named pipe: yasb-eb2a6f16-a0d3-11f1-a0d6-c424d5661522
2026-08-26 08:28:23,708 [INFO] [MainThread] [root/controller.py:21]: Reloading Application because of config change.
2026-08-26 08:28:23,819 [INFO] [MainThread] [cli_server/cli_server.py:114]: Log pipe server stopped
2026-08-26 08:28:23,823 [INFO] [MainThread] [root/bar_manager.py:93]: Successfully loaded updated config and re-initialised all bars.
2026-08-26 08:28:23,848 [INFO] [MainThread] [root/bar_manager.py:111]: Stopping HotkeyListener...
2026-08-26 08:28:23,851 [INFO] [MainThread] [root/bar_manager.py:119]: Stopping SystemEventListener...
2026-08-26 08:28:23,854 [INFO] [MainThread] [root/bar_manager.py:119]: Stopping KomorebiEventListener...
2026-08-26 08:28:24,239 [INFO] [MainThread] [root/log.py:104]: YASB v2.0.6
2026-08-26 08:28:24,239 [INFO] [CLIPipeServer] [cli_server/cli_server.py:216]: CLI server started v1.1.7
2026-08-26 08:28:24,240 [INFO] [MainThread] [cli_server/cli_server.py:106]: Log pipe server started
2026-08-26 08:28:24,291 [WARNING] [MainThread] [root/widget_builder.py:39]: No widget config could be found for widget 'komorebi_menu
2026-08-26 08:28:24,599 [INFO] [SystrayHook] [systray_hook/systray_hook.py:193]: Injecting into Explorer (PID: 4704)
2026-08-26 08:28:24,622 [WARNING] [MainThread] [deprecation/deprecation.py:146]: [DEPRECATED] BrightnessConfig: 'hide_unsupported' - No longer supported and can be removed from the config.
2026-08-26 08:28:24,623 [INFO] [MainThread] [root/service.py:225]: BrightnessService started with 1 monitors
2026-08-26 08:28:24,648 [INFO] [MainThread] [root/service.py:52]: AudioOutputService starting...
2026-08-26 08:28:24,720 [INFO] [MainThread] [root/bar_manager.py:238]: Starting HotkeyListener...
2026-08-26 08:28:24,720 [INFO] [MainThread] [root/bar_manager.py:103]: Starting KomorebiEventListener...
2026-08-26 08:28:24,720 [INFO] [MainThread] [root/bar_manager.py:103]: Starting SystemEventListener...
2026-08-26 08:28:24,721 [ERROR] [MainThread] [root/widget_builder.py:100]: Failed to add undefined widget(s)  - The widget "komorebi_menu" is undefined.
2026-08-26 08:28:24,724 [INFO] [Dummy-12] [root/event_listener.py:54]: Created named pipe yasb-49396f89-a0d4-11f1-b723-c424d5661522
2026-08-26 08:28:24,740 [INFO] [MainThread] [root/watcher.py:65]: Watching directory: c:\users\gojia\.config\yasb
2026-08-26 08:28:24,740 [INFO] [MainThread] [root/watcher.py:104]: Created file watcher
2026-08-26 08:28:24,752 [INFO] [MainThread] [root/update_service.py:434]: Background update checker started
2026-08-26 08:28:24,794 [INFO] [Dummy-12] [root/event_listener.py:147]: Komorebi connected to named pipe: yasb-49396f89-a0d4-11f1-b723-c424d5661522
2026-08-26 08:29:12,069 [INFO] [MainThread] [root/controller.py:21]: Reloading Application because of config change.
2026-08-26 08:29:12,174 [INFO] [MainThread] [cli_server/cli_server.py:114]: Log pipe server stopped
2026-08-26 08:29:12,176 [INFO] [MainThread] [root/bar_manager.py:93]: Successfully loaded updated config and re-initialised all bars.
2026-08-26 08:29:12,197 [INFO] [MainThread] [root/bar_manager.py:111]: Stopping HotkeyListener...
2026-08-26 08:29:12,201 [INFO] [MainThread] [root/bar_manager.py:119]: Stopping KomorebiEventListener...
2026-08-26 08:29:12,205 [INFO] [MainThread] [root/bar_manager.py:119]: Stopping SystemEventListener...
2026-08-26 08:29:12,600 [INFO] [MainThread] [root/log.py:104]: YASB v2.0.6
2026-08-26 08:29:12,600 [INFO] [CLIPipeServer] [cli_server/cli_server.py:216]: CLI server started v1.1.7
2026-08-26 08:29:12,601 [INFO] [MainThread] [cli_server/cli_server.py:106]: Log pipe server started
2026-08-26 08:29:12,669 [WARNING] [MainThread] [root/widget_builder.py:39]: No widget config could be found for widget 'komorebi_menu
2026-08-26 08:29:12,700 [WARNING] [MainThread] [root/widget_builder.py:39]: No widget config could be found for widget 'gpu
2026-08-26 08:29:12,958 [INFO] [SystrayHook] [systray_hook/systray_hook.py:193]: Injecting into Explorer (PID: 4704)
2026-08-26 08:29:12,984 [WARNING] [MainThread] [deprecation/deprecation.py:146]: [DEPRECATED] BrightnessConfig: 'hide_unsupported' - No longer supported and can be removed from the config.
2026-08-26 08:29:12,985 [INFO] [MainThread] [root/service.py:225]: BrightnessService started with 1 monitors
2026-08-26 08:29:13,006 [INFO] [MainThread] [root/service.py:52]: AudioOutputService starting...
2026-08-26 08:29:13,077 [INFO] [MainThread] [root/bar_manager.py:238]: Starting HotkeyListener...
2026-08-26 08:29:13,077 [INFO] [MainThread] [root/bar_manager.py:103]: Starting KomorebiEventListener...
2026-08-26 08:29:13,077 [INFO] [MainThread] [root/bar_manager.py:103]: Starting SystemEventListener...
2026-08-26 08:29:13,078 [ERROR] [MainThread] [root/widget_builder.py:100]: Failed to add undefined widget(s)  - The widget "komorebi_menu" is undefined.
 - The widget "gpu" is undefined.
2026-08-26 08:29:13,082 [INFO] [Dummy-12] [root/event_listener.py:54]: Created named pipe yasb-660c24d0-a0d4-11f1-8449-c424d5661522
2026-08-26 08:29:13,097 [INFO] [MainThread] [root/watcher.py:65]: Watching directory: c:\users\gojia\.config\yasb
2026-08-26 08:29:13,097 [INFO] [MainThread] [root/watcher.py:104]: Created file watcher
2026-08-26 08:29:13,111 [INFO] [MainThread] [root/update_service.py:434]: Background update checker started
2026-08-26 08:29:13,166 [INFO] [Dummy-12] [root/event_listener.py:147]: Komorebi connected to named pipe: yasb-660c24d0-a0d4-11f1-8449-c424d5661522
2026-08-26 08:29:34,163 [INFO] [MainThread] [root/controller.py:21]: Reloading Application because of config change.
2026-08-26 08:29:34,269 [INFO] [MainThread] [cli_server/cli_server.py:114]: Log pipe server stopped
2026-08-26 08:29:34,272 [INFO] [MainThread] [root/bar_manager.py:93]: Successfully loaded updated config and re-initialised all bars.
2026-08-26 08:29:34,300 [INFO] [MainThread] [root/bar_manager.py:111]: Stopping HotkeyListener...
2026-08-26 08:29:34,302 [INFO] [MainThread] [root/bar_manager.py:119]: Stopping KomorebiEventListener...
2026-08-26 08:29:34,304 [INFO] [MainThread] [root/bar_manager.py:119]: Stopping SystemEventListener...
2026-08-26 08:29:34,699 [INFO] [MainThread] [root/log.py:104]: YASB v2.0.6
2026-08-26 08:29:34,700 [INFO] [CLIPipeServer] [cli_server/cli_server.py:216]: CLI server started v1.1.7
2026-08-26 08:29:34,700 [INFO] [MainThread] [cli_server/cli_server.py:106]: Log pipe server started
2026-08-26 08:29:34,744 [WARNING] [MainThread] [root/widget_builder.py:39]: No widget config could be found for widget 'komorebi_menu
2026-08-26 08:29:35,069 [INFO] [SystrayHook] [systray_hook/systray_hook.py:193]: Injecting into Explorer (PID: 4704)
2026-08-26 08:29:35,093 [WARNING] [MainThread] [deprecation/deprecation.py:146]: [DEPRECATED] BrightnessConfig: 'hide_unsupported' - No longer supported and can be removed from the config.
2026-08-26 08:29:35,093 [INFO] [MainThread] [root/service.py:225]: BrightnessService started with 1 monitors
2026-08-26 08:29:35,114 [INFO] [MainThread] [root/service.py:52]: AudioOutputService starting...
2026-08-26 08:29:35,184 [INFO] [MainThread] [root/bar_manager.py:238]: Starting HotkeyListener...
2026-08-26 08:29:35,184 [INFO] [MainThread] [root/bar_manager.py:103]: Starting KomorebiEventListener...
2026-08-26 08:29:35,185 [INFO] [MainThread] [root/bar_manager.py:103]: Starting SystemEventListener...
2026-08-26 08:29:35,185 [ERROR] [MainThread] [root/widget_builder.py:100]: Failed to add undefined widget(s)  - The widget "komorebi_menu" is undefined.
2026-08-26 08:29:35,189 [INFO] [Dummy-12] [root/event_listener.py:54]: Created named pipe yasb-7339714d-a0d4-11f1-8fd6-c424d5661522
2026-08-26 08:29:35,203 [INFO] [MainThread] [root/watcher.py:65]: Watching directory: c:\users\gojia\.config\yasb
2026-08-26 08:29:35,204 [INFO] [MainThread] [root/watcher.py:104]: Created file watcher
2026-08-26 08:29:35,216 [INFO] [MainThread] [root/update_service.py:434]: Background update checker started
2026-08-26 08:29:35,270 [INFO] [Dummy-12] [root/event_listener.py:147]: Komorebi connected to named pipe: yasb-7339714d-a0d4-11f1-8fd6-c424d5661522
2026-08-26 08:29:45,021 [INFO] [MainThread] [root/controller.py:21]: Reloading Application because of config change.
2026-08-26 08:29:45,127 [INFO] [MainThread] [cli_server/cli_server.py:114]: Log pipe server stopped
2026-08-26 08:29:45,129 [INFO] [MainThread] [root/bar_manager.py:93]: Successfully loaded updated config and re-initialised all bars.
2026-08-26 08:29:45,152 [INFO] [MainThread] [root/bar_manager.py:111]: Stopping HotkeyListener...
2026-08-26 08:29:45,155 [INFO] [MainThread] [root/bar_manager.py:119]: Stopping KomorebiEventListener...
2026-08-26 08:29:45,157 [INFO] [MainThread] [root/bar_manager.py:119]: Stopping SystemEventListener...
2026-08-26 08:29:45,557 [INFO] [MainThread] [root/log.py:104]: YASB v2.0.6
2026-08-26 08:29:45,558 [INFO] [CLIPipeServer] [cli_server/cli_server.py:216]: CLI server started v1.1.7
2026-08-26 08:29:45,558 [INFO] [MainThread] [cli_server/cli_server.py:106]: Log pipe server started
2026-08-26 08:29:45,979 [INFO] [SystrayHook] [systray_hook/systray_hook.py:193]: Injecting into Explorer (PID: 4704)
2026-08-26 08:29:46,007 [WARNING] [MainThread] [deprecation/deprecation.py:146]: [DEPRECATED] BrightnessConfig: 'hide_unsupported' - No longer supported and can be removed from the config.
2026-08-26 08:29:46,008 [INFO] [MainThread] [root/service.py:225]: BrightnessService started with 1 monitors
2026-08-26 08:29:46,032 [INFO] [MainThread] [root/service.py:52]: AudioOutputService starting...
2026-08-26 08:29:46,103 [INFO] [MainThread] [root/bar_manager.py:238]: Starting HotkeyListener...
2026-08-26 08:29:46,103 [INFO] [MainThread] [root/bar_manager.py:103]: Starting SystemEventListener...
2026-08-26 08:29:46,103 [INFO] [MainThread] [root/bar_manager.py:103]: Starting KomorebiEventListener...
2026-08-26 08:29:46,104 [INFO] [MainThread] [root/watcher.py:65]: Watching directory: c:\users\gojia\.config\yasb
2026-08-26 08:29:46,105 [INFO] [MainThread] [root/watcher.py:104]: Created file watcher
2026-08-26 08:29:46,120 [INFO] [Dummy-14] [root/event_listener.py:54]: Created named pipe yasb-79bb88f6-a0d4-11f1-9d79-c424d5661522
2026-08-26 08:29:46,122 [INFO] [MainThread] [root/update_service.py:434]: Background update checker started
2026-08-26 08:29:46,183 [INFO] [Dummy-14] [root/event_listener.py:147]: Komorebi connected to named pipe: yasb-79bb88f6-a0d4-11f1-9d79-c424d5661522
2026-08-26 08:30:24,069 [INFO] [MainThread] [root/controller.py:21]: Reloading Application because of config change.
2026-08-26 08:30:24,184 [INFO] [MainThread] [cli_server/cli_server.py:114]: Log pipe server stopped
2026-08-26 08:30:24,186 [INFO] [MainThread] [root/bar_manager.py:93]: Successfully loaded updated config and re-initialised all bars.
2026-08-26 08:30:24,212 [INFO] [MainThread] [root/bar_manager.py:111]: Stopping HotkeyListener...
2026-08-26 08:30:24,216 [INFO] [MainThread] [root/bar_manager.py:119]: Stopping SystemEventListener...
2026-08-26 08:30:24,220 [INFO] [MainThread] [root/bar_manager.py:119]: Stopping KomorebiEventListener...
2026-08-26 08:30:24,588 [INFO] [MainThread] [root/log.py:104]: YASB v2.0.6
2026-08-26 08:30:24,588 [INFO] [CLIPipeServer] [cli_server/cli_server.py:216]: CLI server started v1.1.7
2026-08-26 08:30:24,589 [INFO] [MainThread] [cli_server/cli_server.py:106]: Log pipe server started
2026-08-26 08:30:24,958 [INFO] [SystrayHook] [systray_hook/systray_hook.py:193]: Injecting into Explorer (PID: 4704)
2026-08-26 08:30:24,983 [WARNING] [MainThread] [deprecation/deprecation.py:146]: [DEPRECATED] BrightnessConfig: 'hide_unsupported' - No longer supported and can be removed from the config.
2026-08-26 08:30:24,984 [INFO] [MainThread] [root/service.py:225]: BrightnessService started with 1 monitors
2026-08-26 08:30:25,006 [INFO] [MainThread] [root/service.py:52]: AudioOutputService starting...
2026-08-26 08:30:25,081 [INFO] [MainThread] [root/bar_manager.py:238]: Starting HotkeyListener...
2026-08-26 08:30:25,082 [INFO] [MainThread] [root/bar_manager.py:103]: Starting KomorebiEventListener...
2026-08-26 08:30:25,082 [INFO] [MainThread] [root/bar_manager.py:103]: Starting SystemEventListener...
2026-08-26 08:30:25,084 [INFO] [MainThread] [root/watcher.py:65]: Watching directory: c:\users\gojia\.config\yasb
2026-08-26 08:30:25,084 [INFO] [MainThread] [root/watcher.py:104]: Created file watcher
2026-08-26 08:30:25,100 [INFO] [Dummy-13] [root/event_listener.py:54]: Created named pipe yasb-90f72140-a0d4-11f1-abec-c424d5661522
2026-08-26 08:30:25,103 [INFO] [MainThread] [root/update_service.py:434]: Background update checker started
2026-08-26 08:30:25,160 [INFO] [Dummy-13] [root/event_listener.py:147]: Komorebi connected to named pipe: yasb-90f72140-a0d4-11f1-abec-c424d5661522
2026-08-26 08:30:32,991 [INFO] [MainThread] [root/controller.py:21]: Reloading Application because of config change.
2026-08-26 08:30:33,101 [INFO] [MainThread] [cli_server/cli_server.py:114]: Log pipe server stopped
2026-08-26 08:30:33,103 [INFO] [MainThread] [root/bar_manager.py:93]: Successfully loaded updated config and re-initialised all bars.
2026-08-26 08:30:33,128 [INFO] [MainThread] [root/bar_manager.py:111]: Stopping HotkeyListener...
2026-08-26 08:30:33,130 [INFO] [MainThread] [root/bar_manager.py:119]: Stopping KomorebiEventListener...
2026-08-26 08:30:33,134 [INFO] [MainThread] [root/bar_manager.py:119]: Stopping SystemEventListener...
2026-08-26 08:30:33,543 [INFO] [MainThread] [root/log.py:104]: YASB v2.0.6
2026-08-26 08:30:33,544 [INFO] [CLIPipeServer] [cli_server/cli_server.py:216]: CLI server started v1.1.7
2026-08-26 08:30:33,544 [INFO] [MainThread] [cli_server/cli_server.py:106]: Log pipe server started
2026-08-26 08:30:33,911 [INFO] [SystrayHook] [systray_hook/systray_hook.py:193]: Injecting into Explorer (PID: 4704)
2026-08-26 08:30:33,936 [WARNING] [MainThread] [deprecation/deprecation.py:146]: [DEPRECATED] BrightnessConfig: 'hide_unsupported' - No longer supported and can be removed from the config.
2026-08-26 08:30:33,937 [INFO] [MainThread] [root/service.py:225]: BrightnessService started with 1 monitors
2026-08-26 08:30:33,960 [INFO] [MainThread] [root/service.py:52]: AudioOutputService starting...
2026-08-26 08:30:34,037 [INFO] [MainThread] [root/bar_manager.py:238]: Starting HotkeyListener...
2026-08-26 08:30:34,037 [INFO] [MainThread] [root/bar_manager.py:103]: Starting KomorebiEventListener...
2026-08-26 08:30:34,037 [INFO] [MainThread] [root/bar_manager.py:103]: Starting SystemEventListener...
2026-08-26 08:30:34,039 [INFO] [MainThread] [root/watcher.py:65]: Watching directory: c:\users\gojia\.config\yasb
2026-08-26 08:30:34,039 [INFO] [MainThread] [root/watcher.py:104]: Created file watcher
2026-08-26 08:30:34,057 [INFO] [Dummy-14] [root/event_listener.py:54]: Created named pipe yasb-964da446-a0d4-11f1-95cf-c424d5661522
2026-08-26 08:30:34,062 [INFO] [MainThread] [root/update_service.py:434]: Background update checker started
2026-08-26 08:30:34,125 [INFO] [Dummy-14] [root/event_listener.py:147]: Komorebi connected to named pipe: yasb-964da446-a0d4-11f1-95cf-c424d5661522
2026-08-26 08:34:18,434 [INFO] [MainThread] [root/controller.py:21]: Reloading Application because of config change.
2026-08-26 08:34:18,538 [INFO] [MainThread] [cli_server/cli_server.py:114]: Log pipe server stopped
2026-08-26 08:34:18,541 [INFO] [MainThread] [root/bar_manager.py:93]: Successfully loaded updated config and re-initialised all bars.
2026-08-26 08:34:18,565 [INFO] [MainThread] [root/bar_manager.py:111]: Stopping HotkeyListener...
2026-08-26 08:34:18,568 [INFO] [MainThread] [root/bar_manager.py:119]: Stopping KomorebiEventListener...
2026-08-26 08:34:18,570 [INFO] [MainThread] [root/bar_manager.py:119]: Stopping SystemEventListener...
2026-08-26 08:34:18,971 [INFO] [MainThread] [root/log.py:104]: YASB v2.0.6
2026-08-26 08:34:18,971 [INFO] [CLIPipeServer] [cli_server/cli_server.py:216]: CLI server started v1.1.7
2026-08-26 08:34:18,972 [INFO] [MainThread] [cli_server/cli_server.py:106]: Log pipe server started
2026-08-26 08:34:19,027 [WARNING] [MainThread] [root/widget_builder.py:39]: No widget config could be found for widget 'wallpapers
2026-08-26 08:34:19,331 [INFO] [SystrayHook] [systray_hook/systray_hook.py:193]: Injecting into Explorer (PID: 4704)
2026-08-26 08:34:19,357 [WARNING] [MainThread] [deprecation/deprecation.py:146]: [DEPRECATED] BrightnessConfig: 'hide_unsupported' - No longer supported and can be removed from the config.
2026-08-26 08:34:19,358 [INFO] [MainThread] [root/service.py:225]: BrightnessService started with 1 monitors
2026-08-26 08:34:19,381 [INFO] [MainThread] [root/service.py:52]: AudioOutputService starting...
2026-08-26 08:34:19,455 [INFO] [MainThread] [root/bar_manager.py:238]: Starting HotkeyListener...
2026-08-26 08:34:19,455 [INFO] [MainThread] [root/bar_manager.py:103]: Starting SystemEventListener...
2026-08-26 08:34:19,455 [INFO] [MainThread] [root/bar_manager.py:103]: Starting KomorebiEventListener...
2026-08-26 08:34:19,456 [ERROR] [MainThread] [root/widget_builder.py:100]: Failed to add undefined widget(s)  - The widget "wallpapers" is undefined.
2026-08-26 08:34:19,460 [INFO] [Dummy-12] [root/event_listener.py:54]: Created named pipe yasb-1ca9bac5-a0d5-11f1-b372-c424d5661522
2026-08-26 08:34:19,474 [INFO] [MainThread] [root/watcher.py:65]: Watching directory: c:\users\gojia\.config\yasb
2026-08-26 08:34:19,474 [INFO] [MainThread] [root/watcher.py:104]: Created file watcher
2026-08-26 08:34:19,489 [INFO] [MainThread] [root/update_service.py:434]: Background update checker started
2026-08-26 08:34:19,529 [INFO] [Dummy-12] [root/event_listener.py:147]: Komorebi connected to named pipe: yasb-1ca9bac5-a0d5-11f1-b372-c424d5661522
2026-08-26 08:34:56,185 [ERROR] [MainThread] [root/bar_manager.py:80]: Error loading config: while scanning a double-quoted scalar
  in "C:\Users\gojia\.config\yasb\config.yaml", line 364, column 19
expected escape sequence of 8 hexadecimal numbers, but found 's'
  in "C:\Users\gojia\.config\yasb\config.yaml", line 364, column 24
2026-08-26 08:35:07,187 [ERROR] [MainThread] [root/bar_manager.py:80]: Error loading config: while scanning a double-quoted scalar
  in "C:\Users\gojia\.config\yasb\config.yaml", line 364, column 19
expected escape sequence of 8 hexadecimal numbers, but found 's'
  in "C:\Users\gojia\.config\yasb\config.yaml", line 364, column 24
2026-08-26 08:35:46,165 [ERROR] [MainThread] [root/bar_manager.py:80]: Error loading config: while scanning a double-quoted scalar
  in "C:\Users\gojia\.config\yasb\config.yaml", line 364, column 19
expected escape sequence of 8 hexadecimal numbers, but found 's'
  in "C:\Users\gojia\.config\yasb\config.yaml", line 364, column 24
2026-08-26 08:35:50,094 [INFO] [MainThread] [root/controller.py:21]: Reloading Bar from context menu...
2026-08-26 08:35:50,204 [INFO] [MainThread] [cli_server/cli_server.py:114]: Log pipe server stopped
2026-08-26 08:35:50,243 [INFO] [MainThread] [root/bar_manager.py:111]: Stopping HotkeyListener...
2026-08-26 08:35:50,246 [INFO] [MainThread] [root/bar_manager.py:119]: Stopping SystemEventListener...
2026-08-26 08:35:50,268 [INFO] [MainThread] [root/bar_manager.py:119]: Stopping KomorebiEventListener...
2026-08-26 08:35:50,636 [INFO] [MainThread] [root/log.py:104]: YASB v2.0.6
2026-08-26 08:35:50,636 [INFO] [CLIPipeServer] [cli_server/cli_server.py:216]: CLI server started v1.1.7
2026-08-26 08:35:50,637 [INFO] [MainThread] [cli_server/cli_server.py:106]: Log pipe server started
2026-08-26 08:35:50,719 [ERROR] [MainThread] [root/main.py:205]: Exception during application startup
Traceback (most recent call last):
  File "main.py", line 203, in <module>
  File "main.py", line 100, in main
  File "D:\a\yasb\yasb\venv\Lib\site-packages\qasync\__init__.py", line 438, in run_until_complete
  File "main.py", line 134, in main_async
  File "D:\a\yasb\yasb\src\core\config.py", line 144, in get_config_and_stylesheet
  File "D:\a\yasb\yasb\src\core\config.py", line 82, in get_config
  File "D:\a\yasb\yasb\venv\Lib\site-packages\yaml\__init__.py", line 125, in safe_load
  File "D:\a\yasb\yasb\venv\Lib\site-packages\yaml\__init__.py", line 81, in load
  File "D:\a\yasb\yasb\venv\Lib\site-packages\yaml\constructor.py", line 49, in get_single_data
  File "D:\a\yasb\yasb\venv\Lib\site-packages\yaml\composer.py", line 36, in get_single_node
  File "D:\a\yasb\yasb\venv\Lib\site-packages\yaml\composer.py", line 55, in compose_document
  File "D:\a\yasb\yasb\venv\Lib\site-packages\yaml\composer.py", line 84, in compose_node
  File "D:\a\yasb\yasb\venv\Lib\site-packages\yaml\composer.py", line 133, in compose_mapping_node
  File "D:\a\yasb\yasb\venv\Lib\site-packages\yaml\composer.py", line 84, in compose_node
  File "D:\a\yasb\yasb\venv\Lib\site-packages\yaml\composer.py", line 133, in compose_mapping_node
  File "D:\a\yasb\yasb\venv\Lib\site-packages\yaml\composer.py", line 84, in compose_node
  File "D:\a\yasb\yasb\venv\Lib\site-packages\yaml\composer.py", line 133, in compose_mapping_node
  File "D:\a\yasb\yasb\venv\Lib\site-packages\yaml\composer.py", line 84, in compose_node
  File "D:\a\yasb\yasb\venv\Lib\site-packages\yaml\composer.py", line 133, in compose_mapping_node
  File "D:\a\yasb\yasb\venv\Lib\site-packages\yaml\composer.py", line 64, in compose_node
  File "D:\a\yasb\yasb\venv\Lib\site-packages\yaml\parser.py", line 98, in check_event
  File "D:\a\yasb\yasb\venv\Lib\site-packages\yaml\parser.py", line 449, in parse_block_mapping_value
  File "D:\a\yasb\yasb\venv\Lib\site-packages\yaml\scanner.py", line 116, in check_token
  File "D:\a\yasb\yasb\venv\Lib\site-packages\yaml\scanner.py", line 251, in fetch_more_tokens
  File "D:\a\yasb\yasb\venv\Lib\site-packages\yaml\scanner.py", line 655, in fetch_double
  File "D:\a\yasb\yasb\venv\Lib\site-packages\yaml\scanner.py", line 666, in fetch_flow_scalar
  File "D:\a\yasb\yasb\venv\Lib\site-packages\yaml\scanner.py", line 1149, in scan_flow_scalar
  File "D:\a\yasb\yasb\venv\Lib\site-packages\yaml\scanner.py", line 1213, in scan_flow_scalar_non_spaces
yaml.scanner.ScannerError: while scanning a double-quoted scalar
  in "C:\Users\gojia\.config\yasb\config.yaml", line 364, column 19
expected escape sequence of 8 hexadecimal numbers, but found 's'
  in "C:\Users\gojia\.config\yasb\config.yaml", line 364, column 24
2026-08-26 08:36:07,242 [INFO] [MainThread] [root/log.py:104]: YASB v2.0.6
2026-08-26 08:36:07,242 [INFO] [CLIPipeServer] [cli_server/cli_server.py:216]: CLI server started v1.1.7
2026-08-26 08:36:07,242 [INFO] [MainThread] [cli_server/cli_server.py:106]: Log pipe server started
2026-08-26 08:36:07,280 [ERROR] [MainThread] [root/main.py:205]: Exception during application startup
Traceback (most recent call last):
  File "main.py", line 203, in <module>
  File "main.py", line 100, in main
  File "D:\a\yasb\yasb\venv\Lib\site-packages\qasync\__init__.py", line 438, in run_until_complete
  File "main.py", line 134, in main_async
  File "D:\a\yasb\yasb\src\core\config.py", line 144, in get_config_and_stylesheet
  File "D:\a\yasb\yasb\src\core\config.py", line 82, in get_config
  File "D:\a\yasb\yasb\venv\Lib\site-packages\yaml\__init__.py", line 125, in safe_load
  File "D:\a\yasb\yasb\venv\Lib\site-packages\yaml\__init__.py", line 81, in load
  File "D:\a\yasb\yasb\venv\Lib\site-packages\yaml\constructor.py", line 49, in get_single_data
  File "D:\a\yasb\yasb\venv\Lib\site-packages\yaml\composer.py", line 36, in get_single_node
  File "D:\a\yasb\yasb\venv\Lib\site-packages\yaml\composer.py", line 55, in compose_document
  File "D:\a\yasb\yasb\venv\Lib\site-packages\yaml\composer.py", line 84, in compose_node
  File "D:\a\yasb\yasb\venv\Lib\site-packages\yaml\composer.py", line 133, in compose_mapping_node
  File "D:\a\yasb\yasb\venv\Lib\site-packages\yaml\composer.py", line 84, in compose_node
  File "D:\a\yasb\yasb\venv\Lib\site-packages\yaml\composer.py", line 133, in compose_mapping_node
  File "D:\a\yasb\yasb\venv\Lib\site-packages\yaml\composer.py", line 84, in compose_node
  File "D:\a\yasb\yasb\venv\Lib\site-packages\yaml\composer.py", line 133, in compose_mapping_node
  File "D:\a\yasb\yasb\venv\Lib\site-packages\yaml\composer.py", line 84, in compose_node
  File "D:\a\yasb\yasb\venv\Lib\site-packages\yaml\composer.py", line 133, in compose_mapping_node
  File "D:\a\yasb\yasb\venv\Lib\site-packages\yaml\composer.py", line 64, in compose_node
  File "D:\a\yasb\yasb\venv\Lib\site-packages\yaml\parser.py", line 98, in check_event
  File "D:\a\yasb\yasb\venv\Lib\site-packages\yaml\parser.py", line 449, in parse_block_mapping_value
  File "D:\a\yasb\yasb\venv\Lib\site-packages\yaml\scanner.py", line 116, in check_token
  File "D:\a\yasb\yasb\venv\Lib\site-packages\yaml\scanner.py", line 251, in fetch_more_tokens
  File "D:\a\yasb\yasb\venv\Lib\site-packages\yaml\scanner.py", line 655, in fetch_double
  File "D:\a\yasb\yasb\venv\Lib\site-packages\yaml\scanner.py", line 666, in fetch_flow_scalar
  File "D:\a\yasb\yasb\venv\Lib\site-packages\yaml\scanner.py", line 1149, in scan_flow_scalar
  File "D:\a\yasb\yasb\venv\Lib\site-packages\yaml\scanner.py", line 1213, in scan_flow_scalar_non_spaces
yaml.scanner.ScannerError: while scanning a double-quoted scalar
  in "C:\Users\gojia\.config\yasb\config.yaml", line 364, column 19
expected escape sequence of 8 hexadecimal numbers, but found 's'
  in "C:\Users\gojia\.config\yasb\config.yaml", line 364, column 24
2026-08-26 08:36:13,140 [INFO] [MainThread] [root/log.py:104]: YASB v2.0.6
2026-08-26 08:36:13,140 [INFO] [CLIPipeServer] [cli_server/cli_server.py:216]: CLI server started v1.1.7
2026-08-26 08:36:13,141 [INFO] [MainThread] [cli_server/cli_server.py:106]: Log pipe server started
2026-08-26 08:36:13,190 [WARNING] [MainThread] [root/widget_builder.py:39]: No widget config could be found for widget 'wallpapers
2026-08-26 08:36:13,480 [INFO] [SystrayHook] [systray_hook/systray_hook.py:193]: Injecting into Explorer (PID: 4704)
2026-08-26 08:36:13,502 [WARNING] [MainThread] [deprecation/deprecation.py:146]: [DEPRECATED] BrightnessConfig: 'hide_unsupported' - No longer supported and can be removed from the config.
2026-08-26 08:36:13,502 [INFO] [MainThread] [root/service.py:225]: BrightnessService started with 1 monitors
2026-08-26 08:36:13,523 [INFO] [MainThread] [root/service.py:52]: AudioOutputService starting...
2026-08-26 08:36:13,597 [INFO] [MainThread] [root/bar_manager.py:238]: Starting HotkeyListener...
2026-08-26 08:36:13,597 [INFO] [MainThread] [root/bar_manager.py:103]: Starting KomorebiEventListener...
2026-08-26 08:36:13,597 [INFO] [MainThread] [root/bar_manager.py:103]: Starting SystemEventListener...
2026-08-26 08:36:13,597 [ERROR] [MainThread] [root/widget_builder.py:100]: Failed to add undefined widget(s)  - The widget "wallpapers" is undefined.
2026-08-26 08:36:13,602 [INFO] [Dummy-11] [root/event_listener.py:54]: Created named pipe yasb-60b25de5-a0d5-11f1-8772-c424d5661522
2026-08-26 08:36:13,617 [INFO] [MainThread] [root/watcher.py:65]: Watching directory: c:\users\gojia\.config\yasb
2026-08-26 08:36:13,617 [INFO] [MainThread] [root/watcher.py:104]: Created file watcher
2026-08-26 08:36:13,627 [INFO] [MainThread] [root/update_service.py:434]: Background update checker started
2026-08-26 08:36:13,671 [INFO] [Dummy-11] [root/event_listener.py:147]: Komorebi connected to named pipe: yasb-60b25de5-a0d5-11f1-8772-c424d5661522
2026-08-26 08:36:24,319 [ERROR] [MainThread] [root/config.py:99]: The config file 'C:\Users\gojia\.config\yasb\config.yaml' contains validation errors. Please fix:
wallpapers:
- Extra inputs are not permitted

2026-08-26 08:36:28,294 [INFO] [MainThread] [root/controller.py:21]: Reloading Application because of config change.
2026-08-26 08:36:28,395 [INFO] [MainThread] [cli_server/cli_server.py:114]: Log pipe server stopped
2026-08-26 08:36:28,399 [INFO] [MainThread] [root/bar_manager.py:93]: Successfully loaded updated config and re-initialised all bars.
2026-08-26 08:36:28,421 [INFO] [MainThread] [root/bar_manager.py:111]: Stopping HotkeyListener...
2026-08-26 08:36:28,424 [INFO] [MainThread] [root/bar_manager.py:119]: Stopping KomorebiEventListener...
2026-08-26 08:36:28,428 [INFO] [MainThread] [root/bar_manager.py:119]: Stopping SystemEventListener...
2026-08-26 08:36:28,816 [INFO] [MainThread] [root/log.py:104]: YASB v2.0.6
2026-08-26 08:36:28,816 [INFO] [CLIPipeServer] [cli_server/cli_server.py:216]: CLI server started v1.1.7
2026-08-26 08:36:28,816 [INFO] [MainThread] [cli_server/cli_server.py:106]: Log pipe server started
2026-08-26 08:36:29,251 [INFO] [SystrayHook] [systray_hook/systray_hook.py:193]: Injecting into Explorer (PID: 4704)
2026-08-26 08:36:29,273 [WARNING] [MainThread] [deprecation/deprecation.py:146]: [DEPRECATED] BrightnessConfig: 'hide_unsupported' - No longer supported and can be removed from the config.
2026-08-26 08:36:29,274 [INFO] [MainThread] [root/service.py:225]: BrightnessService started with 1 monitors
2026-08-26 08:36:29,295 [INFO] [MainThread] [root/service.py:52]: AudioOutputService starting...
2026-08-26 08:36:29,365 [INFO] [MainThread] [root/bar_manager.py:238]: Starting HotkeyListener...
2026-08-26 08:36:29,365 [INFO] [MainThread] [root/bar_manager.py:103]: Starting SystemEventListener...
2026-08-26 08:36:29,365 [INFO] [MainThread] [root/bar_manager.py:103]: Starting KomorebiEventListener...
2026-08-26 08:36:29,366 [INFO] [MainThread] [root/watcher.py:65]: Watching directory: c:\users\gojia\.config\yasb
2026-08-26 08:36:29,367 [INFO] [MainThread] [root/watcher.py:104]: Created file watcher
2026-08-26 08:36:29,382 [INFO] [Dummy-14] [root/event_listener.py:54]: Created named pipe yasb-6a18599a-a0d5-11f1-b956-c424d5661522
2026-08-26 08:36:29,385 [INFO] [MainThread] [root/update_service.py:434]: Background update checker started
2026-08-26 08:36:29,451 [INFO] [Dummy-14] [root/event_listener.py:147]: Komorebi connected to named pipe: yasb-6a18599a-a0d5-11f1-b956-c424d5661522
2026-08-26 08:37:00,910 [INFO] [MainThread] [root/controller.py:21]: Reloading Application because of config change.
2026-08-26 08:37:01,017 [INFO] [MainThread] [cli_server/cli_server.py:114]: Log pipe server stopped
2026-08-26 08:37:01,020 [INFO] [MainThread] [root/bar_manager.py:93]: Successfully loaded updated config and re-initialised all bars.
2026-08-26 08:37:01,048 [INFO] [MainThread] [root/bar_manager.py:111]: Stopping HotkeyListener...
2026-08-26 08:37:01,052 [INFO] [MainThread] [root/bar_manager.py:119]: Stopping SystemEventListener...
2026-08-26 08:37:01,055 [INFO] [MainThread] [root/bar_manager.py:119]: Stopping KomorebiEventListener...
2026-08-26 08:37:01,456 [INFO] [MainThread] [root/log.py:104]: YASB v2.0.6
2026-08-26 08:37:01,456 [INFO] [CLIPipeServer] [cli_server/cli_server.py:216]: CLI server started v1.1.7
2026-08-26 08:37:01,456 [INFO] [MainThread] [cli_server/cli_server.py:106]: Log pipe server started
2026-08-26 08:37:01,874 [INFO] [SystrayHook] [systray_hook/systray_hook.py:193]: Injecting into Explorer (PID: 4704)
2026-08-26 08:37:01,899 [WARNING] [MainThread] [deprecation/deprecation.py:146]: [DEPRECATED] BrightnessConfig: 'hide_unsupported' - No longer supported and can be removed from the config.
2026-08-26 08:37:01,899 [INFO] [MainThread] [root/service.py:225]: BrightnessService started with 1 monitors
2026-08-26 08:37:01,923 [INFO] [MainThread] [root/service.py:52]: AudioOutputService starting...
2026-08-26 08:37:02,002 [INFO] [MainThread] [root/bar_manager.py:238]: Starting HotkeyListener...
2026-08-26 08:37:02,002 [INFO] [MainThread] [root/bar_manager.py:103]: Starting SystemEventListener...
2026-08-26 08:37:02,003 [INFO] [MainThread] [root/bar_manager.py:103]: Starting KomorebiEventListener...
2026-08-26 08:37:02,004 [INFO] [MainThread] [root/watcher.py:65]: Watching directory: c:\users\gojia\.config\yasb
2026-08-26 08:37:02,004 [INFO] [MainThread] [root/watcher.py:104]: Created file watcher
2026-08-26 08:37:02,023 [INFO] [Dummy-14] [root/event_listener.py:54]: Created named pipe yasb-7d8c7f7e-a0d5-11f1-afb0-c424d5661522
2026-08-26 08:37:02,027 [INFO] [MainThread] [root/update_service.py:434]: Background update checker started
2026-08-26 08:37:02,086 [INFO] [Dummy-14] [root/event_listener.py:147]: Komorebi connected to named pipe: yasb-7d8c7f7e-a0d5-11f1-afb0-c424d5661522
2026-08-26 08:38:22,209 [INFO] [MainThread] [root/controller.py:21]: Reloading Application because of config change.
2026-08-26 08:38:22,318 [INFO] [MainThread] [cli_server/cli_server.py:114]: Log pipe server stopped
2026-08-26 08:38:22,320 [INFO] [MainThread] [root/bar_manager.py:93]: Successfully loaded updated config and re-initialised all bars.
2026-08-26 08:38:22,346 [INFO] [MainThread] [root/bar_manager.py:111]: Stopping HotkeyListener...
2026-08-26 08:38:22,350 [INFO] [MainThread] [root/bar_manager.py:119]: Stopping SystemEventListener...
2026-08-26 08:38:22,355 [INFO] [MainThread] [root/bar_manager.py:119]: Stopping KomorebiEventListener...
2026-08-26 08:38:22,758 [INFO] [MainThread] [root/log.py:104]: YASB v2.0.6
2026-08-26 08:38:22,758 [INFO] [CLIPipeServer] [cli_server/cli_server.py:216]: CLI server started v1.1.7
2026-08-26 08:38:22,758 [INFO] [MainThread] [cli_server/cli_server.py:106]: Log pipe server started
2026-08-26 08:38:23,126 [INFO] [SystrayHook] [systray_hook/systray_hook.py:193]: Injecting into Explorer (PID: 4704)
2026-08-26 08:38:23,153 [WARNING] [MainThread] [deprecation/deprecation.py:146]: [DEPRECATED] BrightnessConfig: 'hide_unsupported' - No longer supported and can be removed from the config.
2026-08-26 08:38:23,154 [INFO] [MainThread] [root/service.py:225]: BrightnessService started with 1 monitors
2026-08-26 08:38:23,178 [INFO] [MainThread] [root/service.py:52]: AudioOutputService starting...
2026-08-26 08:38:23,248 [INFO] [MainThread] [root/bar_manager.py:238]: Starting HotkeyListener...
2026-08-26 08:38:23,249 [INFO] [MainThread] [root/bar_manager.py:103]: Starting SystemEventListener...
2026-08-26 08:38:23,249 [INFO] [MainThread] [root/bar_manager.py:103]: Starting KomorebiEventListener...
2026-08-26 08:38:23,250 [INFO] [MainThread] [root/watcher.py:65]: Watching directory: c:\users\gojia\.config\yasb
2026-08-26 08:38:23,250 [INFO] [MainThread] [root/watcher.py:104]: Created file watcher
2026-08-26 08:38:23,268 [INFO] [Dummy-14] [root/event_listener.py:54]: Created named pipe yasb-adf9a71c-a0d5-11f1-9b02-c424d5661522
2026-08-26 08:38:23,271 [INFO] [MainThread] [root/update_service.py:434]: Background update checker started
2026-08-26 08:38:23,327 [INFO] [Dummy-14] [root/event_listener.py:147]: Komorebi connected to named pipe: yasb-adf9a71c-a0d5-11f1-9b02-c424d5661522
2026-08-26 08:38:38,337 [INFO] [MainThread] [root/controller.py:21]: Reloading Application because of config change.
2026-08-26 08:38:38,438 [INFO] [MainThread] [cli_server/cli_server.py:114]: Log pipe server stopped
2026-08-26 08:38:38,440 [INFO] [MainThread] [root/bar_manager.py:93]: Successfully loaded updated config and re-initialised all bars.
2026-08-26 08:38:38,464 [INFO] [MainThread] [root/bar_manager.py:111]: Stopping HotkeyListener...
2026-08-26 08:38:38,468 [INFO] [MainThread] [root/bar_manager.py:119]: Stopping SystemEventListener...
2026-08-26 08:38:38,471 [INFO] [MainThread] [root/bar_manager.py:119]: Stopping KomorebiEventListener...
2026-08-26 08:38:38,841 [INFO] [MainThread] [root/log.py:104]: YASB v2.0.6
2026-08-26 08:38:38,842 [INFO] [CLIPipeServer] [cli_server/cli_server.py:216]: CLI server started v1.1.7
2026-08-26 08:38:38,842 [INFO] [MainThread] [cli_server/cli_server.py:106]: Log pipe server started
2026-08-26 08:38:39,234 [INFO] [SystrayHook] [systray_hook/systray_hook.py:193]: Injecting into Explorer (PID: 4704)
2026-08-26 08:38:39,259 [WARNING] [MainThread] [deprecation/deprecation.py:146]: [DEPRECATED] BrightnessConfig: 'hide_unsupported' - No longer supported and can be removed from the config.
2026-08-26 08:38:39,260 [INFO] [MainThread] [root/service.py:225]: BrightnessService started with 1 monitors
2026-08-26 08:38:39,281 [INFO] [MainThread] [root/service.py:52]: AudioOutputService starting...
2026-08-26 08:38:39,357 [INFO] [MainThread] [root/bar_manager.py:238]: Starting HotkeyListener...
2026-08-26 08:38:39,357 [INFO] [MainThread] [root/bar_manager.py:103]: Starting KomorebiEventListener...
2026-08-26 08:38:39,357 [INFO] [MainThread] [root/bar_manager.py:103]: Starting SystemEventListener...
2026-08-26 08:38:39,359 [INFO] [MainThread] [root/watcher.py:65]: Watching directory: c:\users\gojia\.config\yasb
2026-08-26 08:38:39,359 [INFO] [MainThread] [root/watcher.py:104]: Created file watcher
2026-08-26 08:38:39,379 [INFO] [Dummy-14] [root/event_listener.py:54]: Created named pipe yasb-b7938900-a0d5-11f1-afce-c424d5661522
2026-08-26 08:38:39,383 [INFO] [MainThread] [root/update_service.py:434]: Background update checker started
2026-08-26 08:38:39,445 [INFO] [Dummy-14] [root/event_listener.py:147]: Komorebi connected to named pipe: yasb-b7938900-a0d5-11f1-afce-c424d5661522
2026-08-26 08:38:45,576 [INFO] [MainThread] [root/controller.py:21]: Reloading Application because of config change.
2026-08-26 08:38:45,683 [INFO] [MainThread] [cli_server/cli_server.py:114]: Log pipe server stopped
2026-08-26 08:38:45,686 [INFO] [MainThread] [root/bar_manager.py:93]: Successfully loaded updated config and re-initialised all bars.
2026-08-26 08:38:45,713 [INFO] [MainThread] [root/bar_manager.py:111]: Stopping HotkeyListener...
2026-08-26 08:38:45,716 [INFO] [MainThread] [root/bar_manager.py:119]: Stopping KomorebiEventListener...
2026-08-26 08:38:45,719 [INFO] [MainThread] [root/bar_manager.py:119]: Stopping SystemEventListener...
2026-08-26 08:38:46,116 [INFO] [MainThread] [root/log.py:104]: YASB v2.0.6
2026-08-26 08:38:46,116 [INFO] [CLIPipeServer] [cli_server/cli_server.py:216]: CLI server started v1.1.7
2026-08-26 08:38:46,117 [INFO] [MainThread] [cli_server/cli_server.py:106]: Log pipe server started
2026-08-26 08:38:46,503 [INFO] [SystrayHook] [systray_hook/systray_hook.py:193]: Injecting into Explorer (PID: 4704)
2026-08-26 08:38:46,526 [WARNING] [MainThread] [deprecation/deprecation.py:146]: [DEPRECATED] BrightnessConfig: 'hide_unsupported' - No longer supported and can be removed from the config.
2026-08-26 08:38:46,527 [INFO] [MainThread] [root/service.py:225]: BrightnessService started with 1 monitors
2026-08-26 08:38:46,554 [INFO] [MainThread] [root/service.py:52]: AudioOutputService starting...
2026-08-26 08:38:46,625 [INFO] [MainThread] [root/bar_manager.py:238]: Starting HotkeyListener...
2026-08-26 08:38:46,625 [INFO] [MainThread] [root/bar_manager.py:103]: Starting SystemEventListener...
2026-08-26 08:38:46,625 [INFO] [MainThread] [root/bar_manager.py:103]: Starting KomorebiEventListener...
2026-08-26 08:38:46,627 [INFO] [MainThread] [root/watcher.py:65]: Watching directory: c:\users\gojia\.config\yasb
2026-08-26 08:38:46,627 [INFO] [MainThread] [root/watcher.py:104]: Created file watcher
2026-08-26 08:38:46,643 [INFO] [Dummy-13] [root/event_listener.py:54]: Created named pipe yasb-bbe8a258-a0d5-11f1-a35e-c424d5661522
2026-08-26 08:38:46,648 [INFO] [MainThread] [root/update_service.py:434]: Background update checker started
2026-08-26 08:38:46,705 [INFO] [Dummy-13] [root/event_listener.py:147]: Komorebi connected to named pipe: yasb-bbe8a258-a0d5-11f1-a35e-c424d5661522
2026-08-26 08:38:58,904 [INFO] [MainThread] [root/controller.py:21]: Reloading Application because of config change.
2026-08-26 08:38:59,018 [INFO] [MainThread] [cli_server/cli_server.py:114]: Log pipe server stopped
2026-08-26 08:38:59,020 [INFO] [MainThread] [root/bar_manager.py:93]: Successfully loaded updated config and re-initialised all bars.
2026-08-26 08:38:59,043 [INFO] [MainThread] [root/bar_manager.py:111]: Stopping HotkeyListener...
2026-08-26 08:38:59,046 [INFO] [MainThread] [root/bar_manager.py:119]: Stopping SystemEventListener...
2026-08-26 08:38:59,047 [INFO] [MainThread] [root/bar_manager.py:119]: Stopping KomorebiEventListener...
2026-08-26 08:38:59,458 [INFO] [MainThread] [root/log.py:104]: YASB v2.0.6
2026-08-26 08:38:59,459 [INFO] [CLIPipeServer] [cli_server/cli_server.py:216]: CLI server started v1.1.7
2026-08-26 08:38:59,459 [INFO] [MainThread] [cli_server/cli_server.py:106]: Log pipe server started
2026-08-26 08:38:59,856 [INFO] [SystrayHook] [systray_hook/systray_hook.py:193]: Injecting into Explorer (PID: 4704)
2026-08-26 08:38:59,879 [WARNING] [MainThread] [deprecation/deprecation.py:146]: [DEPRECATED] BrightnessConfig: 'hide_unsupported' - No longer supported and can be removed from the config.
2026-08-26 08:38:59,880 [INFO] [MainThread] [root/service.py:225]: BrightnessService started with 1 monitors
2026-08-26 08:38:59,902 [INFO] [MainThread] [root/service.py:52]: AudioOutputService starting...
2026-08-26 08:38:59,979 [INFO] [MainThread] [root/bar_manager.py:238]: Starting HotkeyListener...
2026-08-26 08:38:59,979 [INFO] [MainThread] [root/bar_manager.py:103]: Starting SystemEventListener...
2026-08-26 08:38:59,979 [INFO] [MainThread] [root/bar_manager.py:103]: Starting KomorebiEventListener...
2026-08-26 08:38:59,981 [INFO] [MainThread] [root/watcher.py:65]: Watching directory: c:\users\gojia\.config\yasb
2026-08-26 08:38:59,981 [INFO] [MainThread] [root/watcher.py:104]: Created file watcher
2026-08-26 08:39:00,001 [INFO] [Dummy-13] [root/event_listener.py:54]: Created named pipe yasb-c3de4d1f-a0d5-11f1-82bf-c424d5661522
2026-08-26 08:39:00,005 [INFO] [MainThread] [root/update_service.py:434]: Background update checker started
2026-08-26 08:39:00,072 [INFO] [Dummy-13] [root/event_listener.py:147]: Komorebi connected to named pipe: yasb-c3de4d1f-a0d5-11f1-82bf-c424d5661522
2026-08-26 08:40:52,281 [ERROR] [Thread-22 (_run_after_command)] [root/wallpaper_manager.py:173]: error: 'wal' is not recognized as an internal or external command,
operable program or batch file.

2026-08-26 08:40:55,478 [ERROR] [Thread-27 (_run_after_command)] [root/wallpaper_manager.py:173]: error: 'wal' is not recognized as an internal or external command,
operable program or batch file.

2026-08-26 08:40:58,934 [ERROR] [Thread-32 (_run_after_command)] [root/wallpaper_manager.py:173]: error: 'wal' is not recognized as an internal or external command,
operable program or batch file.

2026-08-26 08:41:01,054 [ERROR] [Thread-37 (_run_after_command)] [root/wallpaper_manager.py:173]: error: 'wal' is not recognized as an internal or external command,
operable program or batch file.

2026-08-26 08:41:06,901 [ERROR] [Thread-42 (_run_after_command)] [root/wallpaper_manager.py:173]: error: 'wal' is not recognized as an internal or external command,
operable program or batch file.

2026-08-26 08:41:09,446 [ERROR] [Thread-47 (_run_after_command)] [root/wallpaper_manager.py:173]: error: 'wal' is not recognized as an internal or external command,
operable program or batch file.

2026-08-26 08:41:18,711 [INFO] [MainThread] [root/controller.py:21]: Reloading Application because of config change.
2026-08-26 08:41:18,815 [INFO] [MainThread] [cli_server/cli_server.py:114]: Log pipe server stopped
2026-08-26 08:41:18,819 [INFO] [MainThread] [root/bar_manager.py:93]: Successfully loaded updated config and re-initialised all bars.
2026-08-26 08:41:18,841 [INFO] [MainThread] [root/bar_manager.py:111]: Stopping HotkeyListener...
2026-08-26 08:41:18,845 [INFO] [MainThread] [root/bar_manager.py:119]: Stopping SystemEventListener...
2026-08-26 08:41:18,850 [INFO] [MainThread] [root/bar_manager.py:119]: Stopping KomorebiEventListener...
2026-08-26 08:41:19,252 [INFO] [MainThread] [root/log.py:104]: YASB v2.0.6
2026-08-26 08:41:19,252 [INFO] [CLIPipeServer] [cli_server/cli_server.py:216]: CLI server started v1.1.7
2026-08-26 08:41:19,253 [INFO] [MainThread] [cli_server/cli_server.py:106]: Log pipe server started
2026-08-26 08:41:19,658 [INFO] [SystrayHook] [systray_hook/systray_hook.py:193]: Injecting into Explorer (PID: 4704)
2026-08-26 08:41:19,683 [WARNING] [MainThread] [deprecation/deprecation.py:146]: [DEPRECATED] BrightnessConfig: 'hide_unsupported' - No longer supported and can be removed from the config.
2026-08-26 08:41:19,683 [INFO] [MainThread] [root/service.py:225]: BrightnessService started with 1 monitors
2026-08-26 08:41:19,707 [INFO] [MainThread] [root/service.py:52]: AudioOutputService starting...
2026-08-26 08:41:19,778 [INFO] [MainThread] [root/bar_manager.py:238]: Starting HotkeyListener...
2026-08-26 08:41:19,778 [INFO] [MainThread] [root/bar_manager.py:103]: Starting KomorebiEventListener...
2026-08-26 08:41:19,778 [INFO] [MainThread] [root/bar_manager.py:103]: Starting SystemEventListener...
2026-08-26 08:41:19,780 [INFO] [MainThread] [root/watcher.py:65]: Watching directory: c:\users\gojia\.config\yasb
2026-08-26 08:41:19,780 [INFO] [MainThread] [root/watcher.py:104]: Created file watcher
2026-08-26 08:41:19,799 [INFO] [Dummy-14] [root/event_listener.py:54]: Created named pipe yasb-1731e03d-a0d6-11f1-a656-c424d5661522
2026-08-26 08:41:19,803 [INFO] [MainThread] [root/update_service.py:434]: Background update checker started
2026-08-26 08:41:19,856 [INFO] [Dummy-14] [root/event_listener.py:147]: Komorebi connected to named pipe: yasb-1731e03d-a0d6-11f1-a656-c424d5661522
2026-08-26 08:41:23,061 [ERROR] [Thread-20 (_run_after_command)] [root/wallpaper_manager.py:173]: error: 'wal' is not recognized as an internal or external command,
operable program or batch file.

2026-08-26 08:41:28,829 [INFO] [MainThread] [root/controller.py:21]: Reloading Application because of config change.
2026-08-26 08:41:28,931 [INFO] [MainThread] [cli_server/cli_server.py:114]: Log pipe server stopped
2026-08-26 08:41:28,934 [INFO] [MainThread] [root/bar_manager.py:93]: Successfully loaded updated config and re-initialised all bars.
2026-08-26 08:41:28,954 [INFO] [MainThread] [root/bar_manager.py:111]: Stopping HotkeyListener...
2026-08-26 08:41:28,958 [INFO] [MainThread] [root/bar_manager.py:119]: Stopping KomorebiEventListener...
2026-08-26 08:41:28,962 [INFO] [MainThread] [root/bar_manager.py:119]: Stopping SystemEventListener...
2026-08-26 08:41:29,354 [INFO] [MainThread] [root/log.py:104]: YASB v2.0.6
2026-08-26 08:41:29,354 [INFO] [CLIPipeServer] [cli_server/cli_server.py:216]: CLI server started v1.1.7
2026-08-26 08:41:29,355 [INFO] [MainThread] [cli_server/cli_server.py:106]: Log pipe server started
2026-08-26 08:41:29,783 [INFO] [SystrayHook] [systray_hook/systray_hook.py:193]: Injecting into Explorer (PID: 4704)
2026-08-26 08:41:29,810 [WARNING] [MainThread] [deprecation/deprecation.py:146]: [DEPRECATED] BrightnessConfig: 'hide_unsupported' - No longer supported and can be removed from the config.
2026-08-26 08:41:29,811 [INFO] [MainThread] [root/service.py:225]: BrightnessService started with 1 monitors
2026-08-26 08:41:29,836 [INFO] [MainThread] [root/service.py:52]: AudioOutputService starting...
2026-08-26 08:41:29,911 [INFO] [MainThread] [root/bar_manager.py:238]: Starting HotkeyListener...
2026-08-26 08:41:29,911 [INFO] [MainThread] [root/bar_manager.py:103]: Starting SystemEventListener...
2026-08-26 08:41:29,911 [INFO] [MainThread] [root/bar_manager.py:103]: Starting KomorebiEventListener...
2026-08-26 08:41:29,913 [INFO] [MainThread] [root/watcher.py:65]: Watching directory: c:\users\gojia\.config\yasb
2026-08-26 08:41:29,913 [INFO] [MainThread] [root/watcher.py:104]: Created file watcher
2026-08-26 08:41:29,929 [INFO] [Dummy-14] [root/event_listener.py:54]: Created named pipe yasb-1d3c1871-a0d6-11f1-84e7-c424d5661522
2026-08-26 08:41:29,932 [INFO] [MainThread] [root/update_service.py:434]: Background update checker started
2026-08-26 08:41:29,989 [INFO] [Dummy-14] [root/event_listener.py:147]: Komorebi connected to named pipe: yasb-1d3c1871-a0d6-11f1-84e7-c424d5661522
2026-08-26 08:41:33,835 [ERROR] [Thread-19 (_run_after_command)] [root/wallpaper_manager.py:173]: error: 'wal' is not recognized as an internal or external command,
operable program or batch file.

2026-08-26 08:41:35,764 [ERROR] [Thread-24 (_run_after_command)] [root/wallpaper_manager.py:173]: error: 'wal' is not recognized as an internal or external command,
operable program or batch file.

2026-08-26 08:41:52,057 [INFO] [MainThread] [root/controller.py:21]: Reloading Application because of config change.
2026-08-26 08:41:52,168 [INFO] [MainThread] [cli_server/cli_server.py:114]: Log pipe server stopped
2026-08-26 08:41:52,171 [INFO] [MainThread] [root/bar_manager.py:93]: Successfully loaded updated config and re-initialised all bars.
2026-08-26 08:41:52,193 [INFO] [MainThread] [root/bar_manager.py:111]: Stopping HotkeyListener...
2026-08-26 08:41:52,197 [INFO] [MainThread] [root/bar_manager.py:119]: Stopping SystemEventListener...
2026-08-26 08:41:52,203 [INFO] [MainThread] [root/bar_manager.py:119]: Stopping KomorebiEventListener...
2026-08-26 08:41:52,599 [INFO] [MainThread] [root/log.py:104]: YASB v2.0.6
2026-08-26 08:41:52,600 [INFO] [CLIPipeServer] [cli_server/cli_server.py:216]: CLI server started v1.1.7
2026-08-26 08:41:52,600 [INFO] [MainThread] [cli_server/cli_server.py:106]: Log pipe server started
2026-08-26 08:41:52,983 [INFO] [SystrayHook] [systray_hook/systray_hook.py:193]: Injecting into Explorer (PID: 4704)
2026-08-26 08:41:53,008 [WARNING] [MainThread] [deprecation/deprecation.py:146]: [DEPRECATED] BrightnessConfig: 'hide_unsupported' - No longer supported and can be removed from the config.
2026-08-26 08:41:53,009 [INFO] [MainThread] [root/service.py:225]: BrightnessService started with 1 monitors
2026-08-26 08:41:53,032 [INFO] [MainThread] [root/service.py:52]: AudioOutputService starting...
2026-08-26 08:41:53,109 [INFO] [MainThread] [root/bar_manager.py:238]: Starting HotkeyListener...
2026-08-26 08:41:53,109 [INFO] [MainThread] [root/bar_manager.py:103]: Starting SystemEventListener...
2026-08-26 08:41:53,109 [INFO] [MainThread] [root/bar_manager.py:103]: Starting KomorebiEventListener...
2026-08-26 08:41:53,110 [INFO] [MainThread] [root/watcher.py:65]: Watching directory: c:\users\gojia\.config\yasb
2026-08-26 08:41:53,110 [INFO] [MainThread] [root/watcher.py:104]: Created file watcher
2026-08-26 08:41:53,133 [INFO] [Dummy-13] [root/event_listener.py:54]: Created named pipe yasb-2b0fc533-a0d6-11f1-8074-c424d5661522
2026-08-26 08:41:53,137 [INFO] [MainThread] [root/update_service.py:434]: Background update checker started
2026-08-26 08:41:53,202 [INFO] [Dummy-13] [root/event_listener.py:147]: Komorebi connected to named pipe: yasb-2b0fc533-a0d6-11f1-8074-c424d5661522
2026-08-26 08:42:59,793 [INFO] [MainThread] [root/controller.py:21]: Reloading Application because of config change.
2026-08-26 08:42:59,909 [INFO] [MainThread] [cli_server/cli_server.py:114]: Log pipe server stopped
2026-08-26 08:42:59,911 [INFO] [MainThread] [root/bar_manager.py:93]: Successfully loaded updated config and re-initialised all bars.
2026-08-26 08:42:59,935 [INFO] [MainThread] [root/bar_manager.py:111]: Stopping HotkeyListener...
2026-08-26 08:42:59,938 [INFO] [MainThread] [root/bar_manager.py:119]: Stopping SystemEventListener...
2026-08-26 08:42:59,945 [INFO] [MainThread] [root/bar_manager.py:119]: Stopping KomorebiEventListener...
2026-08-26 08:43:00,327 [INFO] [MainThread] [root/log.py:104]: YASB v2.0.6
2026-08-26 08:43:00,328 [INFO] [CLIPipeServer] [cli_server/cli_server.py:216]: CLI server started v1.1.7
2026-08-26 08:43:00,328 [INFO] [MainThread] [cli_server/cli_server.py:106]: Log pipe server started
2026-08-26 08:43:00,702 [INFO] [SystrayHook] [systray_hook/systray_hook.py:193]: Injecting into Explorer (PID: 4704)
2026-08-26 08:43:00,728 [WARNING] [MainThread] [deprecation/deprecation.py:146]: [DEPRECATED] BrightnessConfig: 'hide_unsupported' - No longer supported and can be removed from the config.
2026-08-26 08:43:00,728 [INFO] [MainThread] [root/service.py:225]: BrightnessService started with 1 monitors
2026-08-26 08:43:00,750 [INFO] [MainThread] [root/service.py:52]: AudioOutputService starting...
2026-08-26 08:43:00,823 [INFO] [MainThread] [root/bar_manager.py:238]: Starting HotkeyListener...
2026-08-26 08:43:00,823 [INFO] [MainThread] [root/bar_manager.py:103]: Starting KomorebiEventListener...
2026-08-26 08:43:00,824 [INFO] [MainThread] [root/bar_manager.py:103]: Starting SystemEventListener...
2026-08-26 08:43:00,825 [INFO] [MainThread] [root/watcher.py:65]: Watching directory: c:\users\gojia\.config\yasb
2026-08-26 08:43:00,825 [INFO] [MainThread] [root/watcher.py:104]: Created file watcher
2026-08-26 08:43:00,843 [INFO] [Dummy-13] [root/event_listener.py:54]: Created named pipe yasb-536c294b-a0d6-11f1-a1b5-c424d5661522
2026-08-26 08:43:00,847 [INFO] [MainThread] [root/update_service.py:434]: Background update checker started
2026-08-26 08:43:00,911 [INFO] [Dummy-13] [root/event_listener.py:147]: Komorebi connected to named pipe: yasb-536c294b-a0d6-11f1-a1b5-c424d5661522
2026-08-26 08:44:07,040 [INFO] [MainThread] [root/controller.py:21]: Reloading Application because of config change.
2026-08-26 08:44:07,148 [INFO] [MainThread] [cli_server/cli_server.py:114]: Log pipe server stopped
2026-08-26 08:44:07,151 [INFO] [MainThread] [root/bar_manager.py:93]: Successfully loaded updated config and re-initialised all bars.
2026-08-26 08:44:07,180 [INFO] [MainThread] [root/bar_manager.py:111]: Stopping HotkeyListener...
2026-08-26 08:44:07,183 [INFO] [MainThread] [root/bar_manager.py:119]: Stopping KomorebiEventListener...
2026-08-26 08:44:07,185 [INFO] [MainThread] [root/bar_manager.py:119]: Stopping SystemEventListener...
2026-08-26 08:44:07,577 [INFO] [MainThread] [root/log.py:104]: YASB v2.0.6
2026-08-26 08:44:07,577 [INFO] [CLIPipeServer] [cli_server/cli_server.py:216]: CLI server started v1.1.7
2026-08-26 08:44:07,577 [INFO] [MainThread] [cli_server/cli_server.py:106]: Log pipe server started
2026-08-26 08:44:07,962 [INFO] [SystrayHook] [systray_hook/systray_hook.py:193]: Injecting into Explorer (PID: 4704)
2026-08-26 08:44:07,985 [WARNING] [MainThread] [deprecation/deprecation.py:146]: [DEPRECATED] BrightnessConfig: 'hide_unsupported' - No longer supported and can be removed from the config.
2026-08-26 08:44:07,985 [INFO] [MainThread] [root/service.py:225]: BrightnessService started with 1 monitors
2026-08-26 08:44:08,006 [INFO] [MainThread] [root/service.py:52]: AudioOutputService starting...
2026-08-26 08:44:08,076 [INFO] [MainThread] [root/bar_manager.py:238]: Starting HotkeyListener...
2026-08-26 08:44:08,076 [INFO] [MainThread] [root/bar_manager.py:103]: Starting KomorebiEventListener...
2026-08-26 08:44:08,076 [INFO] [MainThread] [root/bar_manager.py:103]: Starting SystemEventListener...
2026-08-26 08:44:08,078 [INFO] [MainThread] [root/watcher.py:65]: Watching directory: c:\users\gojia\.config\yasb
2026-08-26 08:44:08,078 [INFO] [MainThread] [root/watcher.py:104]: Created file watcher
2026-08-26 08:44:08,095 [INFO] [Dummy-14] [root/event_listener.py:54]: Created named pipe yasb-7b822783-a0d6-11f1-814a-c424d5661522
2026-08-26 08:44:08,098 [INFO] [MainThread] [root/update_service.py:434]: Background update checker started
2026-08-26 08:44:08,159 [INFO] [Dummy-14] [root/event_listener.py:147]: Komorebi connected to named pipe: yasb-7b822783-a0d6-11f1-814a-c424d5661522
2026-08-26 08:44:28,541 [ERROR] [Thread-20 (_run_after_command)] [root/wallpaper_manager.py:173]: error: 'wal' is not recognized as an internal or external command,
operable program or batch file.

2026-08-26 08:44:39,053 [ERROR] [Thread-25 (_run_after_command)] [root/wallpaper_manager.py:173]: error: 'wal' is not recognized as an internal or external command,
operable program or batch file.

2026-08-26 08:44:41,398 [ERROR] [Thread-30 (_run_after_command)] [root/wallpaper_manager.py:173]: error: 'wal' is not recognized as an internal or external command,
operable program or batch file.

2026-08-26 08:44:43,980 [ERROR] [Thread-35 (_run_after_command)] [root/wallpaper_manager.py:173]: error: 'wal' is not recognized as an internal or external command,
operable program or batch file.

2026-08-26 08:44:46,268 [ERROR] [Thread-40 (_run_after_command)] [root/wallpaper_manager.py:173]: error: 'wal' is not recognized as an internal or external command,
operable program or batch file.

2026-08-26 08:44:48,698 [ERROR] [Thread-45 (_run_after_command)] [root/wallpaper_manager.py:173]: error: 'wal' is not recognized as an internal or external command,
operable program or batch file.

2026-08-26 08:44:52,480 [ERROR] [Thread-50 (_run_after_command)] [root/wallpaper_manager.py:173]: error: 'wal' is not recognized as an internal or external command,
operable program or batch file.

2026-08-26 08:44:56,706 [ERROR] [Thread-55 (_run_after_command)] [root/wallpaper_manager.py:173]: error: 'wal' is not recognized as an internal or external command,
operable program or batch file.

2026-08-26 08:45:00,033 [ERROR] [Thread-60 (_run_after_command)] [root/wallpaper_manager.py:173]: error: 'wal' is not recognized as an internal or external command,
operable program or batch file.

2026-08-26 08:45:01,754 [ERROR] [Thread-65 (_run_after_command)] [root/wallpaper_manager.py:173]: error: 'wal' is not recognized as an internal or external command,
operable program or batch file.

2026-08-26 08:45:03,604 [ERROR] [Thread-70 (_run_after_command)] [root/wallpaper_manager.py:173]: error: 'wal' is not recognized as an internal or external command,
operable program or batch file.

2026-08-26 08:45:05,270 [ERROR] [Thread-75 (_run_after_command)] [root/wallpaper_manager.py:173]: error: 'wal' is not recognized as an internal or external command,
operable program or batch file.

2026-08-26 08:45:07,649 [ERROR] [Thread-80 (_run_after_command)] [root/wallpaper_manager.py:173]: error: 'wal' is not recognized as an internal or external command,
operable program or batch file.

2026-08-26 08:45:09,725 [ERROR] [Thread-85 (_run_after_command)] [root/wallpaper_manager.py:173]: error: 'wal' is not recognized as an internal or external command,
operable program or batch file.

2026-08-26 08:45:11,792 [ERROR] [Thread-90 (_run_after_command)] [root/wallpaper_manager.py:173]: error: 'wal' is not recognized as an internal or external command,
operable program or batch file.

2026-08-26 08:50:20,382 [INFO] [MainThread] [root/controller.py:21]: Reloading Application because of config change.
2026-08-26 08:50:20,492 [INFO] [MainThread] [cli_server/cli_server.py:114]: Log pipe server stopped
2026-08-26 08:50:20,495 [INFO] [MainThread] [root/bar_manager.py:93]: Successfully loaded updated config and re-initialised all bars.
2026-08-26 08:50:20,519 [INFO] [MainThread] [root/bar_manager.py:111]: Stopping HotkeyListener...
2026-08-26 08:50:20,524 [INFO] [MainThread] [root/bar_manager.py:119]: Stopping KomorebiEventListener...
2026-08-26 08:50:20,527 [INFO] [MainThread] [root/bar_manager.py:119]: Stopping SystemEventListener...
2026-08-26 08:50:20,925 [INFO] [MainThread] [root/log.py:104]: YASB v2.0.6
2026-08-26 08:50:20,925 [INFO] [CLIPipeServer] [cli_server/cli_server.py:216]: CLI server started v1.1.7
2026-08-26 08:50:20,925 [INFO] [MainThread] [cli_server/cli_server.py:106]: Log pipe server started
2026-08-26 08:50:21,019 [WARNING] [MainThread] [root/widget_builder.py:39]: No widget config could be found for widget 'disk
2026-08-26 08:50:21,361 [INFO] [SystrayHook] [systray_hook/systray_hook.py:193]: Injecting into Explorer (PID: 4704)
2026-08-26 08:50:21,418 [WARNING] [MainThread] [deprecation/deprecation.py:146]: [DEPRECATED] BrightnessConfig: 'hide_unsupported' - No longer supported and can be removed from the config.
2026-08-26 08:50:21,418 [INFO] [MainThread] [root/service.py:225]: BrightnessService started with 1 monitors
2026-08-26 08:50:21,442 [INFO] [MainThread] [root/service.py:52]: AudioOutputService starting...
2026-08-26 08:50:21,515 [INFO] [MainThread] [root/bar_manager.py:238]: Starting HotkeyListener...
2026-08-26 08:50:21,515 [INFO] [MainThread] [root/bar_manager.py:103]: Starting SystemEventListener...
2026-08-26 08:50:21,515 [INFO] [MainThread] [root/bar_manager.py:103]: Starting KomorebiEventListener...
2026-08-26 08:50:21,516 [ERROR] [MainThread] [root/widget_builder.py:100]: Failed to add undefined widget(s)  - The widget "disk" is undefined.
2026-08-26 08:50:21,520 [INFO] [Dummy-12] [root/event_listener.py:54]: Created named pipe yasb-5a186ffb-a0d7-11f1-b445-c424d5661522
2026-08-26 08:50:21,535 [INFO] [MainThread] [root/watcher.py:65]: Watching directory: c:\users\gojia\.config\yasb
2026-08-26 08:50:21,535 [INFO] [MainThread] [root/watcher.py:104]: Created file watcher
2026-08-26 08:50:21,550 [INFO] [MainThread] [root/update_service.py:434]: Background update checker started
2026-08-26 08:50:21,602 [INFO] [Dummy-12] [root/event_listener.py:147]: Komorebi connected to named pipe: yasb-5a186ffb-a0d7-11f1-b445-c424d5661522
2026-08-26 08:50:33,824 [INFO] [MainThread] [root/controller.py:21]: Reloading Application because of config change.
2026-08-26 08:50:33,931 [INFO] [MainThread] [cli_server/cli_server.py:114]: Log pipe server stopped
2026-08-26 08:50:33,934 [INFO] [MainThread] [root/bar_manager.py:93]: Successfully loaded updated config and re-initialised all bars.
2026-08-26 08:50:33,957 [INFO] [MainThread] [root/bar_manager.py:111]: Stopping HotkeyListener...
2026-08-26 08:50:33,960 [INFO] [MainThread] [root/bar_manager.py:119]: Stopping SystemEventListener...
2026-08-26 08:50:33,962 [INFO] [MainThread] [root/bar_manager.py:119]: Stopping KomorebiEventListener...
2026-08-26 08:50:34,373 [INFO] [MainThread] [root/log.py:104]: YASB v2.0.6
2026-08-26 08:50:34,373 [INFO] [CLIPipeServer] [cli_server/cli_server.py:216]: CLI server started v1.1.7
2026-08-26 08:50:34,373 [INFO] [MainThread] [cli_server/cli_server.py:106]: Log pipe server started
2026-08-26 08:50:34,774 [INFO] [SystrayHook] [systray_hook/systray_hook.py:193]: Injecting into Explorer (PID: 4704)
2026-08-26 08:50:34,801 [WARNING] [MainThread] [deprecation/deprecation.py:146]: [DEPRECATED] BrightnessConfig: 'hide_unsupported' - No longer supported and can be removed from the config.
2026-08-26 08:50:34,801 [INFO] [MainThread] [root/service.py:225]: BrightnessService started with 1 monitors
2026-08-26 08:50:34,826 [INFO] [MainThread] [root/service.py:52]: AudioOutputService starting...
2026-08-26 08:50:34,897 [INFO] [MainThread] [root/bar_manager.py:238]: Starting HotkeyListener...
2026-08-26 08:50:34,897 [INFO] [MainThread] [root/bar_manager.py:103]: Starting KomorebiEventListener...
2026-08-26 08:50:34,898 [INFO] [MainThread] [root/bar_manager.py:103]: Starting SystemEventListener...
2026-08-26 08:50:34,899 [INFO] [MainThread] [root/watcher.py:65]: Watching directory: c:\users\gojia\.config\yasb
2026-08-26 08:50:34,899 [INFO] [MainThread] [root/watcher.py:104]: Created file watcher
2026-08-26 08:50:34,915 [INFO] [Dummy-13] [root/event_listener.py:54]: Created named pipe yasb-62125d50-a0d7-11f1-bf34-c424d5661522
2026-08-26 08:50:34,921 [INFO] [MainThread] [root/update_service.py:434]: Background update checker started
2026-08-26 08:50:34,986 [INFO] [Dummy-13] [root/event_listener.py:147]: Komorebi connected to named pipe: yasb-62125d50-a0d7-11f1-bf34-c424d5661522
2026-08-26 08:51:17,473 [INFO] [MainThread] [root/controller.py:21]: Reloading Application because of config change.
2026-08-26 08:51:17,582 [INFO] [MainThread] [cli_server/cli_server.py:114]: Log pipe server stopped
2026-08-26 08:51:17,586 [INFO] [MainThread] [root/bar_manager.py:93]: Successfully loaded updated config and re-initialised all bars.
2026-08-26 08:51:17,639 [INFO] [MainThread] [root/bar_manager.py:111]: Stopping HotkeyListener...
2026-08-26 08:51:17,642 [INFO] [MainThread] [root/bar_manager.py:119]: Stopping KomorebiEventListener...
2026-08-26 08:51:17,645 [INFO] [MainThread] [root/bar_manager.py:119]: Stopping SystemEventListener...
2026-08-26 08:51:18,022 [INFO] [MainThread] [root/log.py:104]: YASB v2.0.6
2026-08-26 08:51:18,022 [INFO] [CLIPipeServer] [cli_server/cli_server.py:216]: CLI server started v1.1.7
2026-08-26 08:51:18,022 [INFO] [MainThread] [cli_server/cli_server.py:106]: Log pipe server started
2026-08-26 08:51:18,408 [INFO] [SystrayHook] [systray_hook/systray_hook.py:193]: Injecting into Explorer (PID: 4704)
2026-08-26 08:51:18,431 [WARNING] [MainThread] [deprecation/deprecation.py:146]: [DEPRECATED] BrightnessConfig: 'hide_unsupported' - No longer supported and can be removed from the config.
2026-08-26 08:51:18,431 [INFO] [MainThread] [root/service.py:225]: BrightnessService started with 1 monitors
2026-08-26 08:51:18,455 [INFO] [MainThread] [root/service.py:52]: AudioOutputService starting...
2026-08-26 08:51:18,530 [INFO] [MainThread] [root/bar_manager.py:238]: Starting HotkeyListener...
2026-08-26 08:51:18,530 [INFO] [MainThread] [root/bar_manager.py:103]: Starting KomorebiEventListener...
2026-08-26 08:51:18,531 [INFO] [MainThread] [root/bar_manager.py:103]: Starting SystemEventListener...
2026-08-26 08:51:18,532 [INFO] [MainThread] [root/watcher.py:65]: Watching directory: c:\users\gojia\.config\yasb
2026-08-26 08:51:18,532 [INFO] [MainThread] [root/watcher.py:104]: Created file watcher
2026-08-26 08:51:18,551 [INFO] [Dummy-14] [root/event_listener.py:54]: Created named pipe yasb-7c144344-a0d7-11f1-b228-c424d5661522
2026-08-26 08:51:18,555 [INFO] [MainThread] [root/update_service.py:434]: Background update checker started
2026-08-26 08:51:18,621 [INFO] [Dummy-14] [root/event_listener.py:147]: Komorebi connected to named pipe: yasb-7c144344-a0d7-11f1-b228-c424d5661522
Windows fatal exception: code 0x800706f7

Thread 0x000048b4 [SystemEventListener] (most recent call first):
  File "D:\a\yasb\yasb\src\core\utils\win32\event_listener.py", line 69 in run

Thread 0x00001350 [KomorebiEventListener] (most recent call first):
  File "C:\hostedtoolcache\windows\Python\3.14.6\x64\Lib\threading.py", line 373 in wait
  File "C:\hostedtoolcache\windows\Python\3.14.6\x64\Lib\threading.py", line 670 in wait
  File "D:\a\yasb\yasb\src\core\widgets\services\komorebi\event_listener.py", line 75 in run

Thread 0x000004b0 [HotkeyListener] (most recent call first):
  File "D:\a\yasb\yasb\src\core\utils\win32\hotkeys.py", line 252 in run

Thread 0x00004588 [Thread-11] (most recent call first):
  File "C:\hostedtoolcache\windows\Python\3.14.6\x64\Lib\threading.py", line 369 in wait
  File "C:\hostedtoolcache\windows\Python\3.14.6\x64\Lib\queue.py", line 199 in get
  File "D:\a\yasb\yasb\venv\Lib\site-packages\watchdog\observers\api.py", line 379 in dispatch_events
  File "D:\a\yasb\yasb\venv\Lib\site-packages\watchdog\observers\api.py", line 213 in run
  File "C:\hostedtoolcache\windows\Python\3.14.6\x64\Lib\threading.py", line 1082 in _bootstrap_inner
  File "C:\hostedtoolcache\windows\Python\3.14.6\x64\Lib\threading.py", line 1044 in _bootstrap

Thread 0x0000477c [Thread-12] (most recent call first):
  File "D:\a\yasb\yasb\venv\Lib\site-packages\watchdog\observers\winapi.py", line 326 in read_directory_changes
  File "D:\a\yasb\yasb\venv\Lib\site-packages\watchdog\observers\winapi.py", line 380 in read_events
  File "D:\a\yasb\yasb\venv\Lib\site-packages\watchdog\observers\read_directory_changes.py", line 67 in _read_events
  File "D:\a\yasb\yasb\venv\Lib\site-packages\watchdog\observers\read_directory_changes.py", line 70 in queue_events
  File "D:\a\yasb\yasb\venv\Lib\site-packages\watchdog\observers\api.py", line 158 in run
  File "C:\hostedtoolcache\windows\Python\3.14.6\x64\Lib\threading.py", line 1082 in _bootstrap_inner
  File "C:\hostedtoolcache\windows\Python\3.14.6\x64\Lib\threading.py", line 1044 in _bootstrap

Thread 0x00000ab8 [BrightnessDDCPoll] (most recent call first):
  File "C:\hostedtoolcache\windows\Python\3.14.6\x64\Lib\threading.py", line 373 in wait
  File "C:\hostedtoolcache\windows\Python\3.14.6\x64\Lib\threading.py", line 670 in wait
  File "D:\a\yasb\yasb\src\core\widgets\services\brightness\service.py", line 275 in _ddc_poll_loop
  File "C:\hostedtoolcache\windows\Python\3.14.6\x64\Lib\threading.py", line 1024 in run
  File "C:\hostedtoolcache\windows\Python\3.14.6\x64\Lib\threading.py", line 1082 in _bootstrap_inner
  File "C:\hostedtoolcache\windows\Python\3.14.6\x64\Lib\threading.py", line 1044 in _bootstrap

Thread 0x00003e14 [BrightnessPolicy] (most recent call first):
  File "D:\a\yasb\yasb\src\core\widgets\services\brightness\service.py", line 315 in _policy_message_loop
  File "C:\hostedtoolcache\windows\Python\3.14.6\x64\Lib\threading.py", line 1024 in run
  File "C:\hostedtoolcache\windows\Python\3.14.6\x64\Lib\threading.py", line 1082 in _bootstrap_inner
  File "C:\hostedtoolcache\windows\Python\3.14.6\x64\Lib\threading.py", line 1044 in _bootstrap

Thread 0x000001a8 [Thread-9 (process_audio)] (most recent call first):
  File "D:\a\yasb\yasb\src\core\widgets\yasb\cava.py", line 586 in process_audio
  File "C:\hostedtoolcache\windows\Python\3.14.6\x64\Lib\threading.py", line 1024 in run
  File "C:\hostedtoolcache\windows\Python\3.14.6\x64\Lib\threading.py", line 1082 in _bootstrap_inner
  File "C:\hostedtoolcache\windows\Python\3.14.6\x64\Lib\threading.py", line 1044 in _bootstrap

Thread 0x00003e90 [Thread-7 (_run)] (most recent call first):
  File "D:\a\yasb\yasb\src\core\widgets\services\recycle_bin\recycle_bin_monitor.py", line 464 in _run
  File "C:\hostedtoolcache\windows\Python\3.14.6\x64\Lib\threading.py", line 1024 in run
  File "C:\hostedtoolcache\windows\Python\3.14.6\x64\Lib\threading.py", line 1082 in _bootstrap_inner
  File "C:\hostedtoolcache\windows\Python\3.14.6\x64\Lib\threading.py", line 1044 in _bootstrap

Thread 0x00003db8 [Thread-6 (_run)] (most recent call first):
  File "D:\a\yasb\yasb\src\core\widgets\services\recycle_bin\recycle_bin_monitor.py", line 464 in _run
  File "C:\hostedtoolcache\windows\Python\3.14.6\x64\Lib\threading.py", line 1024 in run
  File "C:\hostedtoolcache\windows\Python\3.14.6\x64\Lib\threading.py", line 1082 in _bootstrap_inner
  File "C:\hostedtoolcache\windows\Python\3.14.6\x64\Lib\threading.py", line 1044 in _bootstrap

Thread 0x00002a90 [Thread-5 (_run)] (most recent call first):
  File "D:\a\yasb\yasb\src\core\widgets\services\recycle_bin\recycle_bin_monitor.py", line 464 in _run
  File "C:\hostedtoolcache\windows\Python\3.14.6\x64\Lib\threading.py", line 1024 in run
  File "C:\hostedtoolcache\windows\Python\3.14.6\x64\Lib\threading.py", line 1082 in _bootstrap_inner
  File "C:\hostedtoolcache\windows\Python\3.14.6\x64\Lib\threading.py", line 1044 in _bootstrap

Thread 0x000018c0 [BinInfoWorker] (most recent call first):
  File "C:\hostedtoolcache\windows\Python\3.14.6\x64\Lib\threading.py", line 369 in wait
  File "C:\hostedtoolcache\windows\Python\3.14.6\x64\Lib\threading.py", line 670 in wait
  File "D:\a\yasb\yasb\src\core\widgets\services\recycle_bin\recycle_bin_monitor.py", line 47 in run

Thread 0x00000d7c [SystrayHook] (most recent call first):
  File "D:\a\yasb\yasb\src\core\widgets\services\systray\systray_hook.py", line 247 in run
  File "D:\a\yasb\yasb\src\core\widgets\yasb\systray.py", line 79 in run

Thread 0x0000152c [GpuWorker] (most recent call first):
  File "C:\hostedtoolcache\windows\Python\3.14.6\x64\Lib\threading.py", line 373 in wait
  File "C:\hostedtoolcache\windows\Python\3.14.6\x64\Lib\threading.py", line 670 in wait
  File "D:\a\yasb\yasb\src\core\widgets\services\gpu\gpu_api.py", line 546 in run

Thread 0x000023c8 [_EventWorker] (most recent call first):
  File "D:\a\yasb\yasb\venv\Lib\site-packages\qasync\_windows.py", line 147 in _poll
  File "D:\a\yasb\yasb\venv\Lib\site-packages\qasync\_windows.py", line 72 in select
  File "D:\a\yasb\yasb\venv\Lib\site-packages\qasync\_windows.py", line 199 in run

Thread 0x00004938 [LogPipeServer] (most recent call first):
  File "D:\a\yasb\yasb\src\core\utils\win32\bindings\kernel32.py", line 291 in ConnectNamedPipe
  File "D:\a\yasb\yasb\src\core\utils\cli_server.py", line 138 in _run_server
  File "C:\hostedtoolcache\windows\Python\3.14.6\x64\Lib\threading.py", line 1024 in run
  File "C:\hostedtoolcache\windows\Python\3.14.6\x64\Lib\threading.py", line 1082 in _bootstrap_inner
  File "C:\hostedtoolcache\windows\Python\3.14.6\x64\Lib\threading.py", line 1044 in _bootstrap

Thread 0x00003f3c [CLIPipeServer] (most recent call first):
  File "D:\a\yasb\yasb\src\core\utils\win32\bindings\kernel32.py", line 291 in ConnectNamedPipe
  File "D:\a\yasb\yasb\src\core\utils\cli_server.py", line 235 in _run_server
  File "C:\hostedtoolcache\windows\Python\3.14.6\x64\Lib\threading.py", line 1024 in run
  File "C:\hostedtoolcache\windows\Python\3.14.6\x64\Lib\threading.py", line 1082 in _bootstrap_inner
  File "C:\hostedtoolcache\windows\Python\3.14.6\x64\Lib\threading.py", line 1044 in _bootstrap

Current thread 0x00000e20 (most recent call first):
  File "D:\a\yasb\yasb\src\core\widgets\yasb\active_window.py", line 337 in _update_window_title
  File "D:\a\yasb\yasb\src\core\widgets\yasb\active_window.py", line 237 in _on_focus_change_event
  File "D:\a\yasb\yasb\venv\Lib\site-packages\qasync\__init__.py", line 404 in run_forever
  File "D:\a\yasb\yasb\venv\Lib\site-packages\qasync\__init__.py", line 428 in run_until_complete
  File "main.py", line 100 in main
  File "main.py", line 203 in <module>
  File "D:\a\yasb\yasb\venv\Lib\site-packages\freeze_core\initscripts\console.py", line 43 in run
  File "src/freeze_core/initscripts/__startup__.py", line 147 in run
2026-08-26 08:51:59,760 [INFO] [MainThread] [root/controller.py:21]: Reloading Application because of config change.
2026-08-26 08:51:59,874 [INFO] [MainThread] [cli_server/cli_server.py:114]: Log pipe server stopped
2026-08-26 08:51:59,877 [INFO] [MainThread] [root/bar_manager.py:93]: Successfully loaded updated config and re-initialised all bars.
2026-08-26 08:51:59,902 [INFO] [MainThread] [root/bar_manager.py:111]: Stopping HotkeyListener...
2026-08-26 08:51:59,906 [INFO] [MainThread] [root/bar_manager.py:119]: Stopping KomorebiEventListener...
2026-08-26 08:51:59,909 [INFO] [MainThread] [root/bar_manager.py:119]: Stopping SystemEventListener...
2026-08-26 08:52:00,298 [INFO] [MainThread] [root/log.py:104]: YASB v2.0.6
2026-08-26 08:52:00,299 [INFO] [CLIPipeServer] [cli_server/cli_server.py:216]: CLI server started v1.1.7
2026-08-26 08:52:00,299 [INFO] [MainThread] [cli_server/cli_server.py:106]: Log pipe server started
2026-08-26 08:52:00,724 [INFO] [SystrayHook] [systray_hook/systray_hook.py:193]: Injecting into Explorer (PID: 4704)
2026-08-26 08:52:00,751 [WARNING] [MainThread] [deprecation/deprecation.py:146]: [DEPRECATED] BrightnessConfig: 'hide_unsupported' - No longer supported and can be removed from the config.
2026-08-26 08:52:00,752 [INFO] [MainThread] [root/service.py:225]: BrightnessService started with 1 monitors
2026-08-26 08:52:00,775 [INFO] [MainThread] [root/service.py:52]: AudioOutputService starting...
2026-08-26 08:52:00,850 [INFO] [MainThread] [root/bar_manager.py:238]: Starting HotkeyListener...
2026-08-26 08:52:00,850 [INFO] [MainThread] [root/bar_manager.py:103]: Starting SystemEventListener...
2026-08-26 08:52:00,850 [INFO] [MainThread] [root/bar_manager.py:103]: Starting KomorebiEventListener...
2026-08-26 08:52:00,852 [INFO] [MainThread] [root/watcher.py:65]: Watching directory: c:\users\gojia\.config\yasb
2026-08-26 08:52:00,852 [INFO] [MainThread] [root/watcher.py:104]: Created file watcher
2026-08-26 08:52:00,873 [INFO] [Dummy-14] [root/event_listener.py:54]: Created named pipe yasb-954db27c-a0d7-11f1-b115-c424d5661522
2026-08-26 08:52:00,880 [INFO] [MainThread] [root/update_service.py:434]: Background update checker started
2026-08-26 08:52:00,946 [INFO] [Dummy-14] [root/event_listener.py:147]: Komorebi connected to named pipe: yasb-954db27c-a0d7-11f1-b115-c424d5661522
2026-08-26 08:54:08,285 [ERROR] [MainThread] [root/config.py:99]: The config file 'C:\Users\gojia\.config\yasb\config.yaml' contains validation errors. Please fix:
widgets:
  cpu:
    str:
    - Input should be a valid string
    dict[str,any]:
    - Input should be a valid dictionary

2026-08-26 08:54:30,136 [INFO] [MainThread] [root/controller.py:21]: Reloading Application because of config change.
2026-08-26 08:54:30,236 [INFO] [MainThread] [cli_server/cli_server.py:114]: Log pipe server stopped
2026-08-26 08:54:30,240 [INFO] [MainThread] [root/bar_manager.py:93]: Successfully loaded updated config and re-initialised all bars.
2026-08-26 08:54:30,266 [INFO] [MainThread] [root/bar_manager.py:111]: Stopping HotkeyListener...
2026-08-26 08:54:30,269 [INFO] [MainThread] [root/bar_manager.py:119]: Stopping SystemEventListener...
2026-08-26 08:54:30,272 [INFO] [MainThread] [root/bar_manager.py:119]: Stopping KomorebiEventListener...
2026-08-26 08:54:30,659 [INFO] [MainThread] [root/log.py:104]: YASB v2.0.6
2026-08-26 08:54:30,659 [INFO] [CLIPipeServer] [cli_server/cli_server.py:216]: CLI server started v1.1.7
2026-08-26 08:54:30,660 [INFO] [MainThread] [cli_server/cli_server.py:106]: Log pipe server started
2026-08-26 08:54:30,770 [WARNING] [MainThread] [root/widget_builder.py:39]: No widget config could be found for widget 'cpu
2026-08-26 08:54:31,072 [INFO] [SystrayHook] [systray_hook/systray_hook.py:193]: Injecting into Explorer (PID: 4704)
2026-08-26 08:54:31,096 [WARNING] [MainThread] [deprecation/deprecation.py:146]: [DEPRECATED] BrightnessConfig: 'hide_unsupported' - No longer supported and can be removed from the config.
2026-08-26 08:54:31,096 [INFO] [MainThread] [root/service.py:225]: BrightnessService started with 1 monitors
2026-08-26 08:54:31,117 [INFO] [MainThread] [root/service.py:52]: AudioOutputService starting...
2026-08-26 08:54:31,188 [INFO] [MainThread] [root/bar_manager.py:238]: Starting HotkeyListener...
2026-08-26 08:54:31,188 [INFO] [MainThread] [root/bar_manager.py:103]: Starting KomorebiEventListener...
2026-08-26 08:54:31,188 [INFO] [MainThread] [root/bar_manager.py:103]: Starting SystemEventListener...
2026-08-26 08:54:31,188 [ERROR] [MainThread] [root/widget_builder.py:100]: Failed to add undefined widget(s)  - The widget "cpu" is undefined.
2026-08-26 08:54:31,192 [INFO] [Dummy-12] [root/event_listener.py:54]: Created named pipe yasb-eee97791-a0d7-11f1-935a-c424d5661522
2026-08-26 08:54:31,208 [INFO] [MainThread] [root/watcher.py:65]: Watching directory: c:\users\gojia\.config\yasb
2026-08-26 08:54:31,208 [INFO] [MainThread] [root/watcher.py:104]: Created file watcher
2026-08-26 08:54:31,222 [INFO] [MainThread] [root/update_service.py:434]: Background update checker started
2026-08-26 08:54:31,275 [INFO] [Dummy-12] [root/event_listener.py:147]: Komorebi connected to named pipe: yasb-eee97791-a0d7-11f1-935a-c424d5661522
2026-08-26 08:54:40,881 [ERROR] [MainThread] [root/config.py:99]: The config file 'C:\Users\gojia\.config\yasb\config.yaml' contains validation errors. Please fix:
widgets:
  cpu:
    str:
    - Input should be a valid string
    dict[str,any]:
    - Input should be a valid dictionary

2026-08-26 08:54:57,716 [ERROR] [MainThread] [root/config.py:99]: The config file 'C:\Users\gojia\.config\yasb\config.yaml' contains validation errors. Please fix:
widgets:
  cpu:
    str:
    - Input should be a valid string
    dict[str,any]:
    - Input should be a valid dictionary

2026-08-26 08:55:08,380 [ERROR] [MainThread] [root/config.py:99]: The config file 'C:\Users\gojia\.config\yasb\config.yaml' contains validation errors. Please fix:
widgets:
  cpu:
    str:
    - Input should be a valid string
    dict[str,any]:
    - Input should be a valid dictionary

2026-08-26 08:55:23,360 [ERROR] [MainThread] [root/config.py:99]: The config file 'C:\Users\gojia\.config\yasb\config.yaml' contains validation errors. Please fix:
cpu:
- Extra inputs are not permitted

2026-08-26 08:55:27,639 [INFO] [MainThread] [root/controller.py:21]: Reloading Application because of config change.
2026-08-26 08:55:27,753 [INFO] [MainThread] [cli_server/cli_server.py:114]: Log pipe server stopped
2026-08-26 08:55:27,755 [INFO] [MainThread] [root/bar_manager.py:93]: Successfully loaded updated config and re-initialised all bars.
2026-08-26 08:55:27,777 [INFO] [MainThread] [root/bar_manager.py:111]: Stopping HotkeyListener...
2026-08-26 08:55:27,779 [INFO] [MainThread] [root/bar_manager.py:119]: Stopping KomorebiEventListener...
2026-08-26 08:55:27,783 [INFO] [MainThread] [root/bar_manager.py:119]: Stopping SystemEventListener...
2026-08-26 08:55:28,176 [INFO] [MainThread] [root/log.py:104]: YASB v2.0.6
2026-08-26 08:55:28,177 [INFO] [CLIPipeServer] [cli_server/cli_server.py:216]: CLI server started v1.1.7
2026-08-26 08:55:28,177 [INFO] [MainThread] [cli_server/cli_server.py:106]: Log pipe server started
2026-08-26 08:55:28,550 [INFO] [SystrayHook] [systray_hook/systray_hook.py:193]: Injecting into Explorer (PID: 4704)
2026-08-26 08:55:28,573 [WARNING] [MainThread] [deprecation/deprecation.py:146]: [DEPRECATED] BrightnessConfig: 'hide_unsupported' - No longer supported and can be removed from the config.
2026-08-26 08:55:28,574 [INFO] [MainThread] [root/service.py:225]: BrightnessService started with 1 monitors
2026-08-26 08:55:28,596 [INFO] [MainThread] [root/service.py:52]: AudioOutputService starting...
2026-08-26 08:55:28,668 [INFO] [MainThread] [root/bar_manager.py:238]: Starting HotkeyListener...
2026-08-26 08:55:28,668 [INFO] [MainThread] [root/bar_manager.py:103]: Starting KomorebiEventListener...
2026-08-26 08:55:28,668 [INFO] [MainThread] [root/bar_manager.py:103]: Starting SystemEventListener...
2026-08-26 08:55:28,668 [ERROR] [MainThread] [root/widget_builder.py:114]: Failed to validate widget(s) due to invalid options  - cpu
      graph_history_size:
      - Extra inputs are not permitted
      
2026-08-26 08:55:28,672 [INFO] [Dummy-12] [root/event_listener.py:54]: Created named pipe yasb-112c2b76-a0d8-11f1-b9f5-c424d5661522
2026-08-26 08:55:28,686 [INFO] [MainThread] [root/watcher.py:65]: Watching directory: c:\users\gojia\.config\yasb
2026-08-26 08:55:28,686 [INFO] [MainThread] [root/watcher.py:104]: Created file watcher
2026-08-26 08:55:28,697 [INFO] [MainThread] [root/update_service.py:434]: Background update checker started
2026-08-26 08:55:28,752 [INFO] [Dummy-12] [root/event_listener.py:147]: Komorebi connected to named pipe: yasb-112c2b76-a0d8-11f1-b9f5-c424d5661522
2026-08-26 08:55:49,109 [INFO] [MainThread] [root/controller.py:21]: Reloading Application because of config change.
2026-08-26 08:55:49,220 [INFO] [MainThread] [cli_server/cli_server.py:114]: Log pipe server stopped
2026-08-26 08:55:49,222 [INFO] [MainThread] [root/bar_manager.py:93]: Successfully loaded updated config and re-initialised all bars.
2026-08-26 08:55:49,245 [INFO] [MainThread] [root/bar_manager.py:111]: Stopping HotkeyListener...
2026-08-26 08:55:49,247 [INFO] [MainThread] [root/bar_manager.py:119]: Stopping KomorebiEventListener...
2026-08-26 08:55:49,251 [INFO] [MainThread] [root/bar_manager.py:119]: Stopping SystemEventListener...
2026-08-26 08:55:49,622 [INFO] [MainThread] [root/log.py:104]: YASB v2.0.6
2026-08-26 08:55:49,622 [INFO] [CLIPipeServer] [cli_server/cli_server.py:216]: CLI server started v1.1.7
2026-08-26 08:55:49,622 [INFO] [MainThread] [cli_server/cli_server.py:106]: Log pipe server started
2026-08-26 08:55:50,036 [INFO] [SystrayHook] [systray_hook/systray_hook.py:193]: Injecting into Explorer (PID: 4704)
2026-08-26 08:55:50,059 [WARNING] [MainThread] [deprecation/deprecation.py:146]: [DEPRECATED] BrightnessConfig: 'hide_unsupported' - No longer supported and can be removed from the config.
2026-08-26 08:55:50,060 [INFO] [MainThread] [root/service.py:225]: BrightnessService started with 1 monitors
2026-08-26 08:55:50,084 [INFO] [MainThread] [root/service.py:52]: AudioOutputService starting...
2026-08-26 08:55:50,155 [INFO] [MainThread] [root/bar_manager.py:238]: Starting HotkeyListener...
2026-08-26 08:55:50,155 [INFO] [MainThread] [root/bar_manager.py:103]: Starting KomorebiEventListener...
2026-08-26 08:55:50,155 [INFO] [MainThread] [root/bar_manager.py:103]: Starting SystemEventListener...
2026-08-26 08:55:50,156 [INFO] [MainThread] [root/watcher.py:65]: Watching directory: c:\users\gojia\.config\yasb
2026-08-26 08:55:50,157 [INFO] [MainThread] [root/watcher.py:104]: Created file watcher
2026-08-26 08:55:50,172 [INFO] [Dummy-13] [root/event_listener.py:54]: Created named pipe yasb-1dfad6d6-a0d8-11f1-a531-c424d5661522
2026-08-26 08:55:50,176 [INFO] [MainThread] [root/update_service.py:434]: Background update checker started
2026-08-26 08:55:50,233 [INFO] [Dummy-13] [root/event_listener.py:147]: Komorebi connected to named pipe: yasb-1dfad6d6-a0d8-11f1-a531-c424d5661522
2026-08-26 09:03:37,648 [INFO] [MainThread] [root/controller.py:21]: Reloading Application because of config change.
2026-08-26 09:03:37,761 [INFO] [MainThread] [cli_server/cli_server.py:114]: Log pipe server stopped
2026-08-26 09:03:37,764 [INFO] [MainThread] [root/bar_manager.py:93]: Successfully loaded updated config and re-initialised all bars.
2026-08-26 09:03:37,786 [INFO] [MainThread] [root/bar_manager.py:111]: Stopping HotkeyListener...
2026-08-26 09:03:37,790 [INFO] [MainThread] [root/bar_manager.py:119]: Stopping KomorebiEventListener...
2026-08-26 09:03:37,793 [INFO] [MainThread] [root/bar_manager.py:119]: Stopping SystemEventListener...
2026-08-26 09:03:38,241 [INFO] [MainThread] [root/log.py:104]: YASB v2.0.6
2026-08-26 09:03:38,241 [INFO] [CLIPipeServer] [cli_server/cli_server.py:216]: CLI server started v1.1.7
2026-08-26 09:03:38,242 [INFO] [MainThread] [cli_server/cli_server.py:106]: Log pipe server started
2026-08-26 09:03:38,642 [INFO] [SystrayHook] [systray_hook/systray_hook.py:193]: Injecting into Explorer (PID: 4704)
2026-08-26 09:03:38,668 [WARNING] [MainThread] [deprecation/deprecation.py:146]: [DEPRECATED] BrightnessConfig: 'hide_unsupported' - No longer supported and can be removed from the config.
2026-08-26 09:03:38,668 [INFO] [MainThread] [root/service.py:225]: BrightnessService started with 1 monitors
2026-08-26 09:03:38,689 [INFO] [MainThread] [root/service.py:52]: AudioOutputService starting...
2026-08-26 09:03:38,761 [INFO] [MainThread] [root/bar_manager.py:238]: Starting HotkeyListener...
2026-08-26 09:03:38,762 [INFO] [MainThread] [root/bar_manager.py:103]: Starting SystemEventListener...
2026-08-26 09:03:38,762 [INFO] [MainThread] [root/bar_manager.py:103]: Starting KomorebiEventListener...
2026-08-26 09:03:38,764 [INFO] [MainThread] [root/watcher.py:65]: Watching directory: c:\users\gojia\.config\yasb
2026-08-26 09:03:38,764 [INFO] [MainThread] [root/watcher.py:104]: Created file watcher
2026-08-26 09:03:38,779 [INFO] [Dummy-13] [root/event_listener.py:54]: Created named pipe yasb-354a9c0f-a0d9-11f1-8e64-c424d5661522
2026-08-26 09:03:38,782 [INFO] [MainThread] [root/update_service.py:434]: Background update checker started
2026-08-26 09:03:38,843 [INFO] [Dummy-13] [root/event_listener.py:147]: Komorebi connected to named pipe: yasb-354a9c0f-a0d9-11f1-8e64-c424d5661522
2026-08-26 09:08:03,360 [INFO] [MainThread] [root/controller.py:21]: Reloading Application because of config change.
2026-08-26 09:08:03,465 [INFO] [MainThread] [cli_server/cli_server.py:114]: Log pipe server stopped
2026-08-26 09:08:03,467 [INFO] [MainThread] [root/bar_manager.py:93]: Successfully loaded updated config and re-initialised all bars.
2026-08-26 09:08:03,496 [INFO] [MainThread] [root/bar_manager.py:111]: Stopping HotkeyListener...
2026-08-26 09:08:03,499 [INFO] [MainThread] [root/bar_manager.py:119]: Stopping SystemEventListener...
2026-08-26 09:08:03,503 [INFO] [MainThread] [root/bar_manager.py:119]: Stopping KomorebiEventListener...
2026-08-26 09:08:03,884 [INFO] [MainThread] [root/log.py:104]: YASB v2.0.6
2026-08-26 09:08:03,884 [INFO] [CLIPipeServer] [cli_server/cli_server.py:216]: CLI server started v1.1.7
2026-08-26 09:08:03,885 [INFO] [MainThread] [cli_server/cli_server.py:106]: Log pipe server started
2026-08-26 09:08:04,274 [INFO] [SystrayHook] [systray_hook/systray_hook.py:193]: Injecting into Explorer (PID: 4704)
2026-08-26 09:08:04,298 [WARNING] [MainThread] [deprecation/deprecation.py:146]: [DEPRECATED] BrightnessConfig: 'hide_unsupported' - No longer supported and can be removed from the config.
2026-08-26 09:08:04,298 [INFO] [MainThread] [root/service.py:225]: BrightnessService started with 1 monitors
2026-08-26 09:08:04,322 [INFO] [MainThread] [root/service.py:52]: AudioOutputService starting...
2026-08-26 09:08:04,393 [INFO] [MainThread] [root/bar_manager.py:238]: Starting HotkeyListener...
2026-08-26 09:08:04,393 [INFO] [MainThread] [root/bar_manager.py:103]: Starting KomorebiEventListener...
2026-08-26 09:08:04,394 [INFO] [MainThread] [root/bar_manager.py:103]: Starting SystemEventListener...
2026-08-26 09:08:04,395 [INFO] [MainThread] [root/watcher.py:65]: Watching directory: c:\users\gojia\.config\yasb
2026-08-26 09:08:04,396 [INFO] [MainThread] [root/watcher.py:104]: Created file watcher
2026-08-26 09:08:04,409 [INFO] [Dummy-13] [root/event_listener.py:54]: Created named pipe yasb-d39ec76b-a0d9-11f1-9391-c424d5661522
2026-08-26 09:08:04,412 [INFO] [MainThread] [root/update_service.py:434]: Background update checker started
2026-08-26 09:08:04,467 [INFO] [Dummy-13] [root/event_listener.py:147]: Komorebi connected to named pipe: yasb-d39ec76b-a0d9-11f1-9391-c424d5661522
2026-08-26 09:08:11,573 [INFO] [MainThread] [root/controller.py:21]: Reloading Application because of config change.
2026-08-26 09:08:11,683 [INFO] [MainThread] [cli_server/cli_server.py:114]: Log pipe server stopped
2026-08-26 09:08:11,686 [INFO] [MainThread] [root/bar_manager.py:93]: Successfully loaded updated config and re-initialised all bars.
2026-08-26 09:08:11,711 [INFO] [MainThread] [root/bar_manager.py:111]: Stopping HotkeyListener...
2026-08-26 09:08:11,713 [INFO] [MainThread] [root/bar_manager.py:119]: Stopping KomorebiEventListener...
2026-08-26 09:08:11,715 [INFO] [MainThread] [root/bar_manager.py:119]: Stopping SystemEventListener...
2026-08-26 09:08:12,125 [INFO] [MainThread] [root/log.py:104]: YASB v2.0.6
2026-08-26 09:08:12,126 [INFO] [CLIPipeServer] [cli_server/cli_server.py:216]: CLI server started v1.1.7
2026-08-26 09:08:12,126 [INFO] [MainThread] [cli_server/cli_server.py:106]: Log pipe server started
2026-08-26 09:08:12,578 [INFO] [SystrayHook] [systray_hook/systray_hook.py:193]: Injecting into Explorer (PID: 4704)
2026-08-26 09:08:12,605 [WARNING] [MainThread] [deprecation/deprecation.py:146]: [DEPRECATED] BrightnessConfig: 'hide_unsupported' - No longer supported and can be removed from the config.
2026-08-26 09:08:12,605 [INFO] [MainThread] [root/service.py:225]: BrightnessService started with 1 monitors
2026-08-26 09:08:12,629 [INFO] [MainThread] [root/service.py:52]: AudioOutputService starting...
2026-08-26 09:08:12,697 [INFO] [MainThread] [root/bar_manager.py:238]: Starting HotkeyListener...
2026-08-26 09:08:12,697 [INFO] [MainThread] [root/bar_manager.py:103]: Starting KomorebiEventListener...
2026-08-26 09:08:12,698 [INFO] [MainThread] [root/bar_manager.py:103]: Starting SystemEventListener...
2026-08-26 09:08:12,699 [INFO] [MainThread] [root/watcher.py:65]: Watching directory: c:\users\gojia\.config\yasb
2026-08-26 09:08:12,699 [INFO] [MainThread] [root/watcher.py:104]: Created file watcher
2026-08-26 09:08:12,715 [INFO] [Dummy-14] [root/event_listener.py:54]: Created named pipe yasb-d891e311-a0d9-11f1-8edd-c424d5661522
2026-08-26 09:08:12,718 [INFO] [MainThread] [root/update_service.py:434]: Background update checker started
2026-08-26 09:08:12,778 [INFO] [Dummy-14] [root/event_listener.py:147]: Komorebi connected to named pipe: yasb-d891e311-a0d9-11f1-8edd-c424d5661522
2026-08-26 09:08:17,994 [INFO] [MainThread] [root/controller.py:21]: Reloading Application because of config change.
2026-08-26 09:08:18,108 [INFO] [MainThread] [cli_server/cli_server.py:114]: Log pipe server stopped
2026-08-26 09:08:18,111 [INFO] [MainThread] [root/bar_manager.py:93]: Successfully loaded updated config and re-initialised all bars.
2026-08-26 09:08:18,134 [INFO] [MainThread] [root/bar_manager.py:111]: Stopping HotkeyListener...
2026-08-26 09:08:18,137 [INFO] [MainThread] [root/bar_manager.py:119]: Stopping KomorebiEventListener...
2026-08-26 09:08:18,140 [INFO] [MainThread] [root/bar_manager.py:119]: Stopping SystemEventListener...
2026-08-26 09:08:18,544 [INFO] [MainThread] [root/log.py:104]: YASB v2.0.6
2026-08-26 09:08:18,544 [INFO] [CLIPipeServer] [cli_server/cli_server.py:216]: CLI server started v1.1.7
2026-08-26 09:08:18,545 [INFO] [MainThread] [cli_server/cli_server.py:106]: Log pipe server started
2026-08-26 09:08:18,972 [INFO] [SystrayHook] [systray_hook/systray_hook.py:193]: Injecting into Explorer (PID: 4704)
2026-08-26 09:08:19,003 [WARNING] [MainThread] [deprecation/deprecation.py:146]: [DEPRECATED] BrightnessConfig: 'hide_unsupported' - No longer supported and can be removed from the config.
2026-08-26 09:08:19,003 [INFO] [MainThread] [root/service.py:225]: BrightnessService started with 1 monitors
2026-08-26 09:08:19,026 [INFO] [MainThread] [root/service.py:52]: AudioOutputService starting...
2026-08-26 09:08:19,100 [INFO] [MainThread] [root/bar_manager.py:238]: Starting HotkeyListener...
2026-08-26 09:08:19,100 [INFO] [MainThread] [root/bar_manager.py:103]: Starting KomorebiEventListener...
2026-08-26 09:08:19,100 [INFO] [MainThread] [root/bar_manager.py:103]: Starting SystemEventListener...
2026-08-26 09:08:19,102 [INFO] [MainThread] [root/watcher.py:65]: Watching directory: c:\users\gojia\.config\yasb
2026-08-26 09:08:19,102 [INFO] [MainThread] [root/watcher.py:104]: Created file watcher
2026-08-26 09:08:19,116 [INFO] [Dummy-13] [root/event_listener.py:54]: Created named pipe yasb-dc62d2d4-a0d9-11f1-b80d-c424d5661522
2026-08-26 09:08:19,119 [INFO] [MainThread] [root/update_service.py:434]: Background update checker started
2026-08-26 09:08:19,188 [INFO] [Dummy-13] [root/event_listener.py:147]: Komorebi connected to named pipe: yasb-dc62d2d4-a0d9-11f1-b80d-c424d5661522
2026-08-26 09:09:34,704 [INFO] [MainThread] [root/controller.py:21]: Reloading Application because of config change.
2026-08-26 09:09:34,808 [INFO] [MainThread] [cli_server/cli_server.py:114]: Log pipe server stopped
2026-08-26 09:09:34,812 [INFO] [MainThread] [root/bar_manager.py:93]: Successfully loaded updated config and re-initialised all bars.
2026-08-26 09:09:34,833 [INFO] [MainThread] [root/bar_manager.py:111]: Stopping HotkeyListener...
2026-08-26 09:09:34,837 [INFO] [MainThread] [root/bar_manager.py:119]: Stopping KomorebiEventListener...
2026-08-26 09:09:34,840 [INFO] [MainThread] [root/bar_manager.py:119]: Stopping SystemEventListener...
2026-08-26 09:09:35,225 [INFO] [MainThread] [root/log.py:104]: YASB v2.0.6
2026-08-26 09:09:35,226 [INFO] [CLIPipeServer] [cli_server/cli_server.py:216]: CLI server started v1.1.7
2026-08-26 09:09:35,226 [INFO] [MainThread] [cli_server/cli_server.py:106]: Log pipe server started
2026-08-26 09:09:35,624 [INFO] [SystrayHook] [systray_hook/systray_hook.py:193]: Injecting into Explorer (PID: 4704)
2026-08-26 09:09:35,647 [WARNING] [MainThread] [deprecation/deprecation.py:146]: [DEPRECATED] BrightnessConfig: 'hide_unsupported' - No longer supported and can be removed from the config.
2026-08-26 09:09:35,648 [INFO] [MainThread] [root/service.py:225]: BrightnessService started with 1 monitors
2026-08-26 09:09:35,670 [INFO] [MainThread] [root/service.py:52]: AudioOutputService starting...
2026-08-26 09:09:35,739 [INFO] [MainThread] [root/bar_manager.py:238]: Starting HotkeyListener...
2026-08-26 09:09:35,739 [INFO] [MainThread] [root/bar_manager.py:103]: Starting KomorebiEventListener...
2026-08-26 09:09:35,740 [INFO] [MainThread] [root/bar_manager.py:103]: Starting SystemEventListener...
2026-08-26 09:09:35,741 [INFO] [MainThread] [root/watcher.py:65]: Watching directory: c:\users\gojia\.config\yasb
2026-08-26 09:09:35,741 [INFO] [MainThread] [root/watcher.py:104]: Created file watcher
2026-08-26 09:09:35,742 [INFO] [Dummy-14] [root/event_listener.py:54]: Created named pipe yasb-0a110ca9-a0da-11f1-9a97-c424d5661522
2026-08-26 09:09:35,758 [INFO] [MainThread] [root/update_service.py:434]: Background update checker started
2026-08-26 09:09:35,819 [INFO] [Dummy-14] [root/event_listener.py:147]: Komorebi connected to named pipe: yasb-0a110ca9-a0da-11f1-9a97-c424d5661522
2026-08-26 09:09:58,976 [INFO] [MainThread] [root/controller.py:21]: Reloading Application because of config change.
2026-08-26 09:09:59,085 [INFO] [MainThread] [cli_server/cli_server.py:114]: Log pipe server stopped
2026-08-26 09:09:59,087 [INFO] [MainThread] [root/bar_manager.py:93]: Successfully loaded updated config and re-initialised all bars.
2026-08-26 09:09:59,114 [INFO] [MainThread] [root/bar_manager.py:111]: Stopping HotkeyListener...
2026-08-26 09:09:59,117 [INFO] [MainThread] [root/bar_manager.py:119]: Stopping KomorebiEventListener...
2026-08-26 09:09:59,118 [INFO] [MainThread] [root/bar_manager.py:119]: Stopping SystemEventListener...
2026-08-26 09:09:59,518 [INFO] [MainThread] [root/log.py:104]: YASB v2.0.6
2026-08-26 09:09:59,519 [INFO] [CLIPipeServer] [cli_server/cli_server.py:216]: CLI server started v1.1.7
2026-08-26 09:09:59,519 [INFO] [MainThread] [cli_server/cli_server.py:106]: Log pipe server started
2026-08-26 09:09:59,910 [INFO] [SystrayHook] [systray_hook/systray_hook.py:193]: Injecting into Explorer (PID: 4704)
2026-08-26 09:09:59,934 [WARNING] [MainThread] [deprecation/deprecation.py:146]: [DEPRECATED] BrightnessConfig: 'hide_unsupported' - No longer supported and can be removed from the config.
2026-08-26 09:09:59,935 [INFO] [MainThread] [root/service.py:225]: BrightnessService started with 1 monitors
2026-08-26 09:09:59,959 [INFO] [MainThread] [root/service.py:52]: AudioOutputService starting...
2026-08-26 09:10:00,032 [INFO] [MainThread] [root/bar_manager.py:238]: Starting HotkeyListener...
2026-08-26 09:10:00,033 [INFO] [MainThread] [root/bar_manager.py:103]: Starting KomorebiEventListener...
2026-08-26 09:10:00,033 [INFO] [MainThread] [root/bar_manager.py:103]: Starting SystemEventListener...
2026-08-26 09:10:00,035 [INFO] [MainThread] [root/watcher.py:65]: Watching directory: c:\users\gojia\.config\yasb
2026-08-26 09:10:00,035 [INFO] [MainThread] [root/watcher.py:104]: Created file watcher
2026-08-26 09:10:00,047 [INFO] [Dummy-13] [root/event_listener.py:54]: Created named pipe yasb-188be8ec-a0da-11f1-8828-c424d5661522
2026-08-26 09:10:00,050 [INFO] [MainThread] [root/update_service.py:434]: Background update checker started
2026-08-26 09:10:00,108 [INFO] [Dummy-13] [root/event_listener.py:147]: Komorebi connected to named pipe: yasb-188be8ec-a0da-11f1-8828-c424d5661522
2026-08-26 09:10:06,893 [INFO] [MainThread] [root/controller.py:21]: Reloading Application because of config change.
2026-08-26 09:10:06,998 [INFO] [MainThread] [cli_server/cli_server.py:114]: Log pipe server stopped
2026-08-26 09:10:07,001 [INFO] [MainThread] [root/bar_manager.py:93]: Successfully loaded updated config and re-initialised all bars.
2026-08-26 09:10:07,025 [INFO] [MainThread] [root/bar_manager.py:111]: Stopping HotkeyListener...
2026-08-26 09:10:07,028 [INFO] [MainThread] [root/bar_manager.py:119]: Stopping KomorebiEventListener...
2026-08-26 09:10:07,030 [INFO] [MainThread] [root/bar_manager.py:119]: Stopping SystemEventListener...
2026-08-26 09:10:07,417 [INFO] [MainThread] [root/log.py:104]: YASB v2.0.6
2026-08-26 09:10:07,418 [INFO] [CLIPipeServer] [cli_server/cli_server.py:216]: CLI server started v1.1.7
2026-08-26 09:10:07,418 [INFO] [MainThread] [cli_server/cli_server.py:106]: Log pipe server started
2026-08-26 09:10:07,804 [INFO] [SystrayHook] [systray_hook/systray_hook.py:193]: Injecting into Explorer (PID: 4704)
2026-08-26 09:10:07,832 [WARNING] [MainThread] [deprecation/deprecation.py:146]: [DEPRECATED] BrightnessConfig: 'hide_unsupported' - No longer supported and can be removed from the config.
2026-08-26 09:10:07,833 [INFO] [MainThread] [root/service.py:225]: BrightnessService started with 1 monitors
2026-08-26 09:10:07,854 [INFO] [MainThread] [root/service.py:52]: AudioOutputService starting...
2026-08-26 09:10:07,925 [INFO] [MainThread] [root/bar_manager.py:238]: Starting HotkeyListener...
2026-08-26 09:10:07,926 [INFO] [MainThread] [root/bar_manager.py:103]: Starting KomorebiEventListener...
2026-08-26 09:10:07,927 [INFO] [MainThread] [root/bar_manager.py:103]: Starting SystemEventListener...
2026-08-26 09:10:07,929 [INFO] [MainThread] [root/watcher.py:65]: Watching directory: c:\users\gojia\.config\yasb
2026-08-26 09:10:07,929 [INFO] [MainThread] [root/watcher.py:104]: Created file watcher
2026-08-26 09:10:07,929 [INFO] [Dummy-14] [root/event_listener.py:54]: Created named pipe yasb-1d405aff-a0da-11f1-b4da-c424d5661522
2026-08-26 09:10:07,943 [INFO] [MainThread] [root/update_service.py:434]: Background update checker started
2026-08-26 09:10:08,002 [INFO] [Dummy-14] [root/event_listener.py:147]: Komorebi connected to named pipe: yasb-1d405aff-a0da-11f1-b4da-c424d5661522
2026-08-26 09:10:08,853 [INFO] [MainThread] [root/controller.py:21]: Reloading Application because of config change.
2026-08-26 09:10:08,956 [INFO] [MainThread] [cli_server/cli_server.py:114]: Log pipe server stopped
2026-08-26 09:10:08,958 [INFO] [MainThread] [root/bar_manager.py:93]: Successfully loaded updated config and re-initialised all bars.
2026-08-26 09:10:08,982 [INFO] [MainThread] [root/bar_manager.py:111]: Stopping HotkeyListener...
2026-08-26 09:10:08,984 [INFO] [MainThread] [root/bar_manager.py:119]: Stopping KomorebiEventListener...
2026-08-26 09:10:08,986 [INFO] [MainThread] [root/bar_manager.py:119]: Stopping SystemEventListener...
2026-08-26 09:10:09,394 [INFO] [MainThread] [root/log.py:104]: YASB v2.0.6
2026-08-26 09:10:09,394 [INFO] [CLIPipeServer] [cli_server/cli_server.py:216]: CLI server started v1.1.7
2026-08-26 09:10:09,395 [INFO] [MainThread] [cli_server/cli_server.py:106]: Log pipe server started
2026-08-26 09:10:09,810 [INFO] [SystrayHook] [systray_hook/systray_hook.py:193]: Injecting into Explorer (PID: 4704)
2026-08-26 09:10:09,836 [WARNING] [MainThread] [deprecation/deprecation.py:146]: [DEPRECATED] BrightnessConfig: 'hide_unsupported' - No longer supported and can be removed from the config.
2026-08-26 09:10:09,837 [INFO] [MainThread] [root/service.py:225]: BrightnessService started with 1 monitors
2026-08-26 09:10:09,860 [INFO] [MainThread] [root/service.py:52]: AudioOutputService starting...
2026-08-26 09:10:09,929 [INFO] [MainThread] [root/bar_manager.py:238]: Starting HotkeyListener...
2026-08-26 09:10:09,929 [INFO] [MainThread] [root/bar_manager.py:103]: Starting SystemEventListener...
2026-08-26 09:10:09,929 [INFO] [MainThread] [root/bar_manager.py:103]: Starting KomorebiEventListener...
2026-08-26 09:10:09,931 [INFO] [MainThread] [root/watcher.py:65]: Watching directory: c:\users\gojia\.config\yasb
2026-08-26 09:10:09,931 [INFO] [MainThread] [root/watcher.py:104]: Created file watcher
2026-08-26 09:10:09,944 [INFO] [Dummy-14] [root/event_listener.py:54]: Created named pipe yasb-1e71f6ae-a0da-11f1-babf-c424d5661522
2026-08-26 09:10:09,947 [INFO] [MainThread] [root/update_service.py:434]: Background update checker started
2026-08-26 09:10:10,007 [INFO] [Dummy-14] [root/event_listener.py:147]: Komorebi connected to named pipe: yasb-1e71f6ae-a0da-11f1-babf-c424d5661522
2026-08-26 09:12:02,948 [INFO] [MainThread] [root/controller.py:21]: Reloading Application because of config change.
2026-08-26 09:12:03,062 [INFO] [MainThread] [cli_server/cli_server.py:114]: Log pipe server stopped
2026-08-26 09:12:03,064 [INFO] [MainThread] [root/bar_manager.py:93]: Successfully loaded updated config and re-initialised all bars.
2026-08-26 09:12:03,092 [INFO] [MainThread] [root/bar_manager.py:111]: Stopping HotkeyListener...
2026-08-26 09:12:03,095 [INFO] [MainThread] [root/bar_manager.py:119]: Stopping SystemEventListener...
2026-08-26 09:12:03,099 [INFO] [MainThread] [root/bar_manager.py:119]: Stopping KomorebiEventListener...
2026-08-26 09:12:03,506 [INFO] [MainThread] [root/log.py:104]: YASB v2.0.6
2026-08-26 09:12:03,507 [INFO] [CLIPipeServer] [cli_server/cli_server.py:216]: CLI server started v1.1.7
2026-08-26 09:12:03,507 [INFO] [MainThread] [cli_server/cli_server.py:106]: Log pipe server started
2026-08-26 09:12:03,918 [INFO] [SystrayHook] [systray_hook/systray_hook.py:193]: Injecting into Explorer (PID: 4704)
2026-08-26 09:12:03,942 [WARNING] [MainThread] [deprecation/deprecation.py:146]: [DEPRECATED] BrightnessConfig: 'hide_unsupported' - No longer supported and can be removed from the config.
2026-08-26 09:12:03,943 [INFO] [MainThread] [root/service.py:225]: BrightnessService started with 1 monitors
2026-08-26 09:12:03,965 [INFO] [MainThread] [root/service.py:52]: AudioOutputService starting...
2026-08-26 09:12:04,040 [INFO] [MainThread] [root/bar_manager.py:238]: Starting HotkeyListener...
2026-08-26 09:12:04,040 [INFO] [MainThread] [root/bar_manager.py:103]: Starting SystemEventListener...
2026-08-26 09:12:04,041 [INFO] [MainThread] [root/bar_manager.py:103]: Starting KomorebiEventListener...
2026-08-26 09:12:04,043 [INFO] [MainThread] [root/watcher.py:65]: Watching directory: c:\users\gojia\.config\yasb
2026-08-26 09:12:04,043 [INFO] [MainThread] [root/watcher.py:104]: Created file watcher
2026-08-26 09:12:04,063 [INFO] [Dummy-14] [root/event_listener.py:54]: Created named pipe yasb-62760329-a0da-11f1-8c76-c424d5661522
2026-08-26 09:12:04,067 [INFO] [MainThread] [root/update_service.py:434]: Background update checker started
2026-08-26 09:12:04,139 [INFO] [Dummy-14] [root/event_listener.py:147]: Komorebi connected to named pipe: yasb-62760329-a0da-11f1-8c76-c424d5661522
2026-08-26 09:12:20,836 [INFO] [MainThread] [root/controller.py:21]: Reloading Application because of config change.
2026-08-26 09:12:20,951 [INFO] [MainThread] [cli_server/cli_server.py:114]: Log pipe server stopped
2026-08-26 09:12:20,954 [INFO] [MainThread] [root/bar_manager.py:93]: Successfully loaded updated config and re-initialised all bars.
2026-08-26 09:12:20,979 [INFO] [MainThread] [root/bar_manager.py:111]: Stopping HotkeyListener...
2026-08-26 09:12:20,982 [INFO] [MainThread] [root/bar_manager.py:119]: Stopping SystemEventListener...
2026-08-26 09:12:20,985 [INFO] [MainThread] [root/bar_manager.py:119]: Stopping KomorebiEventListener...
2026-08-26 09:12:21,412 [INFO] [MainThread] [root/log.py:104]: YASB v2.0.6
2026-08-26 09:12:21,412 [INFO] [CLIPipeServer] [cli_server/cli_server.py:216]: CLI server started v1.1.7
2026-08-26 09:12:21,412 [INFO] [MainThread] [cli_server/cli_server.py:106]: Log pipe server started
2026-08-26 09:12:21,824 [INFO] [SystrayHook] [systray_hook/systray_hook.py:193]: Injecting into Explorer (PID: 4704)
2026-08-26 09:12:21,853 [WARNING] [MainThread] [deprecation/deprecation.py:146]: [DEPRECATED] BrightnessConfig: 'hide_unsupported' - No longer supported and can be removed from the config.
2026-08-26 09:12:21,854 [INFO] [MainThread] [root/service.py:225]: BrightnessService started with 1 monitors
2026-08-26 09:12:21,878 [INFO] [MainThread] [root/service.py:52]: AudioOutputService starting...
2026-08-26 09:12:21,952 [INFO] [MainThread] [root/bar_manager.py:238]: Starting HotkeyListener...
2026-08-26 09:12:21,952 [INFO] [MainThread] [root/bar_manager.py:103]: Starting KomorebiEventListener...
2026-08-26 09:12:21,952 [INFO] [MainThread] [root/bar_manager.py:103]: Starting SystemEventListener...
2026-08-26 09:12:21,955 [INFO] [MainThread] [root/watcher.py:65]: Watching directory: c:\users\gojia\.config\yasb
2026-08-26 09:12:21,955 [INFO] [MainThread] [root/watcher.py:104]: Created file watcher
2026-08-26 09:12:21,974 [INFO] [Dummy-14] [root/event_listener.py:54]: Created named pipe yasb-6d231a9e-a0da-11f1-9069-c424d5661522
2026-08-26 09:12:21,977 [INFO] [MainThread] [root/update_service.py:434]: Background update checker started
2026-08-26 09:12:22,034 [INFO] [Dummy-14] [root/event_listener.py:147]: Komorebi connected to named pipe: yasb-6d231a9e-a0da-11f1-9069-c424d5661522
2026-08-26 09:12:36,266 [INFO] [MainThread] [root/controller.py:21]: Reloading Application because of config change.
2026-08-26 09:12:36,371 [INFO] [MainThread] [cli_server/cli_server.py:114]: Log pipe server stopped
2026-08-26 09:12:36,374 [INFO] [MainThread] [root/bar_manager.py:93]: Successfully loaded updated config and re-initialised all bars.
2026-08-26 09:12:36,398 [INFO] [MainThread] [root/bar_manager.py:111]: Stopping HotkeyListener...
2026-08-26 09:12:36,402 [INFO] [MainThread] [root/bar_manager.py:119]: Stopping KomorebiEventListener...
2026-08-26 09:12:36,404 [INFO] [MainThread] [root/bar_manager.py:119]: Stopping SystemEventListener...
2026-08-26 09:12:36,850 [INFO] [MainThread] [root/log.py:104]: YASB v2.0.6
2026-08-26 09:12:36,850 [INFO] [CLIPipeServer] [cli_server/cli_server.py:216]: CLI server started v1.1.7
2026-08-26 09:12:36,850 [INFO] [MainThread] [cli_server/cli_server.py:106]: Log pipe server started
2026-08-26 09:12:37,254 [INFO] [SystrayHook] [systray_hook/systray_hook.py:193]: Injecting into Explorer (PID: 4704)
2026-08-26 09:12:37,281 [WARNING] [MainThread] [deprecation/deprecation.py:146]: [DEPRECATED] BrightnessConfig: 'hide_unsupported' - No longer supported and can be removed from the config.
2026-08-26 09:12:37,281 [INFO] [MainThread] [root/service.py:225]: BrightnessService started with 1 monitors
2026-08-26 09:12:37,307 [INFO] [MainThread] [root/service.py:52]: AudioOutputService starting...
2026-08-26 09:12:37,382 [INFO] [MainThread] [root/bar_manager.py:238]: Starting HotkeyListener...
2026-08-26 09:12:37,383 [INFO] [MainThread] [root/bar_manager.py:103]: Starting KomorebiEventListener...
2026-08-26 09:12:37,383 [INFO] [MainThread] [root/bar_manager.py:103]: Starting SystemEventListener...
2026-08-26 09:12:37,384 [INFO] [MainThread] [root/watcher.py:65]: Watching directory: c:\users\gojia\.config\yasb
2026-08-26 09:12:37,384 [INFO] [MainThread] [root/watcher.py:104]: Created file watcher
2026-08-26 09:12:37,404 [INFO] [Dummy-14] [root/event_listener.py:54]: Created named pipe yasb-7655a727-a0da-11f1-8d9f-c424d5661522
2026-08-26 09:12:37,410 [INFO] [MainThread] [root/update_service.py:434]: Background update checker started
2026-08-26 09:12:37,477 [INFO] [Dummy-14] [root/event_listener.py:147]: Komorebi connected to named pipe: yasb-7655a727-a0da-11f1-8d9f-c424d5661522
2026-08-26 09:12:45,732 [INFO] [MainThread] [root/controller.py:21]: Reloading Application because of config change.
2026-08-26 09:12:45,847 [INFO] [MainThread] [cli_server/cli_server.py:114]: Log pipe server stopped
2026-08-26 09:12:45,850 [INFO] [MainThread] [root/bar_manager.py:93]: Successfully loaded updated config and re-initialised all bars.
2026-08-26 09:12:45,876 [INFO] [MainThread] [root/bar_manager.py:111]: Stopping HotkeyListener...
2026-08-26 09:12:45,879 [INFO] [MainThread] [root/bar_manager.py:119]: Stopping KomorebiEventListener...
2026-08-26 09:12:45,881 [INFO] [MainThread] [root/bar_manager.py:119]: Stopping SystemEventListener...
2026-08-26 09:12:46,326 [INFO] [MainThread] [root/log.py:104]: YASB v2.0.6
2026-08-26 09:12:46,327 [INFO] [CLIPipeServer] [cli_server/cli_server.py:216]: CLI server started v1.1.7
2026-08-26 09:12:46,327 [INFO] [MainThread] [cli_server/cli_server.py:106]: Log pipe server started
2026-08-26 09:12:46,723 [INFO] [SystrayHook] [systray_hook/systray_hook.py:193]: Injecting into Explorer (PID: 4704)
2026-08-26 09:12:46,747 [WARNING] [MainThread] [deprecation/deprecation.py:146]: [DEPRECATED] BrightnessConfig: 'hide_unsupported' - No longer supported and can be removed from the config.
2026-08-26 09:12:46,747 [INFO] [MainThread] [root/service.py:225]: BrightnessService started with 1 monitors
2026-08-26 09:12:46,771 [INFO] [MainThread] [root/service.py:52]: AudioOutputService starting...
2026-08-26 09:12:46,843 [INFO] [MainThread] [root/bar_manager.py:238]: Starting HotkeyListener...
2026-08-26 09:12:46,843 [INFO] [MainThread] [root/bar_manager.py:103]: Starting SystemEventListener...
2026-08-26 09:12:46,843 [INFO] [MainThread] [root/bar_manager.py:103]: Starting KomorebiEventListener...
2026-08-26 09:12:46,845 [INFO] [MainThread] [root/watcher.py:65]: Watching directory: c:\users\gojia\.config\yasb
2026-08-26 09:12:46,845 [INFO] [MainThread] [root/watcher.py:104]: Created file watcher
2026-08-26 09:12:46,862 [INFO] [Dummy-14] [root/event_listener.py:54]: Created named pipe yasb-7bf9311d-a0da-11f1-8308-c424d5661522
2026-08-26 09:12:46,865 [INFO] [MainThread] [root/update_service.py:434]: Background update checker started
2026-08-26 09:12:46,922 [INFO] [Dummy-14] [root/event_listener.py:147]: Komorebi connected to named pipe: yasb-7bf9311d-a0da-11f1-8308-c424d5661522
2026-08-26 09:13:22,710 [INFO] [MainThread] [root/controller.py:21]: Reloading Application because of config change.
2026-08-26 09:13:22,819 [INFO] [MainThread] [cli_server/cli_server.py:114]: Log pipe server stopped
2026-08-26 09:13:22,821 [INFO] [MainThread] [root/bar_manager.py:93]: Successfully loaded updated config and re-initialised all bars.
2026-08-26 09:13:22,848 [INFO] [MainThread] [root/bar_manager.py:111]: Stopping HotkeyListener...
2026-08-26 09:13:22,851 [INFO] [MainThread] [root/bar_manager.py:119]: Stopping SystemEventListener...
2026-08-26 09:13:22,856 [INFO] [MainThread] [root/bar_manager.py:119]: Stopping KomorebiEventListener...
2026-08-26 09:13:23,256 [INFO] [MainThread] [root/log.py:104]: YASB v2.0.6
2026-08-26 09:13:23,256 [INFO] [CLIPipeServer] [cli_server/cli_server.py:216]: CLI server started v1.1.7
2026-08-26 09:13:23,257 [INFO] [MainThread] [cli_server/cli_server.py:106]: Log pipe server started
2026-08-26 09:13:23,675 [INFO] [SystrayHook] [systray_hook/systray_hook.py:193]: Injecting into Explorer (PID: 4704)
2026-08-26 09:13:23,700 [WARNING] [MainThread] [deprecation/deprecation.py:146]: [DEPRECATED] BrightnessConfig: 'hide_unsupported' - No longer supported and can be removed from the config.
2026-08-26 09:13:23,701 [INFO] [MainThread] [root/service.py:225]: BrightnessService started with 1 monitors
2026-08-26 09:13:23,725 [INFO] [MainThread] [root/service.py:52]: AudioOutputService starting...
2026-08-26 09:13:23,797 [INFO] [MainThread] [root/bar_manager.py:238]: Starting HotkeyListener...
2026-08-26 09:13:23,797 [INFO] [MainThread] [root/bar_manager.py:103]: Starting SystemEventListener...
2026-08-26 09:13:23,798 [INFO] [MainThread] [root/bar_manager.py:103]: Starting KomorebiEventListener...
2026-08-26 09:13:23,800 [INFO] [MainThread] [root/watcher.py:65]: Watching directory: c:\users\gojia\.config\yasb
2026-08-26 09:13:23,800 [INFO] [MainThread] [root/watcher.py:104]: Created file watcher
2026-08-26 09:13:23,817 [INFO] [Dummy-13] [root/event_listener.py:54]: Created named pipe yasb-91ffff4e-a0da-11f1-81d4-c424d5661522
2026-08-26 09:13:23,820 [INFO] [MainThread] [root/update_service.py:434]: Background update checker started
2026-08-26 09:13:23,876 [INFO] [Dummy-13] [root/event_listener.py:147]: Komorebi connected to named pipe: yasb-91ffff4e-a0da-11f1-81d4-c424d5661522
2026-08-26 09:15:12,438 [INFO] [MainThread] [root/controller.py:21]: Reloading Application because of config change.
2026-08-26 09:15:12,544 [INFO] [MainThread] [cli_server/cli_server.py:114]: Log pipe server stopped
2026-08-26 09:15:12,546 [INFO] [MainThread] [root/bar_manager.py:93]: Successfully loaded updated config and re-initialised all bars.
2026-08-26 09:15:12,573 [INFO] [MainThread] [root/bar_manager.py:111]: Stopping HotkeyListener...
2026-08-26 09:15:12,577 [INFO] [MainThread] [root/bar_manager.py:119]: Stopping SystemEventListener...
2026-08-26 09:15:12,581 [INFO] [MainThread] [root/bar_manager.py:119]: Stopping KomorebiEventListener...
2026-08-26 09:15:12,964 [INFO] [MainThread] [root/log.py:104]: YASB v2.0.6
2026-08-26 09:15:12,965 [INFO] [CLIPipeServer] [cli_server/cli_server.py:216]: CLI server started v1.1.7
2026-08-26 09:15:12,965 [INFO] [MainThread] [cli_server/cli_server.py:106]: Log pipe server started
2026-08-26 09:15:13,270 [INFO] [MainThread] [taskbar_window_manager/window_manager.py:178]: TaskbarWindowManager is starting...
2026-08-26 09:15:13,536 [INFO] [SystrayHook] [systray_hook/systray_hook.py:193]: Injecting into Explorer (PID: 4704)
2026-08-26 09:15:13,565 [WARNING] [MainThread] [deprecation/deprecation.py:146]: [DEPRECATED] BrightnessConfig: 'hide_unsupported' - No longer supported and can be removed from the config.
2026-08-26 09:15:13,565 [INFO] [MainThread] [root/service.py:225]: BrightnessService started with 1 monitors
2026-08-26 09:15:13,587 [INFO] [MainThread] [root/service.py:52]: AudioOutputService starting...
2026-08-26 09:15:13,695 [INFO] [MainThread] [root/bar_manager.py:238]: Starting HotkeyListener...
2026-08-26 09:15:13,695 [INFO] [MainThread] [root/bar_manager.py:103]: Starting KomorebiEventListener...
2026-08-26 09:15:13,696 [INFO] [MainThread] [root/bar_manager.py:103]: Starting SystemEventListener...
2026-08-26 09:15:13,697 [INFO] [Dummy-13] [root/event_listener.py:54]: Created named pipe yasb-d38109ed-a0da-11f1-9902-c424d5661522
2026-08-26 09:15:13,697 [INFO] [MainThread] [root/watcher.py:65]: Watching directory: c:\users\gojia\.config\yasb
2026-08-26 09:15:13,697 [INFO] [MainThread] [root/watcher.py:104]: Created file watcher
2026-08-26 09:15:13,709 [INFO] [MainThread] [root/update_service.py:434]: Background update checker started
2026-08-26 09:15:13,755 [INFO] [Dummy-13] [root/event_listener.py:147]: Komorebi connected to named pipe: yasb-d38109ed-a0da-11f1-9902-c424d5661522
2026-08-26 09:18:26,021 [INFO] [MainThread] [root/controller.py:21]: Reloading Application because of config change.
2026-08-26 09:18:26,126 [INFO] [MainThread] [cli_server/cli_server.py:114]: Log pipe server stopped
2026-08-26 09:18:26,129 [INFO] [MainThread] [root/bar_manager.py:93]: Successfully loaded updated config and re-initialised all bars.
2026-08-26 09:18:26,175 [INFO] [MainThread] [root/bar_manager.py:111]: Stopping HotkeyListener...
2026-08-26 09:18:26,177 [INFO] [MainThread] [root/bar_manager.py:119]: Stopping KomorebiEventListener...
2026-08-26 09:18:26,177 [INFO] [MainThread] [root/bar_manager.py:119]: Stopping SystemEventListener...
2026-08-26 09:18:26,533 [INFO] [MainThread] [root/log.py:104]: YASB v2.0.6
2026-08-26 09:18:26,533 [INFO] [CLIPipeServer] [cli_server/cli_server.py:216]: CLI server started v1.1.7
2026-08-26 09:18:26,533 [INFO] [MainThread] [cli_server/cli_server.py:106]: Log pipe server started
2026-08-26 09:18:26,981 [INFO] [SystrayHook] [systray_hook/systray_hook.py:193]: Injecting into Explorer (PID: 4704)
2026-08-26 09:18:27,006 [WARNING] [MainThread] [deprecation/deprecation.py:146]: [DEPRECATED] BrightnessConfig: 'hide_unsupported' - No longer supported and can be removed from the config.
2026-08-26 09:18:27,007 [INFO] [MainThread] [root/service.py:225]: BrightnessService started with 1 monitors
2026-08-26 09:18:27,030 [INFO] [MainThread] [root/service.py:52]: AudioOutputService starting...
2026-08-26 09:18:27,107 [INFO] [MainThread] [root/bar_manager.py:238]: Starting HotkeyListener...
2026-08-26 09:18:27,107 [INFO] [MainThread] [root/bar_manager.py:103]: Starting SystemEventListener...
2026-08-26 09:18:27,107 [INFO] [MainThread] [root/bar_manager.py:103]: Starting KomorebiEventListener...
2026-08-26 09:18:27,108 [INFO] [MainThread] [root/watcher.py:65]: Watching directory: c:\users\gojia\.config\yasb
2026-08-26 09:18:27,109 [INFO] [MainThread] [root/watcher.py:104]: Created file watcher
2026-08-26 09:18:27,134 [INFO] [Dummy-13] [root/event_listener.py:54]: Created named pipe yasb-46c9568f-a0db-11f1-8da5-c424d5661522
2026-08-26 09:18:27,138 [INFO] [MainThread] [root/update_service.py:434]: Background update checker started
2026-08-26 09:18:27,204 [INFO] [Dummy-13] [root/event_listener.py:147]: Komorebi connected to named pipe: yasb-46c9568f-a0db-11f1-8da5-c424d5661522
2026-08-26 09:23:05,965 [INFO] [MainThread] [root/controller.py:21]: Reloading Application because of config change.
2026-08-26 09:23:06,067 [INFO] [MainThread] [cli_server/cli_server.py:114]: Log pipe server stopped
2026-08-26 09:23:06,069 [INFO] [MainThread] [root/bar_manager.py:93]: Successfully loaded updated config and re-initialised all bars.
2026-08-26 09:23:06,102 [INFO] [MainThread] [root/bar_manager.py:111]: Stopping HotkeyListener...
2026-08-26 09:23:06,109 [INFO] [MainThread] [root/bar_manager.py:119]: Stopping SystemEventListener...
2026-08-26 09:23:06,117 [INFO] [MainThread] [root/bar_manager.py:119]: Stopping KomorebiEventListener...
2026-08-26 09:23:06,541 [INFO] [MainThread] [root/log.py:104]: YASB v2.0.6
2026-08-26 09:23:06,541 [INFO] [CLIPipeServer] [cli_server/cli_server.py:216]: CLI server started v1.1.7
2026-08-26 09:23:06,541 [INFO] [MainThread] [cli_server/cli_server.py:106]: Log pipe server started
2026-08-26 09:23:06,925 [WARNING] [MainThread] [root/widget_builder.py:39]: No widget config could be found for widget 'media_lite
2026-08-26 09:23:06,935 [WARNING] [MainThread] [deprecation/deprecation.py:146]: [DEPRECATED] BrightnessConfig: 'hide_unsupported' - No longer supported and can be removed from the config.
2026-08-26 09:23:06,936 [INFO] [MainThread] [root/service.py:225]: BrightnessService started with 1 monitors
2026-08-26 09:23:06,981 [INFO] [MainThread] [root/service.py:52]: AudioOutputService starting...
2026-08-26 09:23:06,984 [INFO] [SystrayHook] [systray_hook/systray_hook.py:193]: Injecting into Explorer (PID: 4704)
2026-08-26 09:23:07,069 [INFO] [MainThread] [root/bar_manager.py:238]: Starting HotkeyListener...
2026-08-26 09:23:07,069 [INFO] [MainThread] [root/bar_manager.py:103]: Starting SystemEventListener...
2026-08-26 09:23:07,070 [INFO] [MainThread] [root/bar_manager.py:103]: Starting KomorebiEventListener...
2026-08-26 09:23:07,070 [ERROR] [MainThread] [root/widget_builder.py:100]: Failed to add undefined widget(s)  - The widget "media_lite" is undefined.
2026-08-26 09:23:07,075 [INFO] [Dummy-12] [root/event_listener.py:54]: Created named pipe yasb-eda83b3c-a0db-11f1-8465-c424d5661522
2026-08-26 09:23:07,093 [INFO] [MainThread] [root/watcher.py:65]: Watching directory: c:\users\gojia\.config\yasb
2026-08-26 09:23:07,093 [INFO] [MainThread] [root/watcher.py:104]: Created file watcher
2026-08-26 09:23:07,117 [INFO] [MainThread] [root/update_service.py:434]: Background update checker started
2026-08-26 09:23:07,157 [INFO] [Dummy-12] [root/event_listener.py:147]: Komorebi connected to named pipe: yasb-eda83b3c-a0db-11f1-8465-c424d5661522
2026-08-26 09:23:25,954 [INFO] [MainThread] [root/controller.py:21]: Reloading Application because of config change.
2026-08-26 09:23:26,069 [INFO] [MainThread] [cli_server/cli_server.py:114]: Log pipe server stopped
2026-08-26 09:23:26,071 [INFO] [MainThread] [root/bar_manager.py:93]: Successfully loaded updated config and re-initialised all bars.
2026-08-26 09:23:26,105 [INFO] [MainThread] [root/bar_manager.py:111]: Stopping HotkeyListener...
2026-08-26 09:23:26,110 [INFO] [MainThread] [root/bar_manager.py:119]: Stopping SystemEventListener...
2026-08-26 09:23:26,116 [INFO] [MainThread] [root/bar_manager.py:119]: Stopping KomorebiEventListener...
2026-08-26 09:23:26,548 [INFO] [MainThread] [root/log.py:104]: YASB v2.0.6
2026-08-26 09:23:26,548 [INFO] [CLIPipeServer] [cli_server/cli_server.py:216]: CLI server started v1.1.7
2026-08-26 09:23:26,549 [INFO] [MainThread] [cli_server/cli_server.py:106]: Log pipe server started
2026-08-26 09:23:26,984 [WARNING] [MainThread] [deprecation/deprecation.py:146]: [DEPRECATED] BrightnessConfig: 'hide_unsupported' - No longer supported and can be removed from the config.
2026-08-26 09:23:26,985 [INFO] [MainThread] [root/service.py:225]: BrightnessService started with 1 monitors
2026-08-26 09:23:26,986 [INFO] [SystrayHook] [systray_hook/systray_hook.py:193]: Injecting into Explorer (PID: 4704)
2026-08-26 09:23:27,011 [INFO] [MainThread] [root/service.py:52]: AudioOutputService starting...
2026-08-26 09:23:27,084 [INFO] [MainThread] [root/bar_manager.py:238]: Starting HotkeyListener...
2026-08-26 09:23:27,084 [INFO] [MainThread] [root/bar_manager.py:103]: Starting SystemEventListener...
2026-08-26 09:23:27,084 [INFO] [MainThread] [root/bar_manager.py:103]: Starting KomorebiEventListener...
2026-08-26 09:23:27,086 [INFO] [MainThread] [root/watcher.py:65]: Watching directory: c:\users\gojia\.config\yasb
2026-08-26 09:23:27,086 [INFO] [MainThread] [root/watcher.py:104]: Created file watcher
2026-08-26 09:23:27,120 [INFO] [Dummy-14] [root/event_listener.py:54]: Created named pipe yasb-f99638d7-a0db-11f1-8efe-c424d5661522
2026-08-26 09:23:27,125 [INFO] [MainThread] [root/update_service.py:434]: Background update checker started
2026-08-26 09:23:27,222 [INFO] [Dummy-14] [root/event_listener.py:147]: Komorebi connected to named pipe: yasb-f99638d7-a0db-11f1-8efe-c424d5661522
2026-08-26 09:24:52,404 [ERROR] [MainThread] [root/config.py:99]: The config file 'C:\Users\gojia\.config\yasb\config.yaml' contains validation errors. Please fix:
widgets:
  media:
    str:
    - Input should be a valid string
    dict[str,any]:
    - Input should be a valid dictionary

2026-08-26 09:24:59,731 [ERROR] [MainThread] [root/config.py:99]: The config file 'C:\Users\gojia\.config\yasb\config.yaml' contains validation errors. Please fix:
widgets:
  media:
    str:
    - Input should be a valid string
    dict[str,any]:
    - Input should be a valid dictionary

2026-08-26 09:25:15,025 [INFO] [MainThread] [root/controller.py:21]: Reloading Application because of config change.
2026-08-26 09:25:15,140 [INFO] [MainThread] [cli_server/cli_server.py:114]: Log pipe server stopped
2026-08-26 09:25:15,142 [INFO] [MainThread] [root/bar_manager.py:93]: Successfully loaded updated config and re-initialised all bars.
2026-08-26 09:25:15,169 [INFO] [MainThread] [root/bar_manager.py:111]: Stopping HotkeyListener...
2026-08-26 09:25:15,175 [INFO] [MainThread] [root/bar_manager.py:119]: Stopping SystemEventListener...
2026-08-26 09:25:15,184 [INFO] [MainThread] [root/bar_manager.py:119]: Stopping KomorebiEventListener...
2026-08-26 09:25:15,607 [INFO] [MainThread] [root/log.py:104]: YASB v2.0.6
2026-08-26 09:25:15,607 [INFO] [CLIPipeServer] [cli_server/cli_server.py:216]: CLI server started v1.1.7
2026-08-26 09:25:15,608 [INFO] [MainThread] [cli_server/cli_server.py:106]: Log pipe server started
2026-08-26 09:25:16,040 [INFO] [SystrayHook] [systray_hook/systray_hook.py:193]: Injecting into Explorer (PID: 4704)
2026-08-26 09:25:16,072 [WARNING] [MainThread] [deprecation/deprecation.py:146]: [DEPRECATED] BrightnessConfig: 'hide_unsupported' - No longer supported and can be removed from the config.
2026-08-26 09:25:16,072 [INFO] [MainThread] [root/service.py:225]: BrightnessService started with 1 monitors
2026-08-26 09:25:16,094 [INFO] [MainThread] [root/service.py:52]: AudioOutputService starting...
2026-08-26 09:25:16,168 [INFO] [MainThread] [root/bar_manager.py:238]: Starting HotkeyListener...
2026-08-26 09:25:16,168 [INFO] [MainThread] [root/bar_manager.py:103]: Starting KomorebiEventListener...
2026-08-26 09:25:16,168 [INFO] [MainThread] [root/bar_manager.py:103]: Starting SystemEventListener...
2026-08-26 09:25:16,169 [INFO] [MainThread] [root/watcher.py:65]: Watching directory: c:\users\gojia\.config\yasb
2026-08-26 09:25:16,169 [INFO] [MainThread] [root/watcher.py:104]: Created file watcher
2026-08-26 09:25:16,195 [INFO] [Dummy-13] [root/event_listener.py:54]: Created named pipe yasb-3a9b0e35-a0dc-11f1-8276-c424d5661522
2026-08-26 09:25:16,200 [INFO] [MainThread] [root/update_service.py:434]: Background update checker started
2026-08-26 09:25:16,266 [INFO] [Dummy-13] [root/event_listener.py:147]: Komorebi connected to named pipe: yasb-3a9b0e35-a0dc-11f1-8276-c424d5661522
2026-08-26 09:25:23,136 [ERROR] [MainThread] [MediaWidget/media.py:937]: Error creating corner mask, return default thumb: y1 must be greater than or equal to y0
2026-08-26 09:25:23,947 [ERROR] [MainThread] [MediaWidget/media.py:937]: Error creating corner mask, return default thumb: y1 must be greater than or equal to y0
2026-08-26 09:25:24,609 [ERROR] [MainThread] [MediaWidget/media.py:937]: Error creating corner mask, return default thumb: y1 must be greater than or equal to y0
2026-08-26 09:25:26,135 [ERROR] [MainThread] [MediaWidget/media.py:937]: Error creating corner mask, return default thumb: y1 must be greater than or equal to y0
2026-08-26 09:25:26,509 [ERROR] [MainThread] [MediaWidget/media.py:937]: Error creating corner mask, return default thumb: y1 must be greater than or equal to y0
2026-08-26 09:25:51,431 [ERROR] [MainThread] [root/config.py:99]: The config file 'C:\Users\gojia\.config\yasb\config.yaml' contains validation errors. Please fix:
widgets:
  media_lite:
    str:
    - Input should be a valid string
    dict[str,any]:
    - Input should be a valid dictionary

2026-08-26 09:26:05,176 [INFO] [MainThread] [root/controller.py:21]: Reloading Application because of config change.
2026-08-26 09:26:05,282 [INFO] [MainThread] [cli_server/cli_server.py:114]: Log pipe server stopped
2026-08-26 09:26:05,285 [INFO] [MainThread] [root/bar_manager.py:93]: Successfully loaded updated config and re-initialised all bars.
2026-08-26 09:26:05,314 [INFO] [MainThread] [root/bar_manager.py:111]: Stopping HotkeyListener...
2026-08-26 09:26:05,319 [INFO] [MainThread] [root/bar_manager.py:119]: Stopping KomorebiEventListener...
2026-08-26 09:26:05,323 [INFO] [MainThread] [root/bar_manager.py:119]: Stopping SystemEventListener...
2026-08-26 09:26:05,746 [INFO] [MainThread] [root/log.py:104]: YASB v2.0.6
2026-08-26 09:26:05,746 [INFO] [CLIPipeServer] [cli_server/cli_server.py:216]: CLI server started v1.1.7
2026-08-26 09:26:05,746 [INFO] [MainThread] [cli_server/cli_server.py:106]: Log pipe server started
2026-08-26 09:26:06,180 [INFO] [SystrayHook] [systray_hook/systray_hook.py:193]: Injecting into Explorer (PID: 4704)
2026-08-26 09:26:06,181 [WARNING] [MainThread] [deprecation/deprecation.py:146]: [DEPRECATED] BrightnessConfig: 'hide_unsupported' - No longer supported and can be removed from the config.
2026-08-26 09:26:06,181 [INFO] [MainThread] [root/service.py:225]: BrightnessService started with 1 monitors
2026-08-26 09:26:06,205 [INFO] [MainThread] [root/service.py:52]: AudioOutputService starting...
2026-08-26 09:26:06,275 [INFO] [MainThread] [root/bar_manager.py:238]: Starting HotkeyListener...
2026-08-26 09:26:06,275 [INFO] [MainThread] [root/bar_manager.py:103]: Starting SystemEventListener...
2026-08-26 09:26:06,276 [INFO] [MainThread] [root/bar_manager.py:103]: Starting KomorebiEventListener...
2026-08-26 09:26:06,277 [INFO] [MainThread] [root/watcher.py:65]: Watching directory: c:\users\gojia\.config\yasb
2026-08-26 09:26:06,277 [INFO] [MainThread] [root/watcher.py:104]: Created file watcher
2026-08-26 09:26:06,304 [INFO] [Dummy-14] [root/event_listener.py:54]: Created named pipe yasb-5878e326-a0dc-11f1-825e-c424d5661522
2026-08-26 09:26:06,307 [INFO] [MainThread] [root/update_service.py:434]: Background update checker started
2026-08-26 09:26:06,392 [INFO] [Dummy-14] [root/event_listener.py:147]: Komorebi connected to named pipe: yasb-5878e326-a0dc-11f1-825e-c424d5661522
2026-08-26 09:26:15,897 [INFO] [MainThread] [root/controller.py:21]: Reloading Application because of config change.
2026-08-26 09:26:16,011 [INFO] [MainThread] [cli_server/cli_server.py:114]: Log pipe server stopped
2026-08-26 09:26:16,014 [INFO] [MainThread] [root/bar_manager.py:93]: Successfully loaded updated config and re-initialised all bars.
2026-08-26 09:26:16,043 [INFO] [MainThread] [root/bar_manager.py:111]: Stopping HotkeyListener...
2026-08-26 09:26:16,047 [INFO] [MainThread] [root/bar_manager.py:119]: Stopping SystemEventListener...
2026-08-26 09:26:16,055 [INFO] [MainThread] [root/bar_manager.py:119]: Stopping KomorebiEventListener...
2026-08-26 09:26:16,456 [INFO] [MainThread] [root/log.py:104]: YASB v2.0.6
2026-08-26 09:26:16,457 [INFO] [CLIPipeServer] [cli_server/cli_server.py:216]: CLI server started v1.1.7
2026-08-26 09:26:16,457 [INFO] [MainThread] [cli_server/cli_server.py:106]: Log pipe server started
2026-08-26 09:26:16,860 [WARNING] [MainThread] [deprecation/deprecation.py:146]: [DEPRECATED] BrightnessConfig: 'hide_unsupported' - No longer supported and can be removed from the config.
2026-08-26 09:26:16,860 [INFO] [MainThread] [root/service.py:225]: BrightnessService started with 1 monitors
2026-08-26 09:26:16,864 [INFO] [SystrayHook] [systray_hook/systray_hook.py:193]: Injecting into Explorer (PID: 4704)
2026-08-26 09:26:16,884 [INFO] [MainThread] [root/service.py:52]: AudioOutputService starting...
2026-08-26 09:26:16,956 [INFO] [MainThread] [root/bar_manager.py:238]: Starting HotkeyListener...
2026-08-26 09:26:16,956 [INFO] [MainThread] [root/bar_manager.py:103]: Starting KomorebiEventListener...
2026-08-26 09:26:16,956 [INFO] [MainThread] [root/bar_manager.py:103]: Starting SystemEventListener...
2026-08-26 09:26:16,956 [ERROR] [MainThread] [root/widget_builder.py:114]: Failed to validate widget(s) due to invalid options  - media_lite
      show_thumbnail:
      - Input should be a valid boolean, unable to interpret input
      
2026-08-26 09:26:16,961 [INFO] [Dummy-11] [root/event_listener.py:54]: Created named pipe yasb-5ed6952d-a0dc-11f1-b4f9-c424d5661522
2026-08-26 09:26:16,978 [INFO] [MainThread] [root/watcher.py:65]: Watching directory: c:\users\gojia\.config\yasb
2026-08-26 09:26:16,978 [INFO] [MainThread] [root/watcher.py:104]: Created file watcher
2026-08-26 09:26:16,994 [INFO] [MainThread] [root/update_service.py:434]: Background update checker started
2026-08-26 09:26:17,062 [INFO] [Dummy-11] [root/event_listener.py:147]: Komorebi connected to named pipe: yasb-5ed6952d-a0dc-11f1-b4f9-c424d5661522
2026-08-26 09:26:23,269 [INFO] [MainThread] [root/controller.py:21]: Reloading Application because of config change.
2026-08-26 09:26:23,379 [INFO] [MainThread] [cli_server/cli_server.py:114]: Log pipe server stopped
2026-08-26 09:26:23,382 [INFO] [MainThread] [root/bar_manager.py:93]: Successfully loaded updated config and re-initialised all bars.
2026-08-26 09:26:23,418 [INFO] [MainThread] [root/bar_manager.py:111]: Stopping HotkeyListener...
2026-08-26 09:26:23,420 [INFO] [MainThread] [root/bar_manager.py:119]: Stopping KomorebiEventListener...
2026-08-26 09:26:23,424 [INFO] [MainThread] [root/bar_manager.py:119]: Stopping SystemEventListener...
2026-08-26 09:26:23,836 [INFO] [MainThread] [root/log.py:104]: YASB v2.0.6
2026-08-26 09:26:23,836 [INFO] [CLIPipeServer] [cli_server/cli_server.py:216]: CLI server started v1.1.7
2026-08-26 09:26:23,836 [INFO] [MainThread] [cli_server/cli_server.py:106]: Log pipe server started
2026-08-26 09:26:24,271 [WARNING] [MainThread] [deprecation/deprecation.py:146]: [DEPRECATED] BrightnessConfig: 'hide_unsupported' - No longer supported and can be removed from the config.
2026-08-26 09:26:24,272 [INFO] [MainThread] [root/service.py:225]: BrightnessService started with 1 monitors
2026-08-26 09:26:24,273 [INFO] [SystrayHook] [systray_hook/systray_hook.py:193]: Injecting into Explorer (PID: 4704)
2026-08-26 09:26:24,294 [INFO] [MainThread] [root/service.py:52]: AudioOutputService starting...
2026-08-26 09:26:24,368 [INFO] [MainThread] [root/bar_manager.py:238]: Starting HotkeyListener...
2026-08-26 09:26:24,368 [INFO] [MainThread] [root/bar_manager.py:103]: Starting KomorebiEventListener...
2026-08-26 09:26:24,369 [INFO] [MainThread] [root/bar_manager.py:103]: Starting SystemEventListener...
2026-08-26 09:26:24,370 [INFO] [MainThread] [root/watcher.py:65]: Watching directory: c:\users\gojia\.config\yasb
2026-08-26 09:26:24,370 [INFO] [MainThread] [root/watcher.py:104]: Created file watcher
2026-08-26 09:26:24,402 [INFO] [Dummy-14] [root/event_listener.py:54]: Created named pipe yasb-63419e4c-a0dc-11f1-ae49-c424d5661522
2026-08-26 09:26:24,409 [INFO] [MainThread] [root/update_service.py:434]: Background update checker started
2026-08-26 09:26:24,485 [INFO] [Dummy-14] [root/event_listener.py:147]: Komorebi connected to named pipe: yasb-63419e4c-a0dc-11f1-ae49-c424d5661522
2026-08-26 09:27:08,539 [INFO] [MainThread] [root/controller.py:21]: Reloading Application because of config change.
2026-08-26 09:27:08,650 [INFO] [MainThread] [cli_server/cli_server.py:114]: Log pipe server stopped
2026-08-26 09:27:08,653 [INFO] [MainThread] [root/bar_manager.py:93]: Successfully loaded updated config and re-initialised all bars.
2026-08-26 09:27:08,688 [INFO] [MainThread] [root/bar_manager.py:111]: Stopping HotkeyListener...
2026-08-26 09:27:08,692 [INFO] [MainThread] [root/bar_manager.py:119]: Stopping KomorebiEventListener...
2026-08-26 09:27:08,694 [INFO] [MainThread] [root/bar_manager.py:119]: Stopping SystemEventListener...
2026-08-26 09:27:09,138 [INFO] [MainThread] [root/log.py:104]: YASB v2.0.6
2026-08-26 09:27:09,139 [INFO] [CLIPipeServer] [cli_server/cli_server.py:216]: CLI server started v1.1.7
2026-08-26 09:27:09,139 [INFO] [MainThread] [cli_server/cli_server.py:106]: Log pipe server started
2026-08-26 09:27:09,603 [WARNING] [MainThread] [deprecation/deprecation.py:146]: [DEPRECATED] BrightnessConfig: 'hide_unsupported' - No longer supported and can be removed from the config.
2026-08-26 09:27:09,603 [INFO] [MainThread] [root/service.py:225]: BrightnessService started with 1 monitors
2026-08-26 09:27:09,608 [INFO] [SystrayHook] [systray_hook/systray_hook.py:193]: Injecting into Explorer (PID: 4704)
2026-08-26 09:27:09,626 [INFO] [MainThread] [root/service.py:52]: AudioOutputService starting...
2026-08-26 09:27:09,701 [INFO] [MainThread] [root/bar_manager.py:238]: Starting HotkeyListener...
2026-08-26 09:27:09,701 [INFO] [MainThread] [root/bar_manager.py:103]: Starting KomorebiEventListener...
2026-08-26 09:27:09,701 [INFO] [MainThread] [root/bar_manager.py:103]: Starting SystemEventListener...
2026-08-26 09:27:09,702 [INFO] [MainThread] [root/watcher.py:65]: Watching directory: c:\users\gojia\.config\yasb
2026-08-26 09:27:09,702 [INFO] [MainThread] [root/watcher.py:104]: Created file watcher
2026-08-26 09:27:09,727 [INFO] [Dummy-14] [root/event_listener.py:54]: Created named pipe yasb-7e46cda0-a0dc-11f1-90e7-c424d5661522
2026-08-26 09:27:09,733 [INFO] [MainThread] [root/update_service.py:434]: Background update checker started
2026-08-26 09:27:09,810 [INFO] [Dummy-14] [root/event_listener.py:147]: Komorebi connected to named pipe: yasb-7e46cda0-a0dc-11f1-90e7-c424d5661522
2026-08-26 09:27:16,724 [INFO] [MainThread] [root/controller.py:21]: Reloading Application because of config change.
2026-08-26 09:27:16,837 [INFO] [MainThread] [cli_server/cli_server.py:114]: Log pipe server stopped
2026-08-26 09:27:16,839 [INFO] [MainThread] [root/bar_manager.py:93]: Successfully loaded updated config and re-initialised all bars.
2026-08-26 09:27:16,866 [INFO] [MainThread] [root/bar_manager.py:111]: Stopping HotkeyListener...
2026-08-26 09:27:16,870 [INFO] [MainThread] [root/bar_manager.py:119]: Stopping KomorebiEventListener...
2026-08-26 09:27:16,874 [INFO] [MainThread] [root/bar_manager.py:119]: Stopping SystemEventListener...
2026-08-26 09:27:17,307 [INFO] [MainThread] [root/log.py:104]: YASB v2.0.6
2026-08-26 09:27:17,307 [INFO] [CLIPipeServer] [cli_server/cli_server.py:216]: CLI server started v1.1.7
2026-08-26 09:27:17,307 [INFO] [MainThread] [cli_server/cli_server.py:106]: Log pipe server started
2026-08-26 09:27:17,739 [WARNING] [MainThread] [deprecation/deprecation.py:146]: [DEPRECATED] BrightnessConfig: 'hide_unsupported' - No longer supported and can be removed from the config.
2026-08-26 09:27:17,740 [INFO] [MainThread] [root/service.py:225]: BrightnessService started with 1 monitors
2026-08-26 09:27:17,743 [INFO] [SystrayHook] [systray_hook/systray_hook.py:193]: Injecting into Explorer (PID: 4704)
2026-08-26 09:27:17,765 [INFO] [MainThread] [root/service.py:52]: AudioOutputService starting...
2026-08-26 09:27:17,836 [INFO] [MainThread] [root/bar_manager.py:238]: Starting HotkeyListener...
2026-08-26 09:27:17,836 [INFO] [MainThread] [root/bar_manager.py:103]: Starting KomorebiEventListener...
2026-08-26 09:27:17,837 [INFO] [MainThread] [root/bar_manager.py:103]: Starting SystemEventListener...
2026-08-26 09:27:17,838 [INFO] [MainThread] [root/watcher.py:65]: Watching directory: c:\users\gojia\.config\yasb
2026-08-26 09:27:17,839 [INFO] [MainThread] [root/watcher.py:104]: Created file watcher
2026-08-26 09:27:17,845 [INFO] [Dummy-14] [root/event_listener.py:54]: Created named pipe yasb-8320292d-a0dc-11f1-b012-c424d5661522
2026-08-26 09:27:17,868 [INFO] [MainThread] [root/update_service.py:434]: Background update checker started
2026-08-26 09:27:17,933 [INFO] [Dummy-14] [root/event_listener.py:147]: Komorebi connected to named pipe: yasb-8320292d-a0dc-11f1-b012-c424d5661522
2026-08-26 09:27:25,981 [INFO] [MainThread] [root/controller.py:21]: Reloading Application because of config change.
2026-08-26 09:27:26,087 [INFO] [MainThread] [cli_server/cli_server.py:114]: Log pipe server stopped
2026-08-26 09:27:26,090 [INFO] [MainThread] [root/bar_manager.py:93]: Successfully loaded updated config and re-initialised all bars.
2026-08-26 09:27:26,119 [INFO] [MainThread] [root/bar_manager.py:111]: Stopping HotkeyListener...
2026-08-26 09:27:26,128 [INFO] [MainThread] [root/bar_manager.py:119]: Stopping KomorebiEventListener...
2026-08-26 09:27:26,131 [INFO] [MainThread] [root/bar_manager.py:119]: Stopping SystemEventListener...
2026-08-26 09:27:26,581 [INFO] [MainThread] [root/log.py:104]: YASB v2.0.6
2026-08-26 09:27:26,581 [INFO] [CLIPipeServer] [cli_server/cli_server.py:216]: CLI server started v1.1.7
2026-08-26 09:27:26,582 [INFO] [MainThread] [cli_server/cli_server.py:106]: Log pipe server started
2026-08-26 09:27:27,001 [WARNING] [MainThread] [deprecation/deprecation.py:146]: [DEPRECATED] BrightnessConfig: 'hide_unsupported' - No longer supported and can be removed from the config.
2026-08-26 09:27:27,002 [INFO] [MainThread] [root/service.py:225]: BrightnessService started with 1 monitors
2026-08-26 09:27:27,002 [INFO] [SystrayHook] [systray_hook/systray_hook.py:193]: Injecting into Explorer (PID: 4704)
2026-08-26 09:27:27,027 [INFO] [MainThread] [root/service.py:52]: AudioOutputService starting...
2026-08-26 09:27:27,099 [INFO] [MainThread] [root/bar_manager.py:238]: Starting HotkeyListener...
2026-08-26 09:27:27,099 [INFO] [MainThread] [root/bar_manager.py:103]: Starting SystemEventListener...
2026-08-26 09:27:27,099 [INFO] [MainThread] [root/bar_manager.py:103]: Starting KomorebiEventListener...
2026-08-26 09:27:27,101 [INFO] [MainThread] [root/watcher.py:65]: Watching directory: c:\users\gojia\.config\yasb
2026-08-26 09:27:27,101 [INFO] [MainThread] [root/watcher.py:104]: Created file watcher
2026-08-26 09:27:27,126 [INFO] [Dummy-14] [root/event_listener.py:54]: Created named pipe yasb-88a59763-a0dc-11f1-801b-c424d5661522
2026-08-26 09:27:27,129 [INFO] [MainThread] [root/update_service.py:434]: Background update checker started
2026-08-26 09:27:27,197 [INFO] [Dummy-14] [root/event_listener.py:147]: Komorebi connected to named pipe: yasb-88a59763-a0dc-11f1-801b-c424d5661522
2026-08-26 09:28:59,389 [INFO] [MainThread] [root/controller.py:21]: Reloading Application because of config change.
2026-08-26 09:28:59,491 [INFO] [MainThread] [cli_server/cli_server.py:114]: Log pipe server stopped
2026-08-26 09:28:59,494 [INFO] [MainThread] [root/bar_manager.py:93]: Successfully loaded updated config and re-initialised all bars.
2026-08-26 09:28:59,528 [INFO] [MainThread] [root/bar_manager.py:111]: Stopping HotkeyListener...
2026-08-26 09:28:59,532 [INFO] [MainThread] [root/bar_manager.py:119]: Stopping SystemEventListener...
2026-08-26 09:28:59,537 [INFO] [MainThread] [root/bar_manager.py:119]: Stopping KomorebiEventListener...
2026-08-26 09:28:59,957 [INFO] [MainThread] [root/log.py:104]: YASB v2.0.6
2026-08-26 09:28:59,957 [INFO] [CLIPipeServer] [cli_server/cli_server.py:216]: CLI server started v1.1.7
2026-08-26 09:28:59,957 [INFO] [MainThread] [cli_server/cli_server.py:106]: Log pipe server started
2026-08-26 09:29:00,375 [WARNING] [MainThread] [deprecation/deprecation.py:146]: [DEPRECATED] BrightnessConfig: 'hide_unsupported' - No longer supported and can be removed from the config.
2026-08-26 09:29:00,376 [INFO] [MainThread] [root/service.py:225]: BrightnessService started with 1 monitors
2026-08-26 09:29:00,380 [INFO] [SystrayHook] [systray_hook/systray_hook.py:193]: Injecting into Explorer (PID: 4704)
2026-08-26 09:29:00,401 [INFO] [MainThread] [root/service.py:52]: AudioOutputService starting...
2026-08-26 09:29:00,477 [INFO] [MainThread] [root/bar_manager.py:238]: Starting HotkeyListener...
2026-08-26 09:29:00,477 [INFO] [MainThread] [root/bar_manager.py:103]: Starting SystemEventListener...
2026-08-26 09:29:00,477 [INFO] [MainThread] [root/bar_manager.py:103]: Starting KomorebiEventListener...
2026-08-26 09:29:00,479 [INFO] [MainThread] [root/watcher.py:65]: Watching directory: c:\users\gojia\.config\yasb
2026-08-26 09:29:00,479 [INFO] [MainThread] [root/watcher.py:104]: Created file watcher
2026-08-26 09:29:00,500 [INFO] [Dummy-14] [root/event_listener.py:54]: Created named pipe yasb-c04de7ab-a0dc-11f1-b7a4-c424d5661522
2026-08-26 09:29:00,505 [INFO] [MainThread] [root/update_service.py:434]: Background update checker started
2026-08-26 09:29:00,568 [INFO] [Dummy-14] [root/event_listener.py:147]: Komorebi connected to named pipe: yasb-c04de7ab-a0dc-11f1-b7a4-c424d5661522
2026-08-26 11:29:53,730 [ERROR] [SystrayHook] [root/app_icons.py:285]: GetIconInfo failed: 289015887
2026-08-26 11:29:53,731 [ERROR] [SystrayHook] [root/app_icons.py:285]: GetIconInfo failed: 986411
2026-08-26 11:30:59,042 [ERROR] [SystrayHook] [root/app_icons.py:285]: GetIconInfo failed: 2100101
2026-08-26 11:30:59,042 [ERROR] [SystrayHook] [root/app_icons.py:285]: GetIconInfo failed: 111413281
2026-08-26 11:31:47,886 [ERROR] [SystrayHook] [root/app_icons.py:285]: GetIconInfo failed: 2231173
2026-08-26 11:31:47,886 [ERROR] [SystrayHook] [root/app_icons.py:285]: GetIconInfo failed: 77663123
2026-08-26 11:51:33,570 [ERROR] [SystrayHook] [root/app_icons.py:285]: GetIconInfo failed: 733481133
2026-08-26 12:06:05,377 [ERROR] [SystrayHook] [root/app_icons.py:285]: GetIconInfo failed: 19205049
2026-08-26 12:06:05,377 [ERROR] [SystrayHook] [root/app_icons.py:285]: GetIconInfo failed: 330958641
2026-08-26 12:06:05,377 [ERROR] [SystrayHook] [root/app_icons.py:285]: GetIconInfo failed: 19270585
2026-08-26 12:06:05,378 [ERROR] [SystrayHook] [root/app_icons.py:285]: GetIconInfo failed: 331024177
2026-08-26 12:06:05,378 [ERROR] [SystrayHook] [root/app_icons.py:285]: GetIconInfo failed: 19336121
2026-08-26 13:38:39,242 [ERROR] [Thread-24 (_run_after_command)] [root/wallpaper_manager.py:173]: error: 'wal' is not recognized as an internal or external command,
operable program or batch file.

2026-08-26 13:38:41,692 [ERROR] [Thread-29 (_run_after_command)] [root/wallpaper_manager.py:173]: error: 'wal' is not recognized as an internal or external command,
operable program or batch file.

2026-08-26 13:38:43,948 [ERROR] [Thread-34 (_run_after_command)] [root/wallpaper_manager.py:173]: error: 'wal' is not recognized as an internal or external command,
operable program or batch file.

2026-08-26 13:38:46,016 [ERROR] [Thread-39 (_run_after_command)] [root/wallpaper_manager.py:173]: error: 'wal' is not recognized as an internal or external command,
operable program or batch file.

2026-08-26 13:38:48,383 [ERROR] [Thread-44 (_run_after_command)] [root/wallpaper_manager.py:173]: error: 'wal' is not recognized as an internal or external command,
operable program or batch file.

2026-08-26 13:38:50,811 [ERROR] [Thread-49 (_run_after_command)] [root/wallpaper_manager.py:173]: error: 'wal' is not recognized as an internal or external command,
operable program or batch file.

2026-08-26 13:38:53,036 [ERROR] [Thread-54 (_run_after_command)] [root/wallpaper_manager.py:173]: error: 'wal' is not recognized as an internal or external command,
operable program or batch file.

2026-08-26 13:39:00,578 [ERROR] [Thread-59 (_run_after_command)] [root/wallpaper_manager.py:173]: error: 'wal' is not recognized as an internal or external command,
operable program or batch file.

2026-08-26 13:39:06,790 [ERROR] [Thread-64 (_run_after_command)] [root/wallpaper_manager.py:173]: error: 'wal' is not recognized as an internal or external command,
operable program or batch file.

2026-08-26 13:39:25,174 [ERROR] [Thread-69 (_run_after_command)] [root/wallpaper_manager.py:173]: error: 'wal' is not recognized as an internal or external command,
operable program or batch file.

2026-08-27 09:44:23,210 [INFO] [MainThread] [root/log.py:104]: YASB v2.0.6
2026-08-27 09:44:23,211 [INFO] [CLIPipeServer] [cli_server/cli_server.py:216]: CLI server started v1.1.7
2026-08-27 09:44:23,211 [INFO] [MainThread] [cli_server/cli_server.py:106]: Log pipe server started
2026-08-27 09:44:23,717 [WARNING] [MainThread] [deprecation/deprecation.py:146]: [DEPRECATED] BrightnessConfig: 'hide_unsupported' - No longer supported and can be removed from the config.
2026-08-27 09:44:23,718 [INFO] [MainThread] [root/service.py:225]: BrightnessService started with 1 monitors
2026-08-27 09:44:23,722 [INFO] [SystrayHook] [systray_hook/systray_hook.py:193]: Injecting into Explorer (PID: 4704)
2026-08-27 09:44:23,749 [INFO] [MainThread] [root/service.py:52]: AudioOutputService starting...
2026-08-27 09:44:23,867 [INFO] [MainThread] [root/bar_manager.py:238]: Starting HotkeyListener...
2026-08-27 09:44:23,867 [INFO] [MainThread] [root/bar_manager.py:103]: Starting SystemEventListener...
2026-08-27 09:44:23,867 [INFO] [MainThread] [root/bar_manager.py:103]: Starting KomorebiEventListener...
2026-08-27 09:44:23,869 [INFO] [MainThread] [root/watcher.py:65]: Watching directory: c:\users\gojia\.config\yasb
2026-08-27 09:44:23,870 [INFO] [MainThread] [root/watcher.py:104]: Created file watcher
2026-08-27 09:44:23,879 [INFO] [Dummy-13] [root/event_listener.py:54]: Created named pipe yasb-1119cbaf-a1a8-11f1-ae7a-c424d5661522
2026-08-27 09:44:23,912 [INFO] [MainThread] [root/update_service.py:434]: Background update checker started
2026-08-27 09:44:23,977 [INFO] [Dummy-13] [root/event_listener.py:147]: Komorebi connected to named pipe: yasb-1119cbaf-a1a8-11f1-ae7a-c424d5661522
Windows fatal exception: code 0x8001010e

Thread 0x00005b6c [KomorebiEventListener] (most recent call first):
  File "C:\hostedtoolcache\windows\Python\3.14.6\x64\Lib\threading.py", line 373 in wait
  File "C:\hostedtoolcache\windows\Python\3.14.6\x64\Lib\threading.py", line 670 in wait
  File "D:\a\yasb\yasb\src\core\widgets\services\komorebi\event_listener.py", line 75 in run

Thread 0x00001bbc [SystemEventListener] (most recent call first):
  File "D:\a\yasb\yasb\src\core\utils\win32\event_listener.py", line 69 in run

Thread 0x00002a0c [HotkeyListener] (most recent call first):
  File "D:\a\yasb\yasb\src\core\utils\win32\hotkeys.py", line 252 in run

Thread 0x0000615c [Thread-11] (most recent call first):
  File "C:\hostedtoolcache\windows\Python\3.14.6\x64\Lib\threading.py", line 369 in wait
  File "C:\hostedtoolcache\windows\Python\3.14.6\x64\Lib\queue.py", line 199 in get
  File "D:\a\yasb\yasb\venv\Lib\site-packages\watchdog\observers\api.py", line 379 in dispatch_events
  File "D:\a\yasb\yasb\venv\Lib\site-packages\watchdog\observers\api.py", line 213 in run
  File "C:\hostedtoolcache\windows\Python\3.14.6\x64\Lib\threading.py", line 1082 in _bootstrap_inner
  File "C:\hostedtoolcache\windows\Python\3.14.6\x64\Lib\threading.py", line 1044 in _bootstrap

Thread 0x0000610c [Thread-12] (most recent call first):
  File "D:\a\yasb\yasb\venv\Lib\site-packages\watchdog\observers\winapi.py", line 326 in read_directory_changes
  File "D:\a\yasb\yasb\venv\Lib\site-packages\watchdog\observers\winapi.py", line 380 in read_events
  File "D:\a\yasb\yasb\venv\Lib\site-packages\watchdog\observers\read_directory_changes.py", line 67 in _read_events
  File "D:\a\yasb\yasb\venv\Lib\site-packages\watchdog\observers\read_directory_changes.py", line 70 in queue_events
  File "D:\a\yasb\yasb\venv\Lib\site-packages\watchdog\observers\api.py", line 158 in run
  File "C:\hostedtoolcache\windows\Python\3.14.6\x64\Lib\threading.py", line 1082 in _bootstrap_inner
  File "C:\hostedtoolcache\windows\Python\3.14.6\x64\Lib\threading.py", line 1044 in _bootstrap

Thread 0x00000a00 [BrightnessDDCPoll] (most recent call first):
  File "C:\hostedtoolcache\windows\Python\3.14.6\x64\Lib\threading.py", line 373 in wait
  File "C:\hostedtoolcache\windows\Python\3.14.6\x64\Lib\threading.py", line 670 in wait
  File "D:\a\yasb\yasb\src\core\widgets\services\brightness\service.py", line 275 in _ddc_poll_loop
  File "C:\hostedtoolcache\windows\Python\3.14.6\x64\Lib\threading.py", line 1024 in run
  File "C:\hostedtoolcache\windows\Python\3.14.6\x64\Lib\threading.py", line 1082 in _bootstrap_inner
  File "C:\hostedtoolcache\windows\Python\3.14.6\x64\Lib\threading.py", line 1044 in _bootstrap

Thread 0x00004cf0 [BrightnessPolicy] (most recent call first):
  File "D:\a\yasb\yasb\src\core\widgets\services\brightness\service.py", line 315 in _policy_message_loop
  File "C:\hostedtoolcache\windows\Python\3.14.6\x64\Lib\threading.py", line 1024 in run
  File "C:\hostedtoolcache\windows\Python\3.14.6\x64\Lib\threading.py", line 1082 in _bootstrap_inner
  File "C:\hostedtoolcache\windows\Python\3.14.6\x64\Lib\threading.py", line 1044 in _bootstrap

Thread 0x00005370 [Thread-9 (process_audio)] (most recent call first):
  File "D:\a\yasb\yasb\src\core\widgets\yasb\cava.py", line 586 in process_audio
  File "C:\hostedtoolcache\windows\Python\3.14.6\x64\Lib\threading.py", line 1024 in run
  File "C:\hostedtoolcache\windows\Python\3.14.6\x64\Lib\threading.py", line 1082 in _bootstrap_inner
  File "C:\hostedtoolcache\windows\Python\3.14.6\x64\Lib\threading.py", line 1044 in _bootstrap

Thread 0x000053c0 [Thread-7 (_run)] (most recent call first):
  File "D:\a\yasb\yasb\src\core\widgets\services\recycle_bin\recycle_bin_monitor.py", line 464 in _run
  File "C:\hostedtoolcache\windows\Python\3.14.6\x64\Lib\threading.py", line 1024 in run
  File "C:\hostedtoolcache\windows\Python\3.14.6\x64\Lib\threading.py", line 1082 in _bootstrap_inner
  File "C:\hostedtoolcache\windows\Python\3.14.6\x64\Lib\threading.py", line 1044 in _bootstrap

Thread 0x00002d04 [Thread-6 (_run)] (most recent call first):
  File "D:\a\yasb\yasb\src\core\widgets\services\recycle_bin\recycle_bin_monitor.py", line 464 in _run
  File "C:\hostedtoolcache\windows\Python\3.14.6\x64\Lib\threading.py", line 1024 in run
  File "C:\hostedtoolcache\windows\Python\3.14.6\x64\Lib\threading.py", line 1082 in _bootstrap_inner
  File "C:\hostedtoolcache\windows\Python\3.14.6\x64\Lib\threading.py", line 1044 in _bootstrap

Thread 0x00004bc8 [Thread-5 (_run)] (most recent call first):
  File "D:\a\yasb\yasb\src\core\widgets\services\recycle_bin\recycle_bin_monitor.py", line 464 in _run
  File "C:\hostedtoolcache\windows\Python\3.14.6\x64\Lib\threading.py", line 1024 in run
  File "C:\hostedtoolcache\windows\Python\3.14.6\x64\Lib\threading.py", line 1082 in _bootstrap_inner
  File "C:\hostedtoolcache\windows\Python\3.14.6\x64\Lib\threading.py", line 1044 in _bootstrap

Thread 0x00003404 [BinInfoWorker] (most recent call first):
  File "C:\hostedtoolcache\windows\Python\3.14.6\x64\Lib\threading.py", line 369 in wait
  File "C:\hostedtoolcache\windows\Python\3.14.6\x64\Lib\threading.py", line 670 in wait
  File "D:\a\yasb\yasb\src\core\widgets\services\recycle_bin\recycle_bin_monitor.py", line 47 in run

Thread 0x00003148 [SystrayHook] (most recent call first):
  File "D:\a\yasb\yasb\src\core\widgets\services\systray\systray_hook.py", line 247 in run
  File "D:\a\yasb\yasb\src\core\widgets\yasb\systray.py", line 79 in run

Thread 0x000062c4 [MemoryWorker] (most recent call first):
  File "C:\hostedtoolcache\windows\Python\3.14.6\x64\Lib\threading.py", line 373 in wait
  File "C:\hostedtoolcache\windows\Python\3.14.6\x64\Lib\threading.py", line 670 in wait
  File "D:\a\yasb\yasb\src\core\widgets\services\memory\memory_api.py", line 247 in run

Thread 0x00001bdc [CpuWorker] (most recent call first):
  File "C:\hostedtoolcache\windows\Python\3.14.6\x64\Lib\threading.py", line 373 in wait
  File "C:\hostedtoolcache\windows\Python\3.14.6\x64\Lib\threading.py", line 670 in wait
  File "D:\a\yasb\yasb\src\core\widgets\services\cpu\cpu_api.py", line 343 in run

Thread 0x00005b00 [GpuWorker] (most recent call first):
  File "C:\hostedtoolcache\windows\Python\3.14.6\x64\Lib\threading.py", line 373 in wait
  File "C:\hostedtoolcache\windows\Python\3.14.6\x64\Lib\threading.py", line 670 in wait
  File "D:\a\yasb\yasb\src\core\widgets\services\gpu\gpu_api.py", line 546 in run

Thread 0x00004fcc [_EventWorker] (most recent call first):
  File "D:\a\yasb\yasb\venv\Lib\site-packages\qasync\_windows.py", line 147 in _poll
  File "D:\a\yasb\yasb\venv\Lib\site-packages\qasync\_windows.py", line 72 in select
  File "D:\a\yasb\yasb\venv\Lib\site-packages\qasync\_windows.py", line 199 in run

Thread 0x0000229c [LogPipeServer] (most recent call first):
  File "D:\a\yasb\yasb\src\core\utils\win32\bindings\kernel32.py", line 291 in ConnectNamedPipe
  File "D:\a\yasb\yasb\src\core\utils\cli_server.py", line 138 in _run_server
  File "C:\hostedtoolcache\windows\Python\3.14.6\x64\Lib\threading.py", line 1024 in run
  File "C:\hostedtoolcache\windows\Python\3.14.6\x64\Lib\threading.py", line 1082 in _bootstrap_inner
  File "C:\hostedtoolcache\windows\Python\3.14.6\x64\Lib\threading.py", line 1044 in _bootstrap

Thread 0x00005d98 [CLIPipeServer] (most recent call first):
  File "D:\a\yasb\yasb\src\core\utils\win32\bindings\kernel32.py", line 291 in ConnectNamedPipe
  File "D:\a\yasb\yasb\src\core\utils\cli_server.py", line 235 in _run_server
  File "C:\hostedtoolcache\windows\Python\3.14.6\x64\Lib\threading.py", line 1024 in run
  File "C:\hostedtoolcache\windows\Python\3.14.6\x64\Lib\threading.py", line 1082 in _bootstrap_inner
  File "C:\hostedtoolcache\windows\Python\3.14.6\x64\Lib\threading.py", line 1044 in _bootstrap

Current thread 0x00005f14 (most recent call first):
  File "D:\a\yasb\yasb\src\core\widgets\services\media\media.py", line 248 in _on_sessions_changed
  File "C:\hostedtoolcache\windows\Python\3.14.6\x64\Lib\asyncio\events.py", line 94 in _run
  File "D:\a\yasb\yasb\venv\Lib\site-packages\qasync\__init__.py", line 307 in timerEvent
  File "D:\a\yasb\yasb\venv\Lib\site-packages\qasync\__init__.py", line 404 in run_forever
  File "D:\a\yasb\yasb\venv\Lib\site-packages\qasync\__init__.py", line 428 in run_until_complete
  File "main.py", line 100 in main
  File "main.py", line 203 in <module>
  File "D:\a\yasb\yasb\venv\Lib\site-packages\freeze_core\initscripts\console.py", line 43 in run
  File "src/freeze_core/initscripts/__startup__.py", line 147 in run
Windows fatal exception: code 0x8001010e

Thread 0x00005b6c [KomorebiEventListener] (most recent call first):
  File "C:\hostedtoolcache\windows\Python\3.14.6\x64\Lib\threading.py", line 373 in wait
  File "C:\hostedtoolcache\windows\Python\3.14.6\x64\Lib\threading.py", line 670 in wait
  File "D:\a\yasb\yasb\src\core\widgets\services\komorebi\event_listener.py", line 75 in run

Thread 0x00001bbc [SystemEventListener] (most recent call first):
  File "D:\a\yasb\yasb\src\core\utils\win32\event_listener.py", line 69 in run

Thread 0x00002a0c [HotkeyListener] (most recent call first):
  File "D:\a\yasb\yasb\src\core\utils\win32\hotkeys.py", line 252 in run

Thread 0x0000615c [Thread-11] (most recent call first):
  File "C:\hostedtoolcache\windows\Python\3.14.6\x64\Lib\threading.py", line 369 in wait
  File "C:\hostedtoolcache\windows\Python\3.14.6\x64\Lib\queue.py", line 199 in get
  File "D:\a\yasb\yasb\venv\Lib\site-packages\watchdog\observers\api.py", line 379 in dispatch_events
  File "D:\a\yasb\yasb\venv\Lib\site-packages\watchdog\observers\api.py", line 213 in run
  File "C:\hostedtoolcache\windows\Python\3.14.6\x64\Lib\threading.py", line 1082 in _bootstrap_inner
  File "C:\hostedtoolcache\windows\Python\3.14.6\x64\Lib\threading.py", line 1044 in _bootstrap

Thread 0x0000610c [Thread-12] (most recent call first):
  File "D:\a\yasb\yasb\venv\Lib\site-packages\watchdog\observers\winapi.py", line 326 in read_directory_changes
  File "D:\a\yasb\yasb\venv\Lib\site-packages\watchdog\observers\winapi.py", line 380 in read_events
  File "D:\a\yasb\yasb\venv\Lib\site-packages\watchdog\observers\read_directory_changes.py", line 67 in _read_events
  File "D:\a\yasb\yasb\venv\Lib\site-packages\watchdog\observers\read_directory_changes.py", line 70 in queue_events
  File "D:\a\yasb\yasb\venv\Lib\site-packages\watchdog\observers\api.py", line 158 in run
  File "C:\hostedtoolcache\windows\Python\3.14.6\x64\Lib\threading.py", line 1082 in _bootstrap_inner
  File "C:\hostedtoolcache\windows\Python\3.14.6\x64\Lib\threading.py", line 1044 in _bootstrap

Thread 0x00000a00 [BrightnessDDCPoll] (most recent call first):
  File "C:\hostedtoolcache\windows\Python\3.14.6\x64\Lib\threading.py", line 373 in wait
  File "C:\hostedtoolcache\windows\Python\3.14.6\x64\Lib\threading.py", line 670 in wait
  File "D:\a\yasb\yasb\src\core\widgets\services\brightness\service.py", line 275 in _ddc_poll_loop
  File "C:\hostedtoolcache\windows\Python\3.14.6\x64\Lib\threading.py", line 1024 in run
  File "C:\hostedtoolcache\windows\Python\3.14.6\x64\Lib\threading.py", line 1082 in _bootstrap_inner
  File "C:\hostedtoolcache\windows\Python\3.14.6\x64\Lib\threading.py", line 1044 in _bootstrap

Thread 0x00004cf0 [BrightnessPolicy] (most recent call first):
  File "D:\a\yasb\yasb\src\core\widgets\services\brightness\service.py", line 315 in _policy_message_loop
  File "C:\hostedtoolcache\windows\Python\3.14.6\x64\Lib\threading.py", line 1024 in run
  File "C:\hostedtoolcache\windows\Python\3.14.6\x64\Lib\threading.py", line 1082 in _bootstrap_inner
  File "C:\hostedtoolcache\windows\Python\3.14.6\x64\Lib\threading.py", line 1044 in _bootstrap

Thread 0x00005370 [Thread-9 (process_audio)] (most recent call first):
  File "D:\a\yasb\yasb\src\core\widgets\yasb\cava.py", line 586 in process_audio
  File "C:\hostedtoolcache\windows\Python\3.14.6\x64\Lib\threading.py", line 1024 in run
  File "C:\hostedtoolcache\windows\Python\3.14.6\x64\Lib\threading.py", line 1082 in _bootstrap_inner
  File "C:\hostedtoolcache\windows\Python\3.14.6\x64\Lib\threading.py", line 1044 in _bootstrap

Thread 0x000053c0 [Thread-7 (_run)] (most recent call first):
  File "D:\a\yasb\yasb\src\core\widgets\services\recycle_bin\recycle_bin_monitor.py", line 464 in _run
  File "C:\hostedtoolcache\windows\Python\3.14.6\x64\Lib\threading.py", line 1024 in run
  File "C:\hostedtoolcache\windows\Python\3.14.6\x64\Lib\threading.py", line 1082 in _bootstrap_inner
  File "C:\hostedtoolcache\windows\Python\3.14.6\x64\Lib\threading.py", line 1044 in _bootstrap

Thread 0x00002d04 [Thread-6 (_run)] (most recent call first):
  File "D:\a\yasb\yasb\src\core\widgets\services\recycle_bin\recycle_bin_monitor.py", line 464 in _run
  File "C:\hostedtoolcache\windows\Python\3.14.6\x64\Lib\threading.py", line 1024 in run
  File "C:\hostedtoolcache\windows\Python\3.14.6\x64\Lib\threading.py", line 1082 in _bootstrap_inner
  File "C:\hostedtoolcache\windows\Python\3.14.6\x64\Lib\threading.py", line 1044 in _bootstrap

Thread 0x00004bc8 [Thread-5 (_run)] (most recent call first):
  File "D:\a\yasb\yasb\src\core\widgets\services\recycle_bin\recycle_bin_monitor.py", line 464 in _run
  File "C:\hostedtoolcache\windows\Python\3.14.6\x64\Lib\threading.py", line 1024 in run
  File "C:\hostedtoolcache\windows\Python\3.14.6\x64\Lib\threading.py", line 1082 in _bootstrap_inner
  File "C:\hostedtoolcache\windows\Python\3.14.6\x64\Lib\threading.py", line 1044 in _bootstrap

Thread 0x00003404 [BinInfoWorker] (most recent call first):
  File "C:\hostedtoolcache\windows\Python\3.14.6\x64\Lib\threading.py", line 369 in wait
  File "C:\hostedtoolcache\windows\Python\3.14.6\x64\Lib\threading.py", line 670 in wait
  File "D:\a\yasb\yasb\src\core\widgets\services\recycle_bin\recycle_bin_monitor.py", line 47 in run

Thread 0x00003148 [SystrayHook] (most recent call first):
  File "D:\a\yasb\yasb\src\core\widgets\services\systray\systray_hook.py", line 247 in run
  File "D:\a\yasb\yasb\src\core\widgets\yasb\systray.py", line 79 in run

Thread 0x000062c4 [MemoryWorker] (most recent call first):
  File "C:\hostedtoolcache\windows\Python\3.14.6\x64\Lib\threading.py", line 373 in wait
  File "C:\hostedtoolcache\windows\Python\3.14.6\x64\Lib\threading.py", line 670 in wait
  File "D:\a\yasb\yasb\src\core\widgets\services\memory\memory_api.py", line 247 in run

Thread 0x00001bdc [CpuWorker] (most recent call first):
  File "C:\hostedtoolcache\windows\Python\3.14.6\x64\Lib\threading.py", line 373 in wait
  File "C:\hostedtoolcache\windows\Python\3.14.6\x64\Lib\threading.py", line 670 in wait
  File "D:\a\yasb\yasb\src\core\widgets\services\cpu\cpu_api.py", line 343 in run

Thread 0x00005b00 [GpuWorker] (most recent call first):
  File "C:\hostedtoolcache\windows\Python\3.14.6\x64\Lib\threading.py", line 373 in wait
  File "C:\hostedtoolcache\windows\Python\3.14.6\x64\Lib\threading.py", line 670 in wait
  File "D:\a\yasb\yasb\src\core\widgets\services\gpu\gpu_api.py", line 546 in run

Thread 0x00004fcc [_EventWorker] (most recent call first):
  File "D:\a\yasb\yasb\venv\Lib\site-packages\qasync\_windows.py", line 147 in _poll
  File "D:\a\yasb\yasb\venv\Lib\site-packages\qasync\_windows.py", line 72 in select
  File "D:\a\yasb\yasb\venv\Lib\site-packages\qasync\_windows.py", line 199 in run

Thread 0x0000229c [LogPipeServer] (most recent call first):
  File "D:\a\yasb\yasb\src\core\utils\win32\bindings\kernel32.py", line 291 in ConnectNamedPipe
  File "D:\a\yasb\yasb\src\core\utils\cli_server.py", line 138 in _run_server
  File "C:\hostedtoolcache\windows\Python\3.14.6\x64\Lib\threading.py", line 1024 in run
  File "C:\hostedtoolcache\windows\Python\3.14.6\x64\Lib\threading.py", line 1082 in _bootstrap_inner
  File "C:\hostedtoolcache\windows\Python\3.14.6\x64\Lib\threading.py", line 1044 in _bootstrap

Thread 0x00005d98 [CLIPipeServer] (most recent call first):
  File "D:\a\yasb\yasb\src\core\utils\win32\bindings\kernel32.py", line 291 in ConnectNamedPipe
  File "D:\a\yasb\yasb\src\core\utils\cli_server.py", line 235 in _run_server
  File "C:\hostedtoolcache\windows\Python\3.14.6\x64\Lib\threading.py", line 1024 in run
  File "C:\hostedtoolcache\windows\Python\3.14.6\x64\Lib\threading.py", line 1082 in _bootstrap_inner
  File "C:\hostedtoolcache\windows\Python\3.14.6\x64\Lib\threading.py", line 1044 in _bootstrap

Current thread 0x00005f14 (most recent call first):
  File "D:\a\yasb\yasb\src\core\widgets\services\media\media.py", line 248 in _on_sessions_changed
  File "C:\hostedtoolcache\windows\Python\3.14.6\x64\Lib\asyncio\events.py", line 94 in _run
  File "D:\a\yasb\yasb\venv\Lib\site-packages\qasync\__init__.py", line 307 in timerEvent
  File "D:\a\yasb\yasb\venv\Lib\site-packages\qasync\__init__.py", line 404 in run_forever
  File "D:\a\yasb\yasb\venv\Lib\site-packages\qasync\__init__.py", line 428 in run_until_complete
  File "main.py", line 100 in main
  File "main.py", line 203 in <module>
  File "D:\a\yasb\yasb\venv\Lib\site-packages\freeze_core\initscripts\console.py", line 43 in run
  File "src/freeze_core/initscripts/__startup__.py", line 147 in run
Windows fatal exception: code 0x8001010e

Thread 0x00005b6c [KomorebiEventListener] (most recent call first):
  File "C:\hostedtoolcache\windows\Python\3.14.6\x64\Lib\threading.py", line 373 in wait
  File "C:\hostedtoolcache\windows\Python\3.14.6\x64\Lib\threading.py", line 670 in wait
  File "D:\a\yasb\yasb\src\core\widgets\services\komorebi\event_listener.py", line 75 in run

Thread 0x00001bbc [SystemEventListener] (most recent call first):
  File "D:\a\yasb\yasb\src\core\utils\win32\event_listener.py", line 69 in run

Thread 0x00002a0c [HotkeyListener] (most recent call first):
  File "D:\a\yasb\yasb\src\core\utils\win32\hotkeys.py", line 252 in run

Thread 0x0000615c [Thread-11] (most recent call first):
  File "C:\hostedtoolcache\windows\Python\3.14.6\x64\Lib\threading.py", line 369 in wait
  File "C:\hostedtoolcache\windows\Python\3.14.6\x64\Lib\queue.py", line 199 in get
  File "D:\a\yasb\yasb\venv\Lib\site-packages\watchdog\observers\api.py", line 379 in dispatch_events
  File "D:\a\yasb\yasb\venv\Lib\site-packages\watchdog\observers\api.py", line 213 in run
  File "C:\hostedtoolcache\windows\Python\3.14.6\x64\Lib\threading.py", line 1082 in _bootstrap_inner
  File "C:\hostedtoolcache\windows\Python\3.14.6\x64\Lib\threading.py", line 1044 in _bootstrap

Thread 0x0000610c [Thread-12] (most recent call first):
  File "D:\a\yasb\yasb\venv\Lib\site-packages\watchdog\observers\winapi.py", line 326 in read_directory_changes
  File "D:\a\yasb\yasb\venv\Lib\site-packages\watchdog\observers\winapi.py", line 380 in read_events
  File "D:\a\yasb\yasb\venv\Lib\site-packages\watchdog\observers\read_directory_changes.py", line 67 in _read_events
  File "D:\a\yasb\yasb\venv\Lib\site-packages\watchdog\observers\read_directory_changes.py", line 70 in queue_events
  File "D:\a\yasb\yasb\venv\Lib\site-packages\watchdog\observers\api.py", line 158 in run
  File "C:\hostedtoolcache\windows\Python\3.14.6\x64\Lib\threading.py", line 1082 in _bootstrap_inner
  File "C:\hostedtoolcache\windows\Python\3.14.6\x64\Lib\threading.py", line 1044 in _bootstrap

Thread 0x00000a00 [BrightnessDDCPoll] (most recent call first):
  File "C:\hostedtoolcache\windows\Python\3.14.6\x64\Lib\threading.py", line 373 in wait
  File "C:\hostedtoolcache\windows\Python\3.14.6\x64\Lib\threading.py", line 670 in wait
  File "D:\a\yasb\yasb\src\core\widgets\services\brightness\service.py", line 275 in _ddc_poll_loop
  File "C:\hostedtoolcache\windows\Python\3.14.6\x64\Lib\threading.py", line 1024 in run
  File "C:\hostedtoolcache\windows\Python\3.14.6\x64\Lib\threading.py", line 1082 in _bootstrap_inner
  File "C:\hostedtoolcache\windows\Python\3.14.6\x64\Lib\threading.py", line 1044 in _bootstrap

Thread 0x00004cf0 [BrightnessPolicy] (most recent call first):
  File "D:\a\yasb\yasb\src\core\widgets\services\brightness\service.py", line 315 in _policy_message_loop
  File "C:\hostedtoolcache\windows\Python\3.14.6\x64\Lib\threading.py", line 1024 in run
  File "C:\hostedtoolcache\windows\Python\3.14.6\x64\Lib\threading.py", line 1082 in _bootstrap_inner
  File "C:\hostedtoolcache\windows\Python\3.14.6\x64\Lib\threading.py", line 1044 in _bootstrap

Thread 0x00005370 [Thread-9 (process_audio)] (most recent call first):
  File "D:\a\yasb\yasb\src\core\widgets\yasb\cava.py", line 586 in process_audio
  File "C:\hostedtoolcache\windows\Python\3.14.6\x64\Lib\threading.py", line 1024 in run
  File "C:\hostedtoolcache\windows\Python\3.14.6\x64\Lib\threading.py", line 1082 in _bootstrap_inner
  File "C:\hostedtoolcache\windows\Python\3.14.6\x64\Lib\threading.py", line 1044 in _bootstrap

Thread 0x000053c0 [Thread-7 (_run)] (most recent call first):
  File "D:\a\yasb\yasb\src\core\widgets\services\recycle_bin\recycle_bin_monitor.py", line 464 in _run
  File "C:\hostedtoolcache\windows\Python\3.14.6\x64\Lib\threading.py", line 1024 in run
  File "C:\hostedtoolcache\windows\Python\3.14.6\x64\Lib\threading.py", line 1082 in _bootstrap_inner
  File "C:\hostedtoolcache\windows\Python\3.14.6\x64\Lib\threading.py", line 1044 in _bootstrap

Thread 0x00002d04 [Thread-6 (_run)] (most recent call first):
  File "D:\a\yasb\yasb\src\core\widgets\services\recycle_bin\recycle_bin_monitor.py", line 464 in _run
  File "C:\hostedtoolcache\windows\Python\3.14.6\x64\Lib\threading.py", line 1024 in run
  File "C:\hostedtoolcache\windows\Python\3.14.6\x64\Lib\threading.py", line 1082 in _bootstrap_inner
  File "C:\hostedtoolcache\windows\Python\3.14.6\x64\Lib\threading.py", line 1044 in _bootstrap

Thread 0x00004bc8 [Thread-5 (_run)] (most recent call first):
  File "D:\a\yasb\yasb\src\core\widgets\services\recycle_bin\recycle_bin_monitor.py", line 464 in _run
  File "C:\hostedtoolcache\windows\Python\3.14.6\x64\Lib\threading.py", line 1024 in run
  File "C:\hostedtoolcache\windows\Python\3.14.6\x64\Lib\threading.py", line 1082 in _bootstrap_inner
  File "C:\hostedtoolcache\windows\Python\3.14.6\x64\Lib\threading.py", line 1044 in _bootstrap

Thread 0x00003404 [BinInfoWorker] (most recent call first):
  File "C:\hostedtoolcache\windows\Python\3.14.6\x64\Lib\threading.py", line 369 in wait
  File "C:\hostedtoolcache\windows\Python\3.14.6\x64\Lib\threading.py", line 670 in wait
  File "D:\a\yasb\yasb\src\core\widgets\services\recycle_bin\recycle_bin_monitor.py", line 47 in run

Thread 0x00003148 [SystrayHook] (most recent call first):
  File "D:\a\yasb\yasb\src\core\widgets\services\systray\systray_hook.py", line 247 in run
  File "D:\a\yasb\yasb\src\core\widgets\yasb\systray.py", line 79 in run

Thread 0x000062c4 [MemoryWorker] (most recent call first):
  File "C:\hostedtoolcache\windows\Python\3.14.6\x64\Lib\threading.py", line 373 in wait
  File "C:\hostedtoolcache\windows\Python\3.14.6\x64\Lib\threading.py", line 670 in wait
  File "D:\a\yasb\yasb\src\core\widgets\services\memory\memory_api.py", line 247 in run

Thread 0x00001bdc [CpuWorker] (most recent call first):
  File "C:\hostedtoolcache\windows\Python\3.14.6\x64\Lib\threading.py", line 373 in wait
  File "C:\hostedtoolcache\windows\Python\3.14.6\x64\Lib\threading.py", line 670 in wait
  File "D:\a\yasb\yasb\src\core\widgets\services\cpu\cpu_api.py", line 343 in run

Thread 0x00005b00 [GpuWorker] (most recent call first):
  File "C:\hostedtoolcache\windows\Python\3.14.6\x64\Lib\threading.py", line 373 in wait
  File "C:\hostedtoolcache\windows\Python\3.14.6\x64\Lib\threading.py", line 670 in wait
  File "D:\a\yasb\yasb\src\core\widgets\services\gpu\gpu_api.py", line 546 in run

Thread 0x00004fcc [_EventWorker] (most recent call first):
  File "D:\a\yasb\yasb\venv\Lib\site-packages\qasync\_windows.py", line 147 in _poll
  File "D:\a\yasb\yasb\venv\Lib\site-packages\qasync\_windows.py", line 72 in select
  File "D:\a\yasb\yasb\venv\Lib\site-packages\qasync\_windows.py", line 199 in run

Thread 0x0000229c [LogPipeServer] (most recent call first):
  File "D:\a\yasb\yasb\src\core\utils\win32\bindings\kernel32.py", line 291 in ConnectNamedPipe
  File "D:\a\yasb\yasb\src\core\utils\cli_server.py", line 138 in _run_server
  File "C:\hostedtoolcache\windows\Python\3.14.6\x64\Lib\threading.py", line 1024 in run
  File "C:\hostedtoolcache\windows\Python\3.14.6\x64\Lib\threading.py", line 1082 in _bootstrap_inner
  File "C:\hostedtoolcache\windows\Python\3.14.6\x64\Lib\threading.py", line 1044 in _bootstrap

Thread 0x00005d98 [CLIPipeServer] (most recent call first):
  File "D:\a\yasb\yasb\src\core\utils\win32\bindings\kernel32.py", line 291 in ConnectNamedPipe
  File "D:\a\yasb\yasb\src\core\utils\cli_server.py", line 235 in _run_server
  File "C:\hostedtoolcache\windows\Python\3.14.6\x64\Lib\threading.py", line 1024 in run
  File "C:\hostedtoolcache\windows\Python\3.14.6\x64\Lib\threading.py", line 1082 in _bootstrap_inner
  File "C:\hostedtoolcache\windows\Python\3.14.6\x64\Lib\threading.py", line 1044 in _bootstrap

Current thread 0x00005f14 (most recent call first):
  File "D:\a\yasb\yasb\src\core\widgets\services\media\media.py", line 248 in _on_sessions_changed
  File "C:\hostedtoolcache\windows\Python\3.14.6\x64\Lib\asyncio\events.py", line 94 in _run
  File "D:\a\yasb\yasb\venv\Lib\site-packages\qasync\__init__.py", line 307 in timerEvent
  File "D:\a\yasb\yasb\venv\Lib\site-packages\qasync\__init__.py", line 404 in run_forever
  File "D:\a\yasb\yasb\venv\Lib\site-packages\qasync\__init__.py", line 428 in run_until_complete
  File "main.py", line 100 in main
  File "main.py", line 203 in <module>
  File "D:\a\yasb\yasb\venv\Lib\site-packages\freeze_core\initscripts\console.py", line 43 in run
  File "src/freeze_core/initscripts/__startup__.py", line 147 in run
Windows fatal exception: code 0x80010108

Thread 0x00004cc8 [Thread-35] (most recent call first):
  File "C:\hostedtoolcache\windows\Python\3.14.6\x64\Lib\threading.py", line 373 in wait
  File "C:\hostedtoolcache\windows\Python\3.14.6\x64\Lib\threading.py", line 670 in wait
  File "C:\hostedtoolcache\windows\Python\3.14.6\x64\Lib\threading.py", line 1383 in run
  File "C:\hostedtoolcache\windows\Python\3.14.6\x64\Lib\threading.py", line 1082 in _bootstrap_inner
  File "C:\hostedtoolcache\windows\Python\3.14.6\x64\Lib\threading.py", line 1044 in _bootstrap

Thread 0x00004c04 [EmptyBinThread] (most recent call first):
  File "D:\a\yasb\yasb\src\core\widgets\services\recycle_bin\recycle_bin_monitor.py", line 240 in empty_recycle_bin
  File "D:\a\yasb\yasb\src\core\widgets\services\recycle_bin\recycle_bin_monitor.py", line 96 in run

Thread 0x00005b6c [KomorebiEventListener] (most recent call first):
  File "C:\hostedtoolcache\windows\Python\3.14.6\x64\Lib\threading.py", line 373 in wait
  File "C:\hostedtoolcache\windows\Python\3.14.6\x64\Lib\threading.py", line 670 in wait
  File "D:\a\yasb\yasb\src\core\widgets\services\komorebi\event_listener.py", line 75 in run

Thread 0x00001bbc [SystemEventListener] (most recent call first):
  File "D:\a\yasb\yasb\src\core\utils\win32\event_listener.py", line 69 in run

Thread 0x00002a0c [HotkeyListener] (most recent call first):
  File "D:\a\yasb\yasb\src\core\utils\win32\hotkeys.py", line 252 in run

Thread 0x0000615c [Thread-11] (most recent call first):
  File "C:\hostedtoolcache\windows\Python\3.14.6\x64\Lib\threading.py", line 369 in wait
  File "C:\hostedtoolcache\windows\Python\3.14.6\x64\Lib\queue.py", line 199 in get
  File "D:\a\yasb\yasb\venv\Lib\site-packages\watchdog\observers\api.py", line 379 in dispatch_events
  File "D:\a\yasb\yasb\venv\Lib\site-packages\watchdog\observers\api.py", line 213 in run
  File "C:\hostedtoolcache\windows\Python\3.14.6\x64\Lib\threading.py", line 1082 in _bootstrap_inner
  File "C:\hostedtoolcache\windows\Python\3.14.6\x64\Lib\threading.py", line 1044 in _bootstrap

Thread 0x0000610c [Thread-12] (most recent call first):
  File "D:\a\yasb\yasb\venv\Lib\site-packages\watchdog\observers\winapi.py", line 326 in read_directory_changes
  File "D:\a\yasb\yasb\venv\Lib\site-packages\watchdog\observers\winapi.py", line 380 in read_events
  File "D:\a\yasb\yasb\venv\Lib\site-packages\watchdog\observers\read_directory_changes.py", line 67 in _read_events
  File "D:\a\yasb\yasb\venv\Lib\site-packages\watchdog\observers\read_directory_changes.py", line 70 in queue_events
  File "D:\a\yasb\yasb\venv\Lib\site-packages\watchdog\observers\api.py", line 158 in run
  File "C:\hostedtoolcache\windows\Python\3.14.6\x64\Lib\threading.py", line 1082 in _bootstrap_inner
  File "C:\hostedtoolcache\windows\Python\3.14.6\x64\Lib\threading.py", line 1044 in _bootstrap

Thread 0x00000a00 [BrightnessDDCPoll] (most recent call first):
  File "C:\hostedtoolcache\windows\Python\3.14.6\x64\Lib\threading.py", line 373 in wait
  File "C:\hostedtoolcache\windows\Python\3.14.6\x64\Lib\threading.py", line 670 in wait
  File "D:\a\yasb\yasb\src\core\widgets\services\brightness\service.py", line 275 in _ddc_poll_loop
  File "C:\hostedtoolcache\windows\Python\3.14.6\x64\Lib\threading.py", line 1024 in run
  File "C:\hostedtoolcache\windows\Python\3.14.6\x64\Lib\threading.py", line 1082 in _bootstrap_inner
  File "C:\hostedtoolcache\windows\Python\3.14.6\x64\Lib\threading.py", line 1044 in _bootstrap

Thread 0x00004cf0 [BrightnessPolicy] (most recent call first):
  File "D:\a\yasb\yasb\src\core\widgets\services\brightness\service.py", line 315 in _policy_message_loop
  File "C:\hostedtoolcache\windows\Python\3.14.6\x64\Lib\threading.py", line 1024 in run
  File "C:\hostedtoolcache\windows\Python\3.14.6\x64\Lib\threading.py", line 1082 in _bootstrap_inner
  File "C:\hostedtoolcache\windows\Python\3.14.6\x64\Lib\threading.py", line 1044 in _bootstrap

Thread 0x00005370 [Thread-9 (process_audio)] (most recent call first):
  File "D:\a\yasb\yasb\src\core\widgets\yasb\cava.py", line 586 in process_audio
  File "C:\hostedtoolcache\windows\Python\3.14.6\x64\Lib\threading.py", line 1024 in run
  File "C:\hostedtoolcache\windows\Python\3.14.6\x64\Lib\threading.py", line 1082 in _bootstrap_inner
  File "C:\hostedtoolcache\windows\Python\3.14.6\x64\Lib\threading.py", line 1044 in _bootstrap

Thread 0x000053c0 [Thread-7 (_run)] (most recent call first):
  File "D:\a\yasb\yasb\src\core\widgets\services\recycle_bin\recycle_bin_monitor.py", line 464 in _run
  File "C:\hostedtoolcache\windows\Python\3.14.6\x64\Lib\threading.py", line 1024 in run
  File "C:\hostedtoolcache\windows\Python\3.14.6\x64\Lib\threading.py", line 1082 in _bootstrap_inner
  File "C:\hostedtoolcache\windows\Python\3.14.6\x64\Lib\threading.py", line 1044 in _bootstrap

Thread 0x00002d04 [Thread-6 (_run)] (most recent call first):
  File "D:\a\yasb\yasb\src\core\widgets\services\recycle_bin\recycle_bin_monitor.py", line 464 in _run
  File "C:\hostedtoolcache\windows\Python\3.14.6\x64\Lib\threading.py", line 1024 in run
  File "C:\hostedtoolcache\windows\Python\3.14.6\x64\Lib\threading.py", line 1082 in _bootstrap_inner
  File "C:\hostedtoolcache\windows\Python\3.14.6\x64\Lib\threading.py", line 1044 in _bootstrap

Thread 0x00004bc8 [Thread-5 (_run)] (most recent call first):
  File "D:\a\yasb\yasb\src\core\widgets\services\recycle_bin\recycle_bin_monitor.py", line 464 in _run
  File "C:\hostedtoolcache\windows\Python\3.14.6\x64\Lib\threading.py", line 1024 in run
  File "C:\hostedtoolcache\windows\Python\3.14.6\x64\Lib\threading.py", line 1082 in _bootstrap_inner
  File "C:\hostedtoolcache\windows\Python\3.14.6\x64\Lib\threading.py", line 1044 in _bootstrap

Thread 0x00003404 [BinInfoWorker] (most recent call first):
  File "C:\hostedtoolcache\windows\Python\3.14.6\x64\Lib\threading.py", line 369 in wait
  File "C:\hostedtoolcache\windows\Python\3.14.6\x64\Lib\threading.py", line 670 in wait
  File "D:\a\yasb\yasb\src\core\widgets\services\recycle_bin\recycle_bin_monitor.py", line 47 in run

Thread 0x00003148 [SystrayHook] (most recent call first):
  File "D:\a\yasb\yasb\src\core\widgets\services\systray\systray_hook.py", line 247 in run
  File "D:\a\yasb\yasb\src\core\widgets\yasb\systray.py", line 79 in run

Thread 0x000062c4 [MemoryWorker] (most recent call first):
  File "C:\hostedtoolcache\windows\Python\3.14.6\x64\Lib\threading.py", line 373 in wait
  File "C:\hostedtoolcache\windows\Python\3.14.6\x64\Lib\threading.py", line 670 in wait
  File "D:\a\yasb\yasb\src\core\widgets\services\memory\memory_api.py", line 247 in run

Thread 0x00001bdc [CpuWorker] (most recent call first):
  File "C:\hostedtoolcache\windows\Python\3.14.6\x64\Lib\threading.py", line 373 in wait
  File "C:\hostedtoolcache\windows\Python\3.14.6\x64\Lib\threading.py", line 670 in wait
  File "D:\a\yasb\yasb\src\core\widgets\services\cpu\cpu_api.py", line 343 in run

Thread 0x00005b00 [GpuWorker] (most recent call first):
  File "C:\hostedtoolcache\windows\Python\3.14.6\x64\Lib\threading.py", line 373 in wait
  File "C:\hostedtoolcache\windows\Python\3.14.6\x64\Lib\threading.py", line 670 in wait
  File "D:\a\yasb\yasb\src\core\widgets\services\gpu\gpu_api.py", line 546 in run

Thread 0x00004fcc [_EventWorker] (most recent call first):
  File "D:\a\yasb\yasb\venv\Lib\site-packages\qasync\_windows.py", line 147 in _poll
  File "D:\a\yasb\yasb\venv\Lib\site-packages\qasync\_windows.py", line 72 in select
  File "D:\a\yasb\yasb\venv\Lib\site-packages\qasync\_windows.py", line 199 in run

Thread 0x0000229c [LogPipeServer] (most recent call first):
  File "D:\a\yasb\yasb\src\core\utils\win32\bindings\kernel32.py", line 291 in ConnectNamedPipe
  File "D:\a\yasb\yasb\src\core\utils\cli_server.py", line 138 in _run_server
  File "C:\hostedtoolcache\windows\Python\3.14.6\x64\Lib\threading.py", line 1024 in run
  File "C:\hostedtoolcache\windows\Python\3.14.6\x64\Lib\threading.py", line 1082 in _bootstrap_inner
  File "C:\hostedtoolcache\windows\Python\3.14.6\x64\Lib\threading.py", line 1044 in _bootstrap

Thread 0x00005d98 [CLIPipeServer] (most recent call first):
  File "D:\a\yasb\yasb\src\core\utils\win32\bindings\kernel32.py", line 291 in ConnectNamedPipe
  File "D:\a\yasb\yasb\src\core\utils\cli_server.py", line 235 in _run_server
  File "C:\hostedtoolcache\windows\Python\3.14.6\x64\Lib\threading.py", line 1024 in run
  File "C:\hostedtoolcache\windows\Python\3.14.6\x64\Lib\threading.py", line 1082 in _bootstrap_inner
  File "C:\hostedtoolcache\windows\Python\3.14.6\x64\Lib\threading.py", line 1044 in _bootstrap

Thread 0x00005f14 (most recent call first):
  File "D:\a\yasb\yasb\venv\Lib\site-packages\qasync\__init__.py", line 404 in run_forever
  File "D:\a\yasb\yasb\venv\Lib\site-packages\qasync\__init__.py", line 428 in run_until_complete
  File "main.py", line 100 in main
  File "main.py", line 203 in <module>
  File "D:\a\yasb\yasb\venv\Lib\site-packages\freeze_core\initscripts\console.py", line 43 in run
  File "src/freeze_core/initscripts/__startup__.py", line 147 in run
Windows fatal exception: code 0x80010108

Thread 0x00004cc8 [Thread-35] (most recent call first):
  File "C:\hostedtoolcache\windows\Python\3.14.6\x64\Lib\threading.py", line 373 in wait
  File "C:\hostedtoolcache\windows\Python\3.14.6\x64\Lib\threading.py", line 670 in wait
  File "C:\hostedtoolcache\windows\Python\3.14.6\x64\Lib\threading.py", line 1383 in run
  File "C:\hostedtoolcache\windows\Python\3.14.6\x64\Lib\threading.py", line 1082 in _bootstrap_inner
  File "C:\hostedtoolcache\windows\Python\3.14.6\x64\Lib\threading.py", line 1044 in _bootstrap

Thread 0x00004c04 [EmptyBinThread] (most recent call first):
  File "D:\a\yasb\yasb\src\core\widgets\services\recycle_bin\recycle_bin_monitor.py", line 240 in empty_recycle_bin
  File "D:\a\yasb\yasb\src\core\widgets\services\recycle_bin\recycle_bin_monitor.py", line 96 in run

Thread 0x00005b6c [KomorebiEventListener] (most recent call first):
  File "C:\hostedtoolcache\windows\Python\3.14.6\x64\Lib\threading.py", line 373 in wait
  File "C:\hostedtoolcache\windows\Python\3.14.6\x64\Lib\threading.py", line 670 in wait
  File "D:\a\yasb\yasb\src\core\widgets\services\komorebi\event_listener.py", line 75 in run

Thread 0x00001bbc [SystemEventListener] (most recent call first):
  File "D:\a\yasb\yasb\src\core\utils\win32\event_listener.py", line 69 in run

Thread 0x00002a0c [HotkeyListener] (most recent call first):
  File "D:\a\yasb\yasb\src\core\utils\win32\hotkeys.py", line 252 in run

Thread 0x0000615c [Thread-11] (most recent call first):
  File "C:\hostedtoolcache\windows\Python\3.14.6\x64\Lib\threading.py", line 369 in wait
  File "C:\hostedtoolcache\windows\Python\3.14.6\x64\Lib\queue.py", line 199 in get
  File "D:\a\yasb\yasb\venv\Lib\site-packages\watchdog\observers\api.py", line 379 in dispatch_events
  File "D:\a\yasb\yasb\venv\Lib\site-packages\watchdog\observers\api.py", line 213 in run
  File "C:\hostedtoolcache\windows\Python\3.14.6\x64\Lib\threading.py", line 1082 in _bootstrap_inner
  File "C:\hostedtoolcache\windows\Python\3.14.6\x64\Lib\threading.py", line 1044 in _bootstrap

Thread 0x0000610c [Thread-12] (most recent call first):
  File "D:\a\yasb\yasb\venv\Lib\site-packages\watchdog\observers\winapi.py", line 326 in read_directory_changes
  File "D:\a\yasb\yasb\venv\Lib\site-packages\watchdog\observers\winapi.py", line 380 in read_events
  File "D:\a\yasb\yasb\venv\Lib\site-packages\watchdog\observers\read_directory_changes.py", line 67 in _read_events
  File "D:\a\yasb\yasb\venv\Lib\site-packages\watchdog\observers\read_directory_changes.py", line 70 in queue_events
  File "D:\a\yasb\yasb\venv\Lib\site-packages\watchdog\observers\api.py", line 158 in run
  File "C:\hostedtoolcache\windows\Python\3.14.6\x64\Lib\threading.py", line 1082 in _bootstrap_inner
  File "C:\hostedtoolcache\windows\Python\3.14.6\x64\Lib\threading.py", line 1044 in _bootstrap

Thread 0x00000a00 [BrightnessDDCPoll] (most recent call first):
  File "C:\hostedtoolcache\windows\Python\3.14.6\x64\Lib\threading.py", line 373 in wait
  File "C:\hostedtoolcache\windows\Python\3.14.6\x64\Lib\threading.py", line 670 in wait
  File "D:\a\yasb\yasb\src\core\widgets\services\brightness\service.py", line 275 in _ddc_poll_loop
  File "C:\hostedtoolcache\windows\Python\3.14.6\x64\Lib\threading.py", line 1024 in run
  File "C:\hostedtoolcache\windows\Python\3.14.6\x64\Lib\threading.py", line 1082 in _bootstrap_inner
  File "C:\hostedtoolcache\windows\Python\3.14.6\x64\Lib\threading.py", line 1044 in _bootstrap

Thread 0x00004cf0 [BrightnessPolicy] (most recent call first):
  File "D:\a\yasb\yasb\src\core\widgets\services\brightness\service.py", line 315 in _policy_message_loop
  File "C:\hostedtoolcache\windows\Python\3.14.6\x64\Lib\threading.py", line 1024 in run
  File "C:\hostedtoolcache\windows\Python\3.14.6\x64\Lib\threading.py", line 1082 in _bootstrap_inner
  File "C:\hostedtoolcache\windows\Python\3.14.6\x64\Lib\threading.py", line 1044 in _bootstrap

Thread 0x00005370 [Thread-9 (process_audio)] (most recent call first):
  File "D:\a\yasb\yasb\src\core\widgets\yasb\cava.py", line 586 in process_audio
  File "C:\hostedtoolcache\windows\Python\3.14.6\x64\Lib\threading.py", line 1024 in run
  File "C:\hostedtoolcache\windows\Python\3.14.6\x64\Lib\threading.py", line 1082 in _bootstrap_inner
  File "C:\hostedtoolcache\windows\Python\3.14.6\x64\Lib\threading.py", line 1044 in _bootstrap

Thread 0x000053c0 [Thread-7 (_run)] (most recent call first):
  File "D:\a\yasb\yasb\src\core\widgets\services\recycle_bin\recycle_bin_monitor.py", line 464 in _run
  File "C:\hostedtoolcache\windows\Python\3.14.6\x64\Lib\threading.py", line 1024 in run
  File "C:\hostedtoolcache\windows\Python\3.14.6\x64\Lib\threading.py", line 1082 in _bootstrap_inner
  File "C:\hostedtoolcache\windows\Python\3.14.6\x64\Lib\threading.py", line 1044 in _bootstrap

Thread 0x00002d04 [Thread-6 (_run)] (most recent call first):
  File "D:\a\yasb\yasb\src\core\widgets\services\recycle_bin\recycle_bin_monitor.py", line 464 in _run
  File "C:\hostedtoolcache\windows\Python\3.14.6\x64\Lib\threading.py", line 1024 in run
  File "C:\hostedtoolcache\windows\Python\3.14.6\x64\Lib\threading.py", line 1082 in _bootstrap_inner
  File "C:\hostedtoolcache\windows\Python\3.14.6\x64\Lib\threading.py", line 1044 in _bootstrap

Thread 0x00004bc8 [Thread-5 (_run)] (most recent call first):
  File "D:\a\yasb\yasb\src\core\widgets\services\recycle_bin\recycle_bin_monitor.py", line 464 in _run
  File "C:\hostedtoolcache\windows\Python\3.14.6\x64\Lib\threading.py", line 1024 in run
  File "C:\hostedtoolcache\windows\Python\3.14.6\x64\Lib\threading.py", line 1082 in _bootstrap_inner
  File "C:\hostedtoolcache\windows\Python\3.14.6\x64\Lib\threading.py", line 1044 in _bootstrap

Thread 0x00003404 [BinInfoWorker] (most recent call first):
  File "C:\hostedtoolcache\windows\Python\3.14.6\x64\Lib\threading.py", line 369 in wait
  File "C:\hostedtoolcache\windows\Python\3.14.6\x64\Lib\threading.py", line 670 in wait
  File "D:\a\yasb\yasb\src\core\widgets\services\recycle_bin\recycle_bin_monitor.py", line 47 in run

Thread 0x00003148 [SystrayHook] (most recent call first):
  File "D:\a\yasb\yasb\src\core\widgets\services\systray\systray_hook.py", line 247 in run
  File "D:\a\yasb\yasb\src\core\widgets\yasb\systray.py", line 79 in run

Thread 0x000062c4 [MemoryWorker] (most recent call first):
  File "C:\hostedtoolcache\windows\Python\3.14.6\x64\Lib\threading.py", line 373 in wait
  File "C:\hostedtoolcache\windows\Python\3.14.6\x64\Lib\threading.py", line 670 in wait
  File "D:\a\yasb\yasb\src\core\widgets\services\memory\memory_api.py", line 247 in run

Thread 0x00001bdc [CpuWorker] (most recent call first):
  File "C:\hostedtoolcache\windows\Python\3.14.6\x64\Lib\threading.py", line 373 in wait
  File "C:\hostedtoolcache\windows\Python\3.14.6\x64\Lib\threading.py", line 670 in wait
  File "D:\a\yasb\yasb\src\core\widgets\services\cpu\cpu_api.py", line 343 in run

Thread 0x00005b00 [GpuWorker] (most recent call first):
  File "C:\hostedtoolcache\windows\Python\3.14.6\x64\Lib\threading.py", line 373 in wait
  File "C:\hostedtoolcache\windows\Python\3.14.6\x64\Lib\threading.py", line 670 in wait
  File "D:\a\yasb\yasb\src\core\widgets\services\gpu\gpu_api.py", line 546 in run

Thread 0x00004fcc [_EventWorker] (most recent call first):
  File "D:\a\yasb\yasb\venv\Lib\site-packages\qasync\_windows.py", line 147 in _poll
  File "D:\a\yasb\yasb\venv\Lib\site-packages\qasync\_windows.py", line 72 in select
  File "D:\a\yasb\yasb\venv\Lib\site-packages\qasync\_windows.py", line 199 in run

Thread 0x0000229c [LogPipeServer] (most recent call first):
  File "D:\a\yasb\yasb\src\core\utils\win32\bindings\kernel32.py", line 291 in ConnectNamedPipe
  File "D:\a\yasb\yasb\src\core\utils\cli_server.py", line 138 in _run_server
  File "C:\hostedtoolcache\windows\Python\3.14.6\x64\Lib\threading.py", line 1024 in run
  File "C:\hostedtoolcache\windows\Python\3.14.6\x64\Lib\threading.py", line 1082 in _bootstrap_inner
  File "C:\hostedtoolcache\windows\Python\3.14.6\x64\Lib\threading.py", line 1044 in _bootstrap

Thread 0x00005d98 [CLIPipeServer] (most recent call first):
  File "D:\a\yasb\yasb\src\core\utils\win32\bindings\kernel32.py", line 291 in ConnectNamedPipe
  File "D:\a\yasb\yasb\src\core\utils\cli_server.py", line 235 in _run_server
  File "C:\hostedtoolcache\windows\Python\3.14.6\x64\Lib\threading.py", line 1024 in run
  File "C:\hostedtoolcache\windows\Python\3.14.6\x64\Lib\threading.py", line 1082 in _bootstrap_inner
  File "C:\hostedtoolcache\windows\Python\3.14.6\x64\Lib\threading.py", line 1044 in _bootstrap

Thread 0x00005f14 (most recent call first):
  File "D:\a\yasb\yasb\venv\Lib\site-packages\qasync\__init__.py", line 404 in run_forever
  File "D:\a\yasb\yasb\venv\Lib\site-packages\qasync\__init__.py", line 428 in run_until_complete
  File "main.py", line 100 in main
  File "main.py", line 203 in <module>
  File "D:\a\yasb\yasb\venv\Lib\site-packages\freeze_core\initscripts\console.py", line 43 in run
  File "src/freeze_core/initscripts/__startup__.py", line 147 in run
2026-08-28 04:09:33,474 [INFO] [MainThread] [root/controller.py:21]: Reloading Application because of config change.
2026-08-28 04:09:33,588 [INFO] [MainThread] [cli_server/cli_server.py:114]: Log pipe server stopped
2026-08-28 04:09:33,598 [INFO] [MainThread] [root/bar_manager.py:93]: Successfully loaded updated config and re-initialised all bars.
2026-08-28 04:09:33,687 [INFO] [MainThread] [root/bar_manager.py:111]: Stopping HotkeyListener...
2026-08-28 04:09:33,699 [INFO] [MainThread] [root/bar_manager.py:119]: Stopping SystemEventListener...
2026-08-28 04:09:33,715 [INFO] [MainThread] [root/bar_manager.py:119]: Stopping KomorebiEventListener...
2026-08-28 04:09:34,174 [INFO] [MainThread] [root/log.py:104]: YASB v2.0.6
2026-08-28 04:09:34,175 [INFO] [CLIPipeServer] [cli_server/cli_server.py:216]: CLI server started v1.1.7
2026-08-28 04:09:34,175 [INFO] [MainThread] [cli_server/cli_server.py:106]: Log pipe server started
2026-08-28 04:09:35,105 [WARNING] [MainThread] [deprecation/deprecation.py:146]: [DEPRECATED] BrightnessConfig: 'hide_unsupported' - No longer supported and can be removed from the config.
2026-08-28 04:09:35,106 [INFO] [MainThread] [root/service.py:225]: BrightnessService started with 1 monitors
2026-08-28 04:09:35,111 [INFO] [SystrayHook] [systray_hook/systray_hook.py:193]: Injecting into Explorer (PID: 4704)
2026-08-28 04:09:35,135 [INFO] [MainThread] [root/service.py:52]: AudioOutputService starting...
2026-08-28 04:09:35,233 [INFO] [MainThread] [root/bar_manager.py:238]: Starting HotkeyListener...
2026-08-28 04:09:35,233 [INFO] [MainThread] [root/bar_manager.py:103]: Starting KomorebiEventListener...
2026-08-28 04:09:35,234 [INFO] [MainThread] [root/bar_manager.py:103]: Starting SystemEventListener...
2026-08-28 04:09:35,236 [INFO] [MainThread] [root/watcher.py:65]: Watching directory: c:\users\gojia\.config\yasb
2026-08-28 04:09:35,236 [INFO] [MainThread] [root/watcher.py:104]: Created file watcher
2026-08-28 04:09:35,305 [INFO] [Dummy-13] [root/event_listener.py:54]: Created named pipe yasb-75c15999-a242-11f1-8807-c424d5661522
2026-08-28 04:09:35,324 [INFO] [MainThread] [root/update_service.py:434]: Background update checker started
2026-08-28 04:09:35,432 [INFO] [Dummy-13] [root/event_listener.py:147]: Komorebi connected to named pipe: yasb-75c15999-a242-11f1-8807-c424d5661522
2026-08-28 04:09:36,997 [ERROR] [MainThread] [root/base.py:126]: Failed to execute callback of type 'fpilot' with args: ['open_bin']
Traceback (most recent call last):
  File "D:\a\yasb\yasb\src\core\widgets\base.py", line 124, in _run_callback
KeyError: 'fpilot'
2026-08-28 04:09:51,679 [ERROR] [MainThread] [root/base.py:126]: Failed to execute callback of type 'fpilot' with args: ['open_bin']
Traceback (most recent call last):
  File "D:\a\yasb\yasb\src\core\widgets\base.py", line 124, in _run_callback
KeyError: 'fpilot'
2026-08-28 04:09:54,004 [INFO] [MainThread] [root/controller.py:21]: Reloading Application because of config change.
2026-08-28 04:09:54,110 [INFO] [MainThread] [cli_server/cli_server.py:114]: Log pipe server stopped
2026-08-28 04:09:54,114 [INFO] [MainThread] [root/bar_manager.py:93]: Successfully loaded updated config and re-initialised all bars.
2026-08-28 04:09:54,161 [INFO] [MainThread] [root/bar_manager.py:111]: Stopping HotkeyListener...
2026-08-28 04:09:54,167 [INFO] [MainThread] [root/bar_manager.py:119]: Stopping KomorebiEventListener...
2026-08-28 04:09:54,171 [INFO] [MainThread] [root/bar_manager.py:119]: Stopping SystemEventListener...
2026-08-28 04:09:54,610 [INFO] [MainThread] [root/log.py:104]: YASB v2.0.6
2026-08-28 04:09:54,610 [INFO] [CLIPipeServer] [cli_server/cli_server.py:216]: CLI server started v1.1.7
2026-08-28 04:09:54,611 [INFO] [MainThread] [cli_server/cli_server.py:106]: Log pipe server started
2026-08-28 04:09:55,051 [WARNING] [MainThread] [deprecation/deprecation.py:146]: [DEPRECATED] BrightnessConfig: 'hide_unsupported' - No longer supported and can be removed from the config.
2026-08-28 04:09:55,052 [INFO] [MainThread] [root/service.py:225]: BrightnessService started with 1 monitors
2026-08-28 04:09:55,079 [INFO] [MainThread] [root/service.py:52]: AudioOutputService starting...
2026-08-28 04:09:55,082 [INFO] [SystrayHook] [systray_hook/systray_hook.py:193]: Injecting into Explorer (PID: 4704)
2026-08-28 04:09:55,168 [INFO] [MainThread] [root/bar_manager.py:238]: Starting HotkeyListener...
2026-08-28 04:09:55,168 [INFO] [MainThread] [root/bar_manager.py:103]: Starting KomorebiEventListener...
2026-08-28 04:09:55,168 [INFO] [MainThread] [root/bar_manager.py:103]: Starting SystemEventListener...
2026-08-28 04:09:55,171 [INFO] [MainThread] [root/watcher.py:65]: Watching directory: c:\users\gojia\.config\yasb
2026-08-28 04:09:55,171 [INFO] [MainThread] [root/watcher.py:104]: Created file watcher
2026-08-28 04:09:55,225 [INFO] [Dummy-13] [root/event_listener.py:54]: Created named pipe yasb-81a30ff8-a242-11f1-a1ec-c424d5661522
2026-08-28 04:09:55,235 [INFO] [MainThread] [root/update_service.py:434]: Background update checker started
2026-08-28 04:09:55,310 [INFO] [Dummy-13] [root/event_listener.py:147]: Komorebi connected to named pipe: yasb-81a30ff8-a242-11f1-a1ec-c424d5661522
2026-08-28 04:10:13,600 [ERROR] [MainThread] [root/bar_manager.py:80]: Error loading config: while scanning a double-quoted scalar
  in "C:\Users\gojia\.config\yasb\config.yaml", line 306, column 19
found unknown escape character '$'
  in "C:\Users\gojia\.config\yasb\config.yaml", line 306, column 23
2026-08-28 04:10:23,315 [ERROR] [MainThread] [root/bar_manager.py:80]: Error loading config: while scanning a double-quoted scalar
  in "C:\Users\gojia\.config\yasb\config.yaml", line 306, column 19
found unknown escape character '$'
  in "C:\Users\gojia\.config\yasb\config.yaml", line 306, column 30
2026-08-28 04:10:33,888 [INFO] [MainThread] [root/controller.py:21]: Reloading Bar from context menu...
2026-08-28 04:10:34,002 [INFO] [MainThread] [cli_server/cli_server.py:114]: Log pipe server stopped
2026-08-28 04:10:34,066 [INFO] [MainThread] [root/bar_manager.py:111]: Stopping HotkeyListener...
2026-08-28 04:10:34,072 [INFO] [MainThread] [root/bar_manager.py:119]: Stopping KomorebiEventListener...
2026-08-28 04:10:34,077 [INFO] [MainThread] [root/bar_manager.py:119]: Stopping SystemEventListener...
2026-08-28 04:10:34,469 [INFO] [MainThread] [root/log.py:104]: YASB v2.0.6
2026-08-28 04:10:34,470 [INFO] [CLIPipeServer] [cli_server/cli_server.py:216]: CLI server started v1.1.7
2026-08-28 04:10:34,470 [INFO] [MainThread] [cli_server/cli_server.py:106]: Log pipe server started
2026-08-28 04:10:34,564 [ERROR] [MainThread] [root/main.py:205]: Exception during application startup
Traceback (most recent call last):
  File "main.py", line 203, in <module>
  File "main.py", line 100, in main
  File "D:\a\yasb\yasb\venv\Lib\site-packages\qasync\__init__.py", line 438, in run_until_complete
  File "main.py", line 134, in main_async
  File "D:\a\yasb\yasb\src\core\config.py", line 144, in get_config_and_stylesheet
  File "D:\a\yasb\yasb\src\core\config.py", line 82, in get_config
  File "D:\a\yasb\yasb\venv\Lib\site-packages\yaml\__init__.py", line 125, in safe_load
  File "D:\a\yasb\yasb\venv\Lib\site-packages\yaml\__init__.py", line 81, in load
  File "D:\a\yasb\yasb\venv\Lib\site-packages\yaml\constructor.py", line 49, in get_single_data
  File "D:\a\yasb\yasb\venv\Lib\site-packages\yaml\composer.py", line 36, in get_single_node
  File "D:\a\yasb\yasb\venv\Lib\site-packages\yaml\composer.py", line 55, in compose_document
  File "D:\a\yasb\yasb\venv\Lib\site-packages\yaml\composer.py", line 84, in compose_node
  File "D:\a\yasb\yasb\venv\Lib\site-packages\yaml\composer.py", line 133, in compose_mapping_node
  File "D:\a\yasb\yasb\venv\Lib\site-packages\yaml\composer.py", line 84, in compose_node
  File "D:\a\yasb\yasb\venv\Lib\site-packages\yaml\composer.py", line 133, in compose_mapping_node
  File "D:\a\yasb\yasb\venv\Lib\site-packages\yaml\composer.py", line 84, in compose_node
  File "D:\a\yasb\yasb\venv\Lib\site-packages\yaml\composer.py", line 133, in compose_mapping_node
  File "D:\a\yasb\yasb\venv\Lib\site-packages\yaml\composer.py", line 84, in compose_node
  File "D:\a\yasb\yasb\venv\Lib\site-packages\yaml\composer.py", line 133, in compose_mapping_node
  File "D:\a\yasb\yasb\venv\Lib\site-packages\yaml\composer.py", line 84, in compose_node
  File "D:\a\yasb\yasb\venv\Lib\site-packages\yaml\composer.py", line 133, in compose_mapping_node
  File "D:\a\yasb\yasb\venv\Lib\site-packages\yaml\composer.py", line 64, in compose_node
  File "D:\a\yasb\yasb\venv\Lib\site-packages\yaml\parser.py", line 98, in check_event
  File "D:\a\yasb\yasb\venv\Lib\site-packages\yaml\parser.py", line 449, in parse_block_mapping_value
  File "D:\a\yasb\yasb\venv\Lib\site-packages\yaml\scanner.py", line 116, in check_token
  File "D:\a\yasb\yasb\venv\Lib\site-packages\yaml\scanner.py", line 251, in fetch_more_tokens
  File "D:\a\yasb\yasb\venv\Lib\site-packages\yaml\scanner.py", line 655, in fetch_double
  File "D:\a\yasb\yasb\venv\Lib\site-packages\yaml\scanner.py", line 666, in fetch_flow_scalar
  File "D:\a\yasb\yasb\venv\Lib\site-packages\yaml\scanner.py", line 1152, in scan_flow_scalar
  File "D:\a\yasb\yasb\venv\Lib\site-packages\yaml\scanner.py", line 1223, in scan_flow_scalar_non_spaces
yaml.scanner.ScannerError: while scanning a double-quoted scalar
  in "C:\Users\gojia\.config\yasb\config.yaml", line 306, column 19
found unknown escape character '$'
  in "C:\Users\gojia\.config\yasb\config.yaml", line 306, column 30
2026-08-28 04:10:47,219 [INFO] [MainThread] [root/log.py:104]: YASB v2.0.6
2026-08-28 04:10:47,220 [INFO] [CLIPipeServer] [cli_server/cli_server.py:216]: CLI server started v1.1.7
2026-08-28 04:10:47,220 [INFO] [MainThread] [cli_server/cli_server.py:106]: Log pipe server started
2026-08-28 04:10:47,627 [WARNING] [MainThread] [deprecation/deprecation.py:146]: [DEPRECATED] BrightnessConfig: 'hide_unsupported' - No longer supported and can be removed from the config.
2026-08-28 04:10:47,628 [INFO] [MainThread] [root/service.py:225]: BrightnessService started with 1 monitors
2026-08-28 04:10:47,651 [INFO] [MainThread] [root/service.py:52]: AudioOutputService starting...
2026-08-28 04:10:47,660 [INFO] [SystrayHook] [systray_hook/systray_hook.py:193]: Injecting into Explorer (PID: 4704)
2026-08-28 04:10:47,740 [INFO] [MainThread] [root/bar_manager.py:238]: Starting HotkeyListener...
2026-08-28 04:10:47,740 [INFO] [MainThread] [root/bar_manager.py:103]: Starting KomorebiEventListener...
2026-08-28 04:10:47,741 [INFO] [MainThread] [root/bar_manager.py:103]: Starting SystemEventListener...
2026-08-28 04:10:47,743 [INFO] [MainThread] [root/watcher.py:65]: Watching directory: c:\users\gojia\.config\yasb
2026-08-28 04:10:47,743 [INFO] [MainThread] [root/watcher.py:104]: Created file watcher
2026-08-28 04:10:47,788 [INFO] [Dummy-13] [root/event_listener.py:54]: Created named pipe yasb-a0f8f4fb-a242-11f1-b87d-c424d5661522
2026-08-28 04:10:47,801 [INFO] [MainThread] [root/update_service.py:434]: Background update checker started
2026-08-28 04:10:47,886 [INFO] [Dummy-13] [root/event_listener.py:147]: Komorebi connected to named pipe: yasb-a0f8f4fb-a242-11f1-b87d-c424d5661522
2026-08-28 04:10:50,154 [ERROR] [MainThread] [root/base.py:126]: Failed to execute callback of type 'fpilot' with args: ['$Recycle.Bin']
Traceback (most recent call last):
  File "D:\a\yasb\yasb\src\core\widgets\base.py", line 124, in _run_callback
KeyError: 'fpilot'
2026-08-28 04:10:50,788 [ERROR] [MainThread] [root/base.py:126]: Failed to execute callback of type 'fpilot' with args: ['$Recycle.Bin']
Traceback (most recent call last):
  File "D:\a\yasb\yasb\src\core\widgets\base.py", line 124, in _run_callback
KeyError: 'fpilot'
2026-08-28 04:10:51,002 [ERROR] [MainThread] [root/base.py:126]: Failed to execute callback of type 'fpilot' with args: ['$Recycle.Bin']
Traceback (most recent call last):
  File "D:\a\yasb\yasb\src\core\widgets\base.py", line 124, in _run_callback
KeyError: 'fpilot'
2026-08-28 04:10:58,324 [INFO] [MainThread] [root/controller.py:21]: Reloading Application because of config change.
2026-08-28 04:10:58,434 [INFO] [MainThread] [cli_server/cli_server.py:114]: Log pipe server stopped
2026-08-28 04:10:58,438 [INFO] [MainThread] [root/bar_manager.py:93]: Successfully loaded updated config and re-initialised all bars.
2026-08-28 04:10:58,488 [INFO] [MainThread] [root/bar_manager.py:111]: Stopping HotkeyListener...
2026-08-28 04:10:58,495 [INFO] [MainThread] [root/bar_manager.py:119]: Stopping KomorebiEventListener...
2026-08-28 04:10:58,501 [INFO] [MainThread] [root/bar_manager.py:119]: Stopping SystemEventListener...
2026-08-28 04:10:58,969 [INFO] [MainThread] [root/log.py:104]: YASB v2.0.6
2026-08-28 04:10:58,970 [INFO] [CLIPipeServer] [cli_server/cli_server.py:216]: CLI server started v1.1.7
2026-08-28 04:10:58,970 [INFO] [MainThread] [cli_server/cli_server.py:106]: Log pipe server started
2026-08-28 04:10:59,462 [WARNING] [MainThread] [deprecation/deprecation.py:146]: [DEPRECATED] BrightnessConfig: 'hide_unsupported' - No longer supported and can be removed from the config.
2026-08-28 04:10:59,463 [INFO] [MainThread] [root/service.py:225]: BrightnessService started with 1 monitors
2026-08-28 04:10:59,489 [INFO] [MainThread] [root/service.py:52]: AudioOutputService starting...
2026-08-28 04:10:59,496 [INFO] [SystrayHook] [systray_hook/systray_hook.py:193]: Injecting into Explorer (PID: 4704)
2026-08-28 04:10:59,584 [INFO] [MainThread] [root/bar_manager.py:238]: Starting HotkeyListener...
2026-08-28 04:10:59,584 [INFO] [MainThread] [root/bar_manager.py:103]: Starting KomorebiEventListener...
2026-08-28 04:10:59,584 [INFO] [MainThread] [root/bar_manager.py:103]: Starting SystemEventListener...
2026-08-28 04:10:59,586 [INFO] [MainThread] [root/watcher.py:65]: Watching directory: c:\users\gojia\.config\yasb
2026-08-28 04:10:59,586 [INFO] [MainThread] [root/watcher.py:104]: Created file watcher
2026-08-28 04:10:59,641 [INFO] [Dummy-13] [root/event_listener.py:54]: Created named pipe yasb-a8082f83-a242-11f1-a1a0-c424d5661522
2026-08-28 04:10:59,658 [INFO] [MainThread] [root/update_service.py:434]: Background update checker started
2026-08-28 04:10:59,737 [INFO] [Dummy-13] [root/event_listener.py:147]: Komorebi connected to named pipe: yasb-a8082f83-a242-11f1-a1a0-c424d5661522
2026-08-28 08:39:20,204 [INFO] [MainThread] [root/bar.py:153]: Screen geometry changed. Updating position for bar status-bar on screen LG ULTRAGEAR
2026-08-28 08:39:20,764 [INFO] [MainThread] [root/bar.py:153]: Screen geometry changed. Updating position for bar status-bar on screen LG ULTRAGEAR
2026-08-28 08:39:26,376 [INFO] [MainThread] [root/bar.py:153]: Screen geometry changed. Updating position for bar status-bar on screen LG ULTRAGEAR
2026-08-29 13:14:36,509 [ERROR] [Thread-40 (_run_after_command)] [root/wallpaper_manager.py:173]: error: 'wal' is not recognized as an internal or external command,
operable program or batch file.

2026-08-29 13:14:38,545 [ERROR] [Thread-45 (_run_after_command)] [root/wallpaper_manager.py:173]: error: 'wal' is not recognized as an internal or external command,
operable program or batch file.

2026-08-29 13:14:40,414 [ERROR] [Thread-50 (_run_after_command)] [root/wallpaper_manager.py:173]: error: 'wal' is not recognized as an internal or external command,
operable program or batch file.

2026-08-29 13:14:44,205 [ERROR] [Thread-55 (_run_after_command)] [root/wallpaper_manager.py:173]: error: 'wal' is not recognized as an internal or external command,
operable program or batch file.

2026-08-31 02:29:54,329 [ERROR] [Thread-69 (_run_after_command)] [root/wallpaper_manager.py:173]: error: 'wal' is not recognized as an internal or external command,
operable program or batch file.

2026-08-31 02:29:59,958 [ERROR] [Thread-74 (_run_after_command)] [root/wallpaper_manager.py:173]: error: 'wal' is not recognized as an internal or external command,
operable program or batch file.

2026-08-31 02:30:12,621 [ERROR] [Thread-79 (_run_after_command)] [root/wallpaper_manager.py:173]: error: 'wal' is not recognized as an internal or external command,
operable program or batch file.

2026-08-31 02:30:16,481 [ERROR] [Thread-84 (_run_after_command)] [root/wallpaper_manager.py:173]: error: 'wal' is not recognized as an internal or external command,
operable program or batch file.

2026-08-31 02:30:23,291 [ERROR] [Thread-89 (_run_after_command)] [root/wallpaper_manager.py:173]: error: 'wal' is not recognized as an internal or external command,
operable program or batch file.

2026-08-31 03:58:32,859 [INFO] [MainThread] [root/log.py:104]: YASB v2.0.6
2026-08-31 03:58:32,860 [INFO] [CLIPipeServer] [cli_server/cli_server.py:216]: CLI server started v1.1.7
2026-08-31 03:58:32,860 [INFO] [MainThread] [cli_server/cli_server.py:106]: Log pipe server started
2026-08-31 03:58:33,473 [INFO] [SystrayHook] [systray_hook/systray_hook.py:193]: Injecting into Explorer (PID: 1216)
2026-08-31 03:58:33,499 [WARNING] [MainThread] [deprecation/deprecation.py:146]: [DEPRECATED] BrightnessConfig: 'hide_unsupported' - No longer supported and can be removed from the config.
2026-08-31 03:58:33,500 [INFO] [MainThread] [root/service.py:225]: BrightnessService started with 1 monitors
2026-08-31 03:58:33,528 [INFO] [MainThread] [root/service.py:52]: AudioOutputService starting...
2026-08-31 03:58:33,619 [INFO] [MainThread] [root/bar_manager.py:238]: Starting HotkeyListener...
2026-08-31 03:58:33,619 [INFO] [MainThread] [root/bar_manager.py:103]: Starting KomorebiEventListener...
2026-08-31 03:58:33,619 [INFO] [MainThread] [root/bar_manager.py:103]: Starting SystemEventListener...
2026-08-31 03:58:33,621 [INFO] [MainThread] [root/watcher.py:65]: Watching directory: c:\users\gojia\.config\yasb
2026-08-31 03:58:33,621 [INFO] [MainThread] [root/watcher.py:104]: Created file watcher
2026-08-31 03:58:33,622 [INFO] [Dummy-14] [root/event_listener.py:54]: Created named pipe yasb-6aa42f52-a49c-11f1-85d5-92c9886c3ae0
2026-08-31 03:58:33,656 [INFO] [MainThread] [root/update_service.py:434]: Background update checker started
2026-08-31 03:58:33,729 [INFO] [Dummy-14] [root/event_listener.py:147]: Komorebi connected to named pipe: yasb-6aa42f52-a49c-11f1-85d5-92c9886c3ae0
2026-08-31 06:07:03,907 [INFO] [MainThread] [root/bar_manager.py:97]: Screens updated. Re-initialising all bars.
2026-08-31 06:07:03,910 [INFO] [MainThread] [root/controller.py:21]: Reloading Application because of screen update.
2026-08-31 06:07:04,011 [INFO] [MainThread] [cli_server/cli_server.py:114]: Log pipe server stopped
2026-08-31 06:07:04,116 [INFO] [MainThread] [root/bar_manager.py:111]: Stopping HotkeyListener...
2026-08-31 06:07:04,121 [INFO] [MainThread] [root/bar_manager.py:119]: Stopping KomorebiEventListener...
2026-08-31 06:07:04,127 [INFO] [MainThread] [root/bar_manager.py:119]: Stopping SystemEventListener...
2026-08-31 06:07:04,799 [INFO] [MainThread] [root/log.py:104]: YASB v2.0.6
2026-08-31 06:07:04,800 [INFO] [CLIPipeServer] [cli_server/cli_server.py:216]: CLI server started v1.1.7
2026-08-31 06:07:04,800 [INFO] [MainThread] [cli_server/cli_server.py:106]: Log pipe server started
2026-08-31 06:07:05,585 [INFO] [SystrayHook] [systray_hook/systray_hook.py:193]: Injecting into Explorer (PID: 1216)
2026-08-31 06:07:05,602 [WARNING] [MainThread] [deprecation/deprecation.py:146]: [DEPRECATED] BrightnessConfig: 'hide_unsupported' - No longer supported and can be removed from the config.
2026-08-31 06:07:05,603 [INFO] [MainThread] [root/service.py:225]: BrightnessService started with 2 monitors
2026-08-31 06:07:05,637 [INFO] [MainThread] [root/service.py:52]: AudioOutputService starting...
2026-08-31 06:07:05,831 [INFO] [MainThread] [root/bar_manager.py:238]: Starting HotkeyListener...
2026-08-31 06:07:05,831 [INFO] [MainThread] [root/bar_manager.py:103]: Starting KomorebiEventListener...
2026-08-31 06:07:05,831 [INFO] [MainThread] [root/bar_manager.py:103]: Starting SystemEventListener...
2026-08-31 06:07:05,832 [INFO] [Dummy-13] [root/event_listener.py:54]: Created named pipe yasb-5f7a6484-a4ae-11f1-8d91-92c9886c3ae0
2026-08-31 06:07:05,833 [INFO] [MainThread] [root/watcher.py:65]: Watching directory: c:\users\gojia\.config\yasb
2026-08-31 06:07:05,833 [INFO] [MainThread] [root/watcher.py:104]: Created file watcher
2026-08-31 06:07:05,858 [INFO] [MainThread] [root/update_service.py:434]: Background update checker started
2026-08-31 06:07:05,949 [INFO] [Dummy-13] [root/event_listener.py:147]: Komorebi connected to named pipe: yasb-5f7a6484-a4ae-11f1-8d91-92c9886c3ae0
2026-08-31 09:17:08,624 [INFO] [MainThread] [root/bar_manager.py:97]: Screens updated. Re-initialising all bars.
2026-08-31 09:17:08,629 [INFO] [MainThread] [root/controller.py:21]: Reloading Application because of screen update.
2026-08-31 09:17:08,739 [INFO] [MainThread] [cli_server/cli_server.py:114]: Log pipe server stopped
2026-08-31 09:17:08,965 [INFO] [MainThread] [root/bar_manager.py:111]: Stopping HotkeyListener...
2026-08-31 09:17:08,968 [INFO] [MainThread] [root/bar_manager.py:119]: Stopping KomorebiEventListener...
2026-08-31 09:17:08,978 [INFO] [MainThread] [root/bar_manager.py:119]: Stopping SystemEventListener...
2026-08-31 09:17:09,280 [INFO] [MainThread] [root/log.py:104]: YASB v2.0.6
2026-08-31 09:17:09,280 [INFO] [CLIPipeServer] [cli_server/cli_server.py:216]: CLI server started v1.1.7
2026-08-31 09:17:09,281 [INFO] [MainThread] [cli_server/cli_server.py:106]: Log pipe server started
2026-08-31 09:17:10,159 [INFO] [SystrayHook] [systray_hook/systray_hook.py:193]: Injecting into Explorer (PID: 1216)
2026-08-31 09:17:10,182 [WARNING] [MainThread] [deprecation/deprecation.py:146]: [DEPRECATED] BrightnessConfig: 'hide_unsupported' - No longer supported and can be removed from the config.
2026-08-31 09:17:10,183 [INFO] [MainThread] [root/service.py:225]: BrightnessService started with 1 monitors
2026-08-31 09:17:10,213 [INFO] [MainThread] [root/service.py:52]: AudioOutputService starting...
2026-08-31 09:17:10,296 [INFO] [MainThread] [root/bar_manager.py:238]: Starting HotkeyListener...
2026-08-31 09:17:10,297 [INFO] [MainThread] [root/bar_manager.py:103]: Starting SystemEventListener...
2026-08-31 09:17:10,297 [INFO] [MainThread] [root/bar_manager.py:103]: Starting KomorebiEventListener...
2026-08-31 09:17:10,299 [INFO] [MainThread] [root/watcher.py:65]: Watching directory: c:\users\gojia\.config\yasb
2026-08-31 09:17:10,299 [INFO] [MainThread] [root/watcher.py:104]: Created file watcher
2026-08-31 09:17:10,318 [INFO] [Dummy-13] [root/event_listener.py:54]: Created named pipe yasb-ed11c602-a4c8-11f1-8a61-92c9886c3ae0
2026-08-31 09:17:10,337 [INFO] [MainThread] [root/update_service.py:434]: Background update checker started
2026-08-31 09:17:10,423 [INFO] [Dummy-13] [root/event_listener.py:147]: Komorebi connected to named pipe: yasb-ed11c602-a4c8-11f1-8a61-92c9886c3ae0
2026-08-31 22:03:40,372 [INFO] [MainThread] [root/bar_manager.py:97]: Screens updated. Re-initialising all bars.
2026-08-31 22:03:40,372 [INFO] [MainThread] [root/controller.py:21]: Reloading Application because of screen update.
2026-08-31 22:03:40,477 [INFO] [MainThread] [cli_server/cli_server.py:114]: Log pipe server stopped
2026-08-31 22:03:40,546 [INFO] [MainThread] [root/bar_manager.py:111]: Stopping HotkeyListener...
2026-08-31 22:03:40,551 [INFO] [MainThread] [root/bar_manager.py:119]: Stopping SystemEventListener...
2026-08-31 22:03:40,554 [INFO] [MainThread] [root/bar_manager.py:119]: Stopping KomorebiEventListener...
2026-08-31 22:03:41,049 [INFO] [MainThread] [root/log.py:104]: YASB v2.0.6
2026-08-31 22:03:41,049 [INFO] [CLIPipeServer] [cli_server/cli_server.py:216]: CLI server started v1.1.7
2026-08-31 22:03:41,050 [INFO] [MainThread] [cli_server/cli_server.py:106]: Log pipe server started
2026-08-31 22:03:41,819 [WARNING] [MainThread] [deprecation/deprecation.py:146]: [DEPRECATED] BrightnessConfig: 'hide_unsupported' - No longer supported and can be removed from the config.
2026-08-31 22:03:41,820 [INFO] [MainThread] [root/service.py:225]: BrightnessService started with 2 monitors
2026-08-31 22:03:41,826 [INFO] [SystrayHook] [systray_hook/systray_hook.py:193]: Injecting into Explorer (PID: 1216)
2026-08-31 22:03:41,855 [INFO] [MainThread] [root/service.py:52]: AudioOutputService starting...
2026-08-31 22:03:42,156 [INFO] [MainThread] [root/bar_manager.py:238]: Starting HotkeyListener...
2026-08-31 22:03:42,156 [INFO] [MainThread] [root/bar_manager.py:103]: Starting SystemEventListener...
2026-08-31 22:03:42,156 [INFO] [MainThread] [root/bar_manager.py:103]: Starting KomorebiEventListener...
2026-08-31 22:03:42,157 [INFO] [MainThread] [root/watcher.py:65]: Watching directory: c:\users\gojia\.config\yasb
2026-08-31 22:03:42,157 [INFO] [MainThread] [root/watcher.py:104]: Created file watcher
2026-08-31 22:03:42,197 [INFO] [Dummy-14] [root/event_listener.py:54]: Created named pipe yasb-025a8cbc-a534-11f1-923b-92c9886c3ae0
2026-08-31 22:03:42,206 [INFO] [MainThread] [root/update_service.py:434]: Background update checker started
2026-08-31 22:03:42,398 [INFO] [Dummy-14] [root/event_listener.py:147]: Komorebi connected to named pipe: yasb-025a8cbc-a534-11f1-923b-92c9886c3ae0
2026-08-31 23:57:55,539 [INFO] [MainThread] [root/bar_manager.py:111]: Stopping HotkeyListener...
2026-08-31 23:57:55,548 [INFO] [MainThread] [root/bar_manager.py:119]: Stopping SystemEventListener...
2026-08-31 23:57:55,562 [INFO] [MainThread] [root/bar_manager.py:119]: Stopping KomorebiEventListener...
2026-09-01 00:04:15,189 [INFO] [MainThread] [root/log.py:104]: YASB v2.0.6
2026-09-01 00:04:15,189 [INFO] [CLIPipeServer] [cli_server/cli_server.py:216]: CLI server started v1.1.7
2026-09-01 00:04:15,190 [INFO] [MainThread] [cli_server/cli_server.py:106]: Log pipe server started
2026-09-01 00:04:15,785 [INFO] [SystrayHook] [systray_hook/systray_hook.py:193]: Injecting into Explorer (PID: 9176)
2026-09-01 00:04:15,807 [WARNING] [MainThread] [deprecation/deprecation.py:146]: [DEPRECATED] BrightnessConfig: 'hide_unsupported' - No longer supported and can be removed from the config.
2026-09-01 00:04:15,808 [INFO] [MainThread] [root/service.py:225]: BrightnessService started with 1 monitors
2026-09-01 00:04:15,833 [INFO] [MainThread] [root/service.py:52]: AudioOutputService starting...
2026-09-01 00:04:15,910 [INFO] [MainThread] [root/bar_manager.py:238]: Starting HotkeyListener...
2026-09-01 00:04:15,910 [INFO] [MainThread] [root/bar_manager.py:103]: Starting KomorebiEventListener...
2026-09-01 00:04:15,910 [INFO] [MainThread] [root/bar_manager.py:103]: Starting SystemEventListener...
2026-09-01 00:04:15,912 [INFO] [Dummy-13] [root/event_listener.py:54]: Created named pipe yasb-da01cf94-a544-11f1-bf47-b27b2b2c9220
2026-09-01 00:04:15,912 [INFO] [MainThread] [root/watcher.py:65]: Watching directory: c:\users\gojia\.config\yasb
2026-09-01 00:04:15,913 [INFO] [MainThread] [root/watcher.py:104]: Created file watcher
2026-09-01 00:04:15,940 [INFO] [MainThread] [root/update_service.py:434]: Background update checker started
2026-09-01 00:04:15,996 [INFO] [Dummy-13] [root/event_listener.py:147]: Komorebi connected to named pipe: yasb-da01cf94-a544-11f1-bf47-b27b2b2c9220
2026-09-01 05:10:06,860 [INFO] [MainThread] [root/bar_manager.py:111]: Stopping HotkeyListener...
2026-09-01 05:10:06,890 [INFO] [MainThread] [root/bar_manager.py:119]: Stopping KomorebiEventListener...
2026-09-01 05:10:06,920 [INFO] [MainThread] [root/bar_manager.py:119]: Stopping SystemEventListener...
2026-09-01 23:39:35,478 [INFO] [MainThread] [root/log.py:104]: YASB v2.0.6
2026-09-01 23:39:35,479 [INFO] [CLIPipeServer] [cli_server/cli_server.py:216]: CLI server started v1.1.7
2026-09-01 23:39:35,479 [INFO] [MainThread] [cli_server/cli_server.py:106]: Log pipe server started
2026-09-01 23:39:36,108 [INFO] [SystrayHook] [systray_hook/systray_hook.py:193]: Injecting into Explorer (PID: 9560)
2026-09-01 23:39:36,130 [WARNING] [MainThread] [deprecation/deprecation.py:146]: [DEPRECATED] BrightnessConfig: 'hide_unsupported' - No longer supported and can be removed from the config.
2026-09-01 23:39:36,131 [INFO] [MainThread] [root/service.py:225]: BrightnessService started with 1 monitors
2026-09-01 23:39:36,161 [INFO] [MainThread] [root/service.py:52]: AudioOutputService starting...
2026-09-01 23:39:36,241 [INFO] [MainThread] [root/bar_manager.py:238]: Starting HotkeyListener...
2026-09-01 23:39:36,242 [INFO] [MainThread] [root/bar_manager.py:103]: Starting KomorebiEventListener...
2026-09-01 23:39:36,242 [INFO] [MainThread] [root/bar_manager.py:103]: Starting SystemEventListener...
2026-09-01 23:39:36,243 [INFO] [Dummy-13] [root/event_listener.py:54]: Created named pipe yasb-92781372-a60a-11f1-9f62-b033d0709aec
2026-09-01 23:39:36,244 [INFO] [MainThread] [root/watcher.py:65]: Watching directory: c:\users\gojia\.config\yasb
2026-09-01 23:39:36,244 [INFO] [MainThread] [root/watcher.py:104]: Created file watcher
2026-09-01 23:39:36,270 [INFO] [MainThread] [root/update_service.py:434]: Background update checker started
2026-09-01 23:39:36,329 [INFO] [Dummy-13] [root/event_listener.py:147]: Komorebi connected to named pipe: yasb-92781372-a60a-11f1-9f62-b033d0709aec
2026-09-04 03:47:52,433 [ERROR] [Dummy-59] [root/recycle_bin_monitor.py:250]: Failed to empty recycle bin: [WinError 0] The operation completed successfully.
2026-09-04 11:30:56,515 [INFO] [MainThread] [root/controller.py:21]: Reloading Application because of config change.
2026-09-04 11:30:56,631 [INFO] [MainThread] [cli_server/cli_server.py:114]: Log pipe server stopped
2026-09-04 11:30:56,651 [INFO] [MainThread] [root/bar_manager.py:93]: Successfully loaded updated config and re-initialised all bars.
2026-09-04 11:30:56,704 [INFO] [MainThread] [root/bar_manager.py:111]: Stopping HotkeyListener...
2026-09-04 11:30:56,712 [INFO] [MainThread] [root/bar_manager.py:119]: Stopping KomorebiEventListener...
2026-09-04 11:30:56,716 [INFO] [MainThread] [root/bar_manager.py:119]: Stopping SystemEventListener...
2026-09-04 11:30:57,191 [INFO] [MainThread] [root/log.py:104]: YASB v2.0.6
2026-09-04 11:30:57,191 [INFO] [CLIPipeServer] [cli_server/cli_server.py:216]: CLI server started v1.1.7
2026-09-04 11:30:57,192 [INFO] [MainThread] [cli_server/cli_server.py:106]: Log pipe server started
2026-09-04 11:30:57,941 [INFO] [SystrayHook] [systray_hook/systray_hook.py:193]: Injecting into Explorer (PID: 9560)
2026-09-04 11:30:57,958 [WARNING] [MainThread] [deprecation/deprecation.py:146]: [DEPRECATED] BrightnessConfig: 'hide_unsupported' - No longer supported and can be removed from the config.
2026-09-04 11:30:57,959 [INFO] [MainThread] [root/service.py:225]: BrightnessService started with 1 monitors
2026-09-04 11:30:57,989 [INFO] [MainThread] [root/service.py:52]: AudioOutputService starting...
2026-09-04 11:30:58,080 [INFO] [MainThread] [root/bar_manager.py:238]: Starting HotkeyListener...
2026-09-04 11:30:58,081 [INFO] [MainThread] [root/bar_manager.py:103]: Starting KomorebiEventListener...
2026-09-04 11:30:58,081 [INFO] [MainThread] [root/bar_manager.py:103]: Starting SystemEventListener...
2026-09-04 11:30:58,082 [INFO] [MainThread] [root/watcher.py:65]: Watching directory: c:\users\gojia\.config\yasb
2026-09-04 11:30:58,082 [INFO] [MainThread] [root/watcher.py:104]: Created file watcher
2026-09-04 11:30:58,120 [INFO] [Dummy-13] [root/event_listener.py:54]: Created named pipe yasb-47a75f11-a800-11f1-8a50-b033d0709aec
2026-09-04 11:30:58,130 [INFO] [MainThread] [root/update_service.py:434]: Background update checker started
2026-09-04 11:30:58,202 [INFO] [Dummy-13] [root/event_listener.py:147]: Komorebi connected to named pipe: yasb-47a75f11-a800-11f1-8a50-b033d0709aec
2026-09-04 11:37:08,624 [INFO] [MainThread] [root/controller.py:21]: Reloading Application because of config change.
2026-09-04 11:37:08,731 [INFO] [MainThread] [cli_server/cli_server.py:114]: Log pipe server stopped
2026-09-04 11:37:08,733 [INFO] [MainThread] [root/bar_manager.py:93]: Successfully loaded updated config and re-initialised all bars.
2026-09-04 11:37:08,765 [INFO] [MainThread] [root/bar_manager.py:111]: Stopping HotkeyListener...
2026-09-04 11:37:08,771 [INFO] [MainThread] [root/bar_manager.py:119]: Stopping KomorebiEventListener...
2026-09-04 11:37:08,774 [INFO] [MainThread] [root/bar_manager.py:119]: Stopping SystemEventListener...
2026-09-04 11:37:09,234 [INFO] [MainThread] [root/log.py:104]: YASB v2.0.6
2026-09-04 11:37:09,235 [INFO] [CLIPipeServer] [cli_server/cli_server.py:216]: CLI server started v1.1.7
2026-09-04 11:37:09,235 [INFO] [MainThread] [cli_server/cli_server.py:106]: Log pipe server started
2026-09-04 11:37:09,654 [WARNING] [MainThread] [deprecation/deprecation.py:146]: [DEPRECATED] BrightnessConfig: 'hide_unsupported' - No longer supported and can be removed from the config.
2026-09-04 11:37:09,655 [INFO] [MainThread] [root/service.py:225]: BrightnessService started with 1 monitors
2026-09-04 11:37:09,668 [INFO] [SystrayHook] [systray_hook/systray_hook.py:193]: Injecting into Explorer (PID: 9560)
2026-09-04 11:37:09,680 [INFO] [MainThread] [root/service.py:52]: AudioOutputService starting...
2026-09-04 11:37:09,769 [INFO] [MainThread] [root/bar_manager.py:238]: Starting HotkeyListener...
2026-09-04 11:37:09,769 [INFO] [MainThread] [root/bar_manager.py:103]: Starting SystemEventListener...
2026-09-04 11:37:09,769 [INFO] [MainThread] [root/bar_manager.py:103]: Starting KomorebiEventListener...
2026-09-04 11:37:09,770 [INFO] [MainThread] [root/watcher.py:65]: Watching directory: c:\users\gojia\.config\yasb
2026-09-04 11:37:09,771 [INFO] [MainThread] [root/watcher.py:104]: Created file watcher
2026-09-04 11:37:09,800 [INFO] [Dummy-13] [root/event_listener.py:54]: Created named pipe yasb-25327df7-a801-11f1-9231-b033d0709aec
2026-09-04 11:37:09,804 [INFO] [MainThread] [root/update_service.py:434]: Background update checker started
2026-09-04 11:37:09,867 [INFO] [Dummy-13] [root/event_listener.py:147]: Komorebi connected to named pipe: yasb-25327df7-a801-11f1-9231-b033d0709aec
2026-09-04 11:37:15,455 [INFO] [MainThread] [root/controller.py:21]: Reloading Application because of config change.
2026-09-04 11:37:15,557 [INFO] [MainThread] [cli_server/cli_server.py:114]: Log pipe server stopped
2026-09-04 11:37:15,559 [INFO] [MainThread] [root/bar_manager.py:93]: Successfully loaded updated config and re-initialised all bars.
2026-09-04 11:37:15,588 [INFO] [MainThread] [root/bar_manager.py:111]: Stopping HotkeyListener...
2026-09-04 11:37:15,593 [INFO] [MainThread] [root/bar_manager.py:119]: Stopping SystemEventListener...
2026-09-04 11:37:15,597 [INFO] [MainThread] [root/bar_manager.py:119]: Stopping KomorebiEventListener...
2026-09-04 11:37:16,052 [INFO] [MainThread] [root/log.py:104]: YASB v2.0.6
2026-09-04 11:37:16,052 [INFO] [CLIPipeServer] [cli_server/cli_server.py:216]: CLI server started v1.1.7
2026-09-04 11:37:16,053 [INFO] [MainThread] [cli_server/cli_server.py:106]: Log pipe server started
2026-09-04 11:37:16,504 [WARNING] [MainThread] [deprecation/deprecation.py:146]: [DEPRECATED] BrightnessConfig: 'hide_unsupported' - No longer supported and can be removed from the config.
2026-09-04 11:37:16,505 [INFO] [MainThread] [root/service.py:225]: BrightnessService started with 1 monitors
2026-09-04 11:37:16,519 [INFO] [SystrayHook] [systray_hook/systray_hook.py:193]: Injecting into Explorer (PID: 9560)
2026-09-04 11:37:16,527 [INFO] [MainThread] [root/service.py:52]: AudioOutputService starting...
2026-09-04 11:37:16,612 [INFO] [MainThread] [root/bar_manager.py:238]: Starting HotkeyListener...
2026-09-04 11:37:16,612 [INFO] [MainThread] [root/bar_manager.py:103]: Starting SystemEventListener...
2026-09-04 11:37:16,612 [INFO] [MainThread] [root/bar_manager.py:103]: Starting KomorebiEventListener...
2026-09-04 11:37:16,614 [INFO] [MainThread] [root/watcher.py:65]: Watching directory: c:\users\gojia\.config\yasb
2026-09-04 11:37:16,614 [INFO] [MainThread] [root/watcher.py:104]: Created file watcher
2026-09-04 11:37:16,639 [INFO] [Dummy-13] [root/event_listener.py:54]: Created named pipe yasb-2946b8b8-a801-11f1-adb7-b033d0709aec
2026-09-04 11:37:16,647 [INFO] [MainThread] [root/update_service.py:434]: Background update checker started
2026-09-04 11:37:16,720 [INFO] [Dummy-13] [root/event_listener.py:147]: Komorebi connected to named pipe: yasb-2946b8b8-a801-11f1-adb7-b033d0709aec
2026-09-04 11:41:21,691 [INFO] [MainThread] [root/controller.py:21]: Reloading Application because of config change.
2026-09-04 11:41:21,792 [INFO] [MainThread] [cli_server/cli_server.py:114]: Log pipe server stopped
2026-09-04 11:41:21,794 [INFO] [MainThread] [root/bar_manager.py:93]: Successfully loaded updated config and re-initialised all bars.
2026-09-04 11:41:21,823 [INFO] [MainThread] [root/bar_manager.py:111]: Stopping HotkeyListener...
2026-09-04 11:41:21,828 [INFO] [MainThread] [root/bar_manager.py:119]: Stopping SystemEventListener...
2026-09-04 11:41:21,832 [INFO] [MainThread] [root/bar_manager.py:119]: Stopping KomorebiEventListener...
2026-09-04 11:41:22,248 [INFO] [MainThread] [root/log.py:104]: YASB v2.0.6
2026-09-04 11:41:22,249 [INFO] [CLIPipeServer] [cli_server/cli_server.py:216]: CLI server started v1.1.7
2026-09-04 11:41:22,249 [INFO] [MainThread] [cli_server/cli_server.py:106]: Log pipe server started
2026-09-04 11:41:22,671 [WARNING] [MainThread] [deprecation/deprecation.py:146]: [DEPRECATED] BrightnessConfig: 'hide_unsupported' - No longer supported and can be removed from the config.
2026-09-04 11:41:22,672 [INFO] [MainThread] [root/service.py:225]: BrightnessService started with 1 monitors
2026-09-04 11:41:22,683 [INFO] [SystrayHook] [systray_hook/systray_hook.py:193]: Injecting into Explorer (PID: 9560)
2026-09-04 11:41:22,694 [INFO] [MainThread] [root/service.py:52]: AudioOutputService starting...
2026-09-04 11:41:22,778 [INFO] [MainThread] [root/bar_manager.py:238]: Starting HotkeyListener...
2026-09-04 11:41:22,778 [INFO] [MainThread] [root/bar_manager.py:103]: Starting SystemEventListener...
2026-09-04 11:41:22,778 [INFO] [MainThread] [root/bar_manager.py:103]: Starting KomorebiEventListener...
2026-09-04 11:41:22,779 [INFO] [MainThread] [root/watcher.py:65]: Watching directory: c:\users\gojia\.config\yasb
2026-09-04 11:41:22,780 [INFO] [MainThread] [root/watcher.py:104]: Created file watcher
2026-09-04 11:41:22,807 [INFO] [Dummy-13] [root/event_listener.py:54]: Created named pipe yasb-bc009d01-a801-11f1-932a-b033d0709aec
2026-09-04 11:41:22,812 [INFO] [MainThread] [root/update_service.py:434]: Background update checker started
2026-09-04 11:41:22,877 [INFO] [Dummy-13] [root/event_listener.py:147]: Komorebi connected to named pipe: yasb-bc009d01-a801-11f1-932a-b033d0709aec
2026-09-05 01:39:54,427 [WARNING] [Dummy-13] [root/event_listener.py:95]: Pipe has been ended: (109, 'PeekNamedPipe', 'The pipe has been ended.')
2026-09-05 01:39:54,434 [INFO] [Dummy-13] [root/event_listener.py:107]: Attempting to reconnect to Komorebi...
2026-09-05 01:39:57,445 [INFO] [Dummy-13] [root/event_listener.py:54]: Created named pipe yasb-bc009d01-a801-11f1-932a-b033d0709aec
2026-09-05 01:42:03,490 [INFO] [MainThread] [root/controller.py:21]: Reloading Application because of config change.
2026-09-05 01:42:03,595 [INFO] [MainThread] [cli_server/cli_server.py:114]: Log pipe server stopped
2026-09-05 01:42:03,601 [INFO] [MainThread] [root/bar_manager.py:93]: Successfully loaded updated config and re-initialised all bars.
2026-09-05 01:42:03,658 [INFO] [MainThread] [root/bar_manager.py:111]: Stopping HotkeyListener...
2026-09-05 01:42:03,662 [INFO] [MainThread] [root/bar_manager.py:119]: Stopping SystemEventListener...
2026-09-05 01:42:03,667 [INFO] [MainThread] [root/bar_manager.py:119]: Stopping KomorebiEventListener...
2026-09-05 01:42:04,078 [INFO] [MainThread] [root/log.py:104]: YASB v2.0.6
2026-09-05 01:42:04,078 [INFO] [CLIPipeServer] [cli_server/cli_server.py:216]: CLI server started v1.1.7
2026-09-05 01:42:04,078 [INFO] [MainThread] [cli_server/cli_server.py:106]: Log pipe server started
2026-09-05 01:42:04,078 [INFO] [MainThread] [root/main.py:48]: Waiting for previous YASB instance to exit...
2026-09-05 01:42:11,748 [INFO] [MainThread] [root/log.py:104]: YASB v2.0.6
2026-09-05 01:42:11,748 [INFO] [CLIPipeServer] [cli_server/cli_server.py:216]: CLI server started v1.1.7
2026-09-05 01:42:11,748 [INFO] [MainThread] [cli_server/cli_server.py:106]: Log pipe server started
2026-09-05 01:42:11,749 [ERROR] [MainThread] [root/main.py:77]: Another instance of the YASB is already running.
2026-09-05 01:42:14,095 [ERROR] [MainThread] [root/main.py:71]: Timeout waiting for previous instance. Aborting start.
2026-09-05 01:42:16,888 [INFO] [MainThread] [root/log.py:104]: YASB v2.0.6
2026-09-05 01:42:16,888 [INFO] [CLIPipeServer] [cli_server/cli_server.py:216]: CLI server started v1.1.7
2026-09-05 01:42:16,889 [INFO] [MainThread] [cli_server/cli_server.py:106]: Log pipe server started
2026-09-05 01:42:16,889 [ERROR] [MainThread] [root/main.py:77]: Another instance of the YASB is already running.
2026-09-05 01:42:30,614 [INFO] [MainThread] [root/log.py:104]: YASB v2.0.6
2026-09-05 01:42:30,614 [INFO] [CLIPipeServer] [cli_server/cli_server.py:216]: CLI server started v1.1.7
2026-09-05 01:42:30,615 [INFO] [MainThread] [cli_server/cli_server.py:106]: Log pipe server started
2026-09-05 01:42:30,615 [ERROR] [MainThread] [root/main.py:77]: Another instance of the YASB is already running.
2026-09-05 01:42:32,400 [INFO] [MainThread] [root/log.py:104]: YASB v2.0.6
2026-09-05 01:42:32,401 [INFO] [CLIPipeServer] [cli_server/cli_server.py:216]: CLI server started v1.1.7
2026-09-05 01:42:32,401 [INFO] [MainThread] [cli_server/cli_server.py:106]: Log pipe server started
2026-09-05 01:42:32,401 [ERROR] [MainThread] [root/main.py:77]: Another instance of the YASB is already running.
2026-09-05 01:42:32,769 [INFO] [MainThread] [root/log.py:104]: YASB v2.0.6
2026-09-05 01:42:32,770 [INFO] [CLIPipeServer] [cli_server/cli_server.py:216]: CLI server started v1.1.7
2026-09-05 01:42:32,770 [INFO] [MainThread] [cli_server/cli_server.py:106]: Log pipe server started
2026-09-05 01:42:32,770 [ERROR] [MainThread] [root/main.py:77]: Another instance of the YASB is already running.
2026-09-05 01:42:33,180 [INFO] [MainThread] [root/log.py:104]: YASB v2.0.6
2026-09-05 01:42:33,180 [INFO] [CLIPipeServer] [cli_server/cli_server.py:216]: CLI server started v1.1.7
2026-09-05 01:42:33,180 [INFO] [MainThread] [cli_server/cli_server.py:106]: Log pipe server started
2026-09-05 01:42:33,181 [ERROR] [MainThread] [root/main.py:77]: Another instance of the YASB is already running.
2026-09-05 01:43:02,179 [INFO] [MainThread] [root/log.py:104]: YASB v2.0.6
2026-09-05 01:43:02,179 [INFO] [CLIPipeServer] [cli_server/cli_server.py:216]: CLI server started v1.1.7
2026-09-05 01:43:02,179 [INFO] [MainThread] [cli_server/cli_server.py:106]: Log pipe server started
2026-09-05 01:43:02,180 [ERROR] [MainThread] [root/main.py:77]: Another instance of the YASB is already running.
2026-09-05 01:43:02,847 [INFO] [MainThread] [root/log.py:104]: YASB v2.0.6
2026-09-05 01:43:02,847 [INFO] [CLIPipeServer] [cli_server/cli_server.py:216]: CLI server started v1.1.7
2026-09-05 01:43:02,848 [INFO] [MainThread] [cli_server/cli_server.py:106]: Log pipe server started
2026-09-05 01:43:02,848 [ERROR] [MainThread] [root/main.py:77]: Another instance of the YASB is already running.
2026-09-05 01:43:03,485 [INFO] [MainThread] [root/log.py:104]: YASB v2.0.6
2026-09-05 01:43:03,485 [INFO] [CLIPipeServer] [cli_server/cli_server.py:216]: CLI server started v1.1.7
2026-09-05 01:43:03,486 [INFO] [MainThread] [cli_server/cli_server.py:106]: Log pipe server started
2026-09-05 01:43:03,486 [ERROR] [MainThread] [root/main.py:77]: Another instance of the YASB is already running.
2026-09-05 01:43:03,981 [INFO] [MainThread] [root/log.py:104]: YASB v2.0.6
2026-09-05 01:43:03,981 [INFO] [CLIPipeServer] [cli_server/cli_server.py:216]: CLI server started v1.1.7
2026-09-05 01:43:03,981 [INFO] [MainThread] [cli_server/cli_server.py:106]: Log pipe server started
2026-09-05 01:43:03,981 [ERROR] [MainThread] [root/main.py:77]: Another instance of the YASB is already running.
2026-09-05 01:43:04,521 [INFO] [MainThread] [root/log.py:104]: YASB v2.0.6
2026-09-05 01:43:04,521 [INFO] [CLIPipeServer] [cli_server/cli_server.py:216]: CLI server started v1.1.7
2026-09-05 01:43:04,522 [INFO] [MainThread] [cli_server/cli_server.py:106]: Log pipe server started
2026-09-05 01:43:04,522 [ERROR] [MainThread] [root/main.py:77]: Another instance of the YASB is already running.
2026-09-05 01:43:05,024 [INFO] [MainThread] [root/log.py:104]: YASB v2.0.6
2026-09-05 01:43:05,024 [INFO] [CLIPipeServer] [cli_server/cli_server.py:216]: CLI server started v1.1.7
2026-09-05 01:43:05,025 [INFO] [MainThread] [cli_server/cli_server.py:106]: Log pipe server started
2026-09-05 01:43:05,025 [ERROR] [MainThread] [root/main.py:77]: Another instance of the YASB is already running.
2026-09-05 01:43:05,575 [INFO] [MainThread] [root/log.py:104]: YASB v2.0.6
2026-09-05 01:43:05,575 [INFO] [CLIPipeServer] [cli_server/cli_server.py:216]: CLI server started v1.1.7
2026-09-05 01:43:05,576 [INFO] [MainThread] [cli_server/cli_server.py:106]: Log pipe server started
2026-09-05 01:43:05,576 [ERROR] [MainThread] [root/main.py:77]: Another instance of the YASB is already running.
2026-09-05 01:43:06,057 [INFO] [MainThread] [root/log.py:104]: YASB v2.0.6
2026-09-05 01:43:06,058 [INFO] [CLIPipeServer] [cli_server/cli_server.py:216]: CLI server started v1.1.7
2026-09-05 01:43:06,058 [INFO] [MainThread] [cli_server/cli_server.py:106]: Log pipe server started
2026-09-05 01:43:06,058 [ERROR] [MainThread] [root/main.py:77]: Another instance of the YASB is already running.
2026-09-05 01:43:06,555 [INFO] [MainThread] [root/log.py:104]: YASB v2.0.6
2026-09-05 01:43:06,556 [INFO] [CLIPipeServer] [cli_server/cli_server.py:216]: CLI server started v1.1.7
2026-09-05 01:43:06,556 [INFO] [MainThread] [cli_server/cli_server.py:106]: Log pipe server started
2026-09-05 01:43:06,556 [ERROR] [MainThread] [root/main.py:77]: Another instance of the YASB is already running.
2026-09-05 01:43:07,222 [INFO] [MainThread] [root/log.py:104]: YASB v2.0.6
2026-09-05 01:43:07,223 [INFO] [CLIPipeServer] [cli_server/cli_server.py:216]: CLI server started v1.1.7
2026-09-05 01:43:07,223 [INFO] [MainThread] [cli_server/cli_server.py:106]: Log pipe server started
2026-09-05 01:43:07,223 [ERROR] [MainThread] [root/main.py:77]: Another instance of the YASB is already running.
2026-09-05 01:43:07,816 [INFO] [MainThread] [root/log.py:104]: YASB v2.0.6
2026-09-05 01:43:07,816 [INFO] [CLIPipeServer] [cli_server/cli_server.py:216]: CLI server started v1.1.7
2026-09-05 01:43:07,817 [INFO] [MainThread] [cli_server/cli_server.py:106]: Log pipe server started
2026-09-05 01:43:07,817 [ERROR] [MainThread] [root/main.py:77]: Another instance of the YASB is already running.
2026-09-05 01:43:08,339 [INFO] [MainThread] [root/log.py:104]: YASB v2.0.6
2026-09-05 01:43:08,339 [INFO] [CLIPipeServer] [cli_server/cli_server.py:216]: CLI server started v1.1.7
2026-09-05 01:43:08,339 [INFO] [MainThread] [cli_server/cli_server.py:106]: Log pipe server started
2026-09-05 01:43:08,340 [ERROR] [MainThread] [root/main.py:77]: Another instance of the YASB is already running.
2026-09-05 01:43:08,855 [INFO] [MainThread] [root/log.py:104]: YASB v2.0.6
2026-09-05 01:43:08,856 [INFO] [CLIPipeServer] [cli_server/cli_server.py:216]: CLI server started v1.1.7
2026-09-05 01:43:08,856 [INFO] [MainThread] [cli_server/cli_server.py:106]: Log pipe server started
2026-09-05 01:43:08,856 [ERROR] [MainThread] [root/main.py:77]: Another instance of the YASB is already running.
2026-09-05 01:43:09,349 [INFO] [MainThread] [root/log.py:104]: YASB v2.0.6
2026-09-05 01:43:09,349 [INFO] [CLIPipeServer] [cli_server/cli_server.py:216]: CLI server started v1.1.7
2026-09-05 01:43:09,349 [INFO] [MainThread] [cli_server/cli_server.py:106]: Log pipe server started
2026-09-05 01:43:09,350 [ERROR] [MainThread] [root/main.py:77]: Another instance of the YASB is already running.
2026-09-05 01:43:09,811 [INFO] [MainThread] [root/log.py:104]: YASB v2.0.6
2026-09-05 01:43:09,811 [INFO] [CLIPipeServer] [cli_server/cli_server.py:216]: CLI server started v1.1.7
2026-09-05 01:43:09,812 [INFO] [MainThread] [cli_server/cli_server.py:106]: Log pipe server started
2026-09-05 01:43:09,812 [ERROR] [MainThread] [root/main.py:77]: Another instance of the YASB is already running.
2026-09-05 01:43:10,242 [INFO] [MainThread] [root/log.py:104]: YASB v2.0.6
2026-09-05 01:43:10,242 [INFO] [CLIPipeServer] [cli_server/cli_server.py:216]: CLI server started v1.1.7
2026-09-05 01:43:10,242 [INFO] [MainThread] [cli_server/cli_server.py:106]: Log pipe server started
2026-09-05 01:43:10,242 [ERROR] [MainThread] [root/main.py:77]: Another instance of the YASB is already running.
2026-09-05 01:43:10,637 [INFO] [MainThread] [root/log.py:104]: YASB v2.0.6
2026-09-05 01:43:10,637 [INFO] [CLIPipeServer] [cli_server/cli_server.py:216]: CLI server started v1.1.7
2026-09-05 01:43:10,637 [INFO] [MainThread] [cli_server/cli_server.py:106]: Log pipe server started
2026-09-05 01:43:10,638 [ERROR] [MainThread] [root/main.py:77]: Another instance of the YASB is already running.
2026-09-05 01:43:11,096 [INFO] [MainThread] [root/log.py:104]: YASB v2.0.6
2026-09-05 01:43:11,096 [INFO] [CLIPipeServer] [cli_server/cli_server.py:216]: CLI server started v1.1.7
2026-09-05 01:43:11,096 [INFO] [MainThread] [cli_server/cli_server.py:106]: Log pipe server started
2026-09-05 01:43:11,096 [ERROR] [MainThread] [root/main.py:77]: Another instance of the YASB is already running.
2026-09-05 01:43:35,605 [INFO] [MainThread] [root/log.py:104]: YASB v2.0.6
2026-09-05 01:43:35,606 [INFO] [CLIPipeServer] [cli_server/cli_server.py:216]: CLI server started v1.1.7
2026-09-05 01:43:35,606 [INFO] [MainThread] [cli_server/cli_server.py:106]: Log pipe server started
2026-09-05 01:43:35,606 [ERROR] [MainThread] [root/main.py:77]: Another instance of the YASB is already running.
2026-09-05 01:43:59,716 [INFO] [MainThread] [root/log.py:104]: YASB v2.0.6
2026-09-05 01:43:59,717 [INFO] [CLIPipeServer] [cli_server/cli_server.py:216]: CLI server started v1.1.7
2026-09-05 01:43:59,717 [INFO] [MainThread] [cli_server/cli_server.py:106]: Log pipe server started
2026-09-05 01:43:59,717 [ERROR] [MainThread] [root/main.py:77]: Another instance of the YASB is already running.
2026-09-05 01:44:01,473 [INFO] [MainThread] [root/log.py:104]: YASB v2.0.6
2026-09-05 01:44:01,474 [INFO] [CLIPipeServer] [cli_server/cli_server.py:216]: CLI server started v1.1.7
2026-09-05 01:44:01,474 [INFO] [MainThread] [cli_server/cli_server.py:106]: Log pipe server started
2026-09-05 01:44:01,474 [ERROR] [MainThread] [root/main.py:77]: Another instance of the YASB is already running.
2026-09-05 01:59:42,090 [INFO] [MainThread] [root/log.py:104]: YASB v2.0.6
2026-09-05 01:59:42,090 [INFO] [CLIPipeServer] [cli_server/cli_server.py:216]: CLI server started v1.1.7
2026-09-05 01:59:42,091 [INFO] [MainThread] [cli_server/cli_server.py:106]: Log pipe server started
2026-09-05 01:59:42,704 [INFO] [SystrayHook] [systray_hook/systray_hook.py:193]: Injecting into Explorer (PID: 876)
2026-09-05 01:59:42,725 [WARNING] [MainThread] [deprecation/deprecation.py:146]: [DEPRECATED] BrightnessConfig: 'hide_unsupported' - No longer supported and can be removed from the config.
2026-09-05 01:59:42,726 [INFO] [MainThread] [root/service.py:225]: BrightnessService started with 1 monitors
2026-09-05 01:59:42,756 [INFO] [MainThread] [root/service.py:52]: AudioOutputService starting...
2026-09-05 01:59:42,843 [INFO] [MainThread] [root/bar_manager.py:238]: Starting HotkeyListener...
2026-09-05 01:59:42,843 [INFO] [MainThread] [root/bar_manager.py:103]: Starting SystemEventListener...
2026-09-05 01:59:42,843 [INFO] [MainThread] [root/bar_manager.py:103]: Starting KomorebiEventListener...
2026-09-05 01:59:42,844 [INFO] [Dummy-12] [root/event_listener.py:54]: Created named pipe yasb-a46ee712-a879-11f1-9e7e-9e84c52ee171
2026-09-05 01:59:42,845 [INFO] [MainThread] [root/watcher.py:65]: Watching directory: c:\users\gojia\.config\yasb
2026-09-05 01:59:42,845 [INFO] [MainThread] [root/watcher.py:104]: Created file watcher
2026-09-05 01:59:42,871 [INFO] [MainThread] [root/update_service.py:434]: Background update checker started
2026-09-05 01:59:42,924 [INFO] [Dummy-12] [root/event_listener.py:147]: Komorebi connected to named pipe: yasb-a46ee712-a879-11f1-9e7e-9e84c52ee171
2026-09-05 02:02:51,515 [INFO] [MainThread] [root/controller.py:21]: Reloading Application because of config change.
2026-09-05 02:02:51,619 [INFO] [MainThread] [cli_server/cli_server.py:114]: Log pipe server stopped
2026-09-05 02:02:51,623 [INFO] [MainThread] [root/bar_manager.py:93]: Successfully loaded updated config and re-initialised all bars.
2026-09-05 02:02:51,649 [INFO] [MainThread] [root/bar_manager.py:111]: Stopping HotkeyListener...
2026-09-05 02:02:51,652 [INFO] [MainThread] [root/bar_manager.py:119]: Stopping SystemEventListener...
2026-09-05 02:02:51,654 [INFO] [MainThread] [root/bar_manager.py:119]: Stopping KomorebiEventListener...
2026-09-05 02:02:52,052 [INFO] [MainThread] [root/log.py:104]: YASB v2.0.6
2026-09-05 02:02:52,053 [INFO] [CLIPipeServer] [cli_server/cli_server.py:216]: CLI server started v1.1.7
2026-09-05 02:02:52,053 [INFO] [MainThread] [cli_server/cli_server.py:106]: Log pipe server started
2026-09-05 02:02:52,482 [WARNING] [MainThread] [deprecation/deprecation.py:146]: [DEPRECATED] BrightnessConfig: 'hide_unsupported' - No longer supported and can be removed from the config.
2026-09-05 02:02:52,483 [INFO] [MainThread] [root/service.py:225]: BrightnessService started with 1 monitors
2026-09-05 02:02:52,487 [INFO] [SystrayHook] [systray_hook/systray_hook.py:193]: Injecting into Explorer (PID: 876)
2026-09-05 02:02:52,507 [INFO] [MainThread] [root/service.py:52]: AudioOutputService starting...
2026-09-05 02:02:52,583 [INFO] [MainThread] [root/bar_manager.py:238]: Starting HotkeyListener...
2026-09-05 02:02:52,583 [INFO] [MainThread] [root/bar_manager.py:103]: Starting KomorebiEventListener...
2026-09-05 02:02:52,584 [INFO] [MainThread] [root/bar_manager.py:103]: Starting SystemEventListener...
2026-09-05 02:02:52,585 [INFO] [MainThread] [root/watcher.py:65]: Watching directory: c:\users\gojia\.config\yasb
2026-09-05 02:02:52,585 [INFO] [MainThread] [root/watcher.py:104]: Created file watcher
2026-09-05 02:02:52,601 [INFO] [Dummy-14] [root/event_listener.py:54]: Created named pipe yasb-1586f473-a87a-11f1-b3f2-9e84c52ee171
2026-09-05 02:02:52,604 [INFO] [MainThread] [root/update_service.py:434]: Background update checker started
2026-09-05 02:02:52,663 [INFO] [Dummy-14] [root/event_listener.py:147]: Komorebi connected to named pipe: yasb-1586f473-a87a-11f1-b3f2-9e84c52ee171
2026-09-05 02:02:59,690 [INFO] [MainThread] [root/controller.py:21]: Reloading Application because of config change.
2026-09-05 02:02:59,792 [INFO] [MainThread] [cli_server/cli_server.py:114]: Log pipe server stopped
2026-09-05 02:02:59,794 [INFO] [MainThread] [root/bar_manager.py:93]: Successfully loaded updated config and re-initialised all bars.
2026-09-05 02:02:59,817 [INFO] [MainThread] [root/bar_manager.py:111]: Stopping HotkeyListener...
2026-09-05 02:02:59,820 [INFO] [MainThread] [root/bar_manager.py:119]: Stopping KomorebiEventListener...
2026-09-05 02:02:59,823 [INFO] [MainThread] [root/bar_manager.py:119]: Stopping SystemEventListener...
2026-09-05 02:03:00,247 [INFO] [MainThread] [root/log.py:104]: YASB v2.0.6
2026-09-05 02:03:00,247 [INFO] [CLIPipeServer] [cli_server/cli_server.py:216]: CLI server started v1.1.7
2026-09-05 02:03:00,247 [INFO] [MainThread] [cli_server/cli_server.py:106]: Log pipe server started
2026-09-05 02:03:00,670 [WARNING] [MainThread] [deprecation/deprecation.py:146]: [DEPRECATED] BrightnessConfig: 'hide_unsupported' - No longer supported and can be removed from the config.
2026-09-05 02:03:00,671 [INFO] [MainThread] [root/service.py:225]: BrightnessService started with 1 monitors
2026-09-05 02:03:00,675 [INFO] [SystrayHook] [systray_hook/systray_hook.py:193]: Injecting into Explorer (PID: 876)
2026-09-05 02:03:00,696 [INFO] [MainThread] [root/service.py:52]: AudioOutputService starting...
2026-09-05 02:03:00,773 [INFO] [MainThread] [root/bar_manager.py:238]: Starting HotkeyListener...
2026-09-05 02:03:00,773 [INFO] [MainThread] [root/bar_manager.py:103]: Starting KomorebiEventListener...
2026-09-05 02:03:00,773 [INFO] [MainThread] [root/bar_manager.py:103]: Starting SystemEventListener...
2026-09-05 02:03:00,775 [INFO] [MainThread] [root/watcher.py:65]: Watching directory: c:\users\gojia\.config\yasb
2026-09-05 02:03:00,775 [INFO] [MainThread] [root/watcher.py:104]: Created file watcher
2026-09-05 02:03:00,791 [INFO] [Dummy-14] [root/event_listener.py:54]: Created named pipe yasb-1a68a771-a87a-11f1-a06e-9e84c52ee171
2026-09-05 02:03:00,794 [INFO] [MainThread] [root/update_service.py:434]: Background update checker started
2026-09-05 02:03:00,851 [INFO] [Dummy-14] [root/event_listener.py:147]: Komorebi connected to named pipe: yasb-1a68a771-a87a-11f1-a06e-9e84c52ee171
2026-09-10 08:33:16,762 [ERROR] [SystrayHook] [root/app_icons.py:285]: GetIconInfo failed: 2337007425
2026-09-10 08:33:35,051 [ERROR] [SystrayHook] [root/app_icons.py:285]: GetIconInfo failed: 4241444049
2026-09-10 08:33:42,907 [ERROR] [SystrayHook] [root/app_icons.py:285]: GetIconInfo failed: 3772529617
2026-09-10 14:31:42,037 [INFO] [MainThread] [root/bar_manager.py:111]: Stopping HotkeyListener...
2026-09-10 14:31:42,071 [INFO] [MainThread] [root/bar_manager.py:119]: Stopping KomorebiEventListener...
2026-09-10 14:31:42,082 [INFO] [MainThread] [root/bar_manager.py:119]: Stopping SystemEventListener...
2026-09-11 07:04:45,216 [INFO] [MainThread] [root/log.py:104]: YASB v2.0.6
2026-09-11 07:04:45,217 [INFO] [CLIPipeServer] [cli_server/cli_server.py:216]: CLI server started v1.1.7
2026-09-11 07:04:45,217 [INFO] [MainThread] [cli_server/cli_server.py:106]: Log pipe server started
2026-09-11 07:04:45,837 [INFO] [SystrayHook] [systray_hook/systray_hook.py:193]: Injecting into Explorer (PID: 9612)
2026-09-11 07:04:45,859 [WARNING] [MainThread] [deprecation/deprecation.py:146]: [DEPRECATED] BrightnessConfig: 'hide_unsupported' - No longer supported and can be removed from the config.
2026-09-11 07:04:45,860 [INFO] [MainThread] [root/service.py:225]: BrightnessService started with 1 monitors
2026-09-11 07:04:45,885 [INFO] [MainThread] [root/service.py:52]: AudioOutputService starting...
2026-09-11 07:04:45,967 [INFO] [MainThread] [root/bar_manager.py:238]: Starting HotkeyListener...
2026-09-11 07:04:45,967 [INFO] [MainThread] [root/bar_manager.py:103]: Starting KomorebiEventListener...
2026-09-11 07:04:45,967 [INFO] [MainThread] [root/bar_manager.py:103]: Starting SystemEventListener...
2026-09-11 07:04:45,969 [INFO] [MainThread] [root/watcher.py:65]: Watching directory: c:\users\gojia\.config\yasb
2026-09-11 07:04:45,970 [INFO] [MainThread] [root/watcher.py:104]: Created file watcher
2026-09-11 07:04:45,970 [INFO] [Dummy-14] [root/event_listener.py:54]: Created named pipe yasb-406c800e-ad5b-11f1-89c3-8e6e498527ad
2026-09-11 07:04:45,997 [INFO] [MainThread] [root/update_service.py:434]: Background update checker started
2026-09-11 07:04:46,052 [INFO] [Dummy-14] [root/event_listener.py:147]: Komorebi connected to named pipe: yasb-406c800e-ad5b-11f1-89c3-8e6e498527ad
2026-09-11 07:13:36,702 [INFO] [MainThread] [root/bar_manager.py:111]: Stopping HotkeyListener...
2026-09-11 07:13:36,705 [INFO] [MainThread] [root/bar_manager.py:119]: Stopping KomorebiEventListener...
2026-09-11 07:13:36,707 [INFO] [MainThread] [root/bar_manager.py:119]: Stopping SystemEventListener...
2026-09-11 07:19:21,855 [INFO] [MainThread] [root/log.py:104]: YASB v2.0.6
2026-09-11 07:19:21,856 [INFO] [CLIPipeServer] [cli_server/cli_server.py:216]: CLI server started v1.1.7
2026-09-11 07:19:21,856 [INFO] [MainThread] [cli_server/cli_server.py:106]: Log pipe server started
2026-09-11 07:19:22,482 [INFO] [SystrayHook] [systray_hook/systray_hook.py:193]: Injecting into Explorer (PID: 7824)
2026-09-11 07:19:22,498 [WARNING] [MainThread] [deprecation/deprecation.py:146]: [DEPRECATED] BrightnessConfig: 'hide_unsupported' - No longer supported and can be removed from the config.
2026-09-11 07:19:22,499 [INFO] [MainThread] [root/service.py:225]: BrightnessService started with 1 monitors
2026-09-11 07:19:22,523 [INFO] [MainThread] [root/service.py:52]: AudioOutputService starting...
2026-09-11 07:19:22,602 [INFO] [MainThread] [root/bar_manager.py:238]: Starting HotkeyListener...
2026-09-11 07:19:22,602 [INFO] [MainThread] [root/bar_manager.py:103]: Starting KomorebiEventListener...
2026-09-11 07:19:22,602 [INFO] [MainThread] [root/bar_manager.py:103]: Starting SystemEventListener...
2026-09-11 07:19:22,604 [INFO] [Dummy-12] [root/event_listener.py:54]: Created named pipe yasb-4af0657a-ad5d-11f1-99ca-b001cbc27055
2026-09-11 07:19:22,604 [INFO] [MainThread] [root/watcher.py:65]: Watching directory: c:\users\gojia\.config\yasb
2026-09-11 07:19:22,605 [INFO] [MainThread] [root/watcher.py:104]: Created file watcher
2026-09-11 07:19:22,631 [INFO] [MainThread] [root/update_service.py:434]: Background update checker started
2026-09-11 07:19:22,687 [INFO] [Dummy-12] [root/event_listener.py:147]: Komorebi connected to named pipe: yasb-4af0657a-ad5d-11f1-99ca-b001cbc27055
2026-09-11 10:46:27,685 [INFO] [MainThread] [root/bar_helper.py:594]: AppBarManager need to re-register 1 bar
2026-09-11 10:46:27,841 [INFO] [MainThread] [root/bar_helper.py:603]: Re-registered AppBar for status-bar_LG ULTRAGEAR_922304ec (space reservation + fullscreen)
2026-09-11 10:46:29,106 [INFO] [SystrayHook] [systray_hook/systray_hook.py:193]: Injecting into Explorer (PID: 10520)
2026-09-11 10:47:08,570 [INFO] [MainThread] [root/bar_helper.py:594]: AppBarManager need to re-register 1 bar
2026-09-11 10:47:08,576 [INFO] [MainThread] [root/bar_helper.py:603]: Re-registered AppBar for status-bar_LG ULTRAGEAR_922304ec (space reservation + fullscreen)
2026-09-11 18:18:00,681 [INFO] [MainThread] [root/bar_helper.py:594]: AppBarManager need to re-register 1 bar
2026-09-11 18:18:00,790 [INFO] [MainThread] [root/bar_helper.py:603]: Re-registered AppBar for status-bar_LG ULTRAGEAR_922304ec (space reservation + fullscreen)
2026-09-11 21:32:54,679 [INFO] [MainThread] [root/bar.py:153]: Screen geometry changed. Updating position for bar status-bar on screen LG ULTRAGEAR
2026-09-11 21:33:07,447 [INFO] [MainThread] [root/bar.py:153]: Screen geometry changed. Updating position for bar status-bar on screen LG ULTRAGEAR
2026-09-12 04:51:10,069 [WARNING] [Dummy-12] [root/event_listener.py:95]: Pipe has been ended: (109, 'PeekNamedPipe', 'The pipe has been ended.')
2026-09-12 04:51:10,078 [INFO] [Dummy-12] [root/event_listener.py:107]: Attempting to reconnect to Komorebi...
2026-09-12 04:51:13,089 [INFO] [Dummy-12] [root/event_listener.py:54]: Created named pipe yasb-4af0657a-ad5d-11f1-99ca-b001cbc27055
2026-09-12 04:51:13,138 [INFO] [Dummy-12] [root/event_listener.py:147]: Komorebi connected to named pipe: yasb-4af0657a-ad5d-11f1-99ca-b001cbc27055
2026-09-12 11:04:22,615 [INFO] [MainThread] [root/bar_manager.py:111]: Stopping HotkeyListener...
2026-09-12 11:04:22,634 [INFO] [MainThread] [root/bar_manager.py:119]: Stopping KomorebiEventListener...
2026-09-12 11:04:22,640 [INFO] [MainThread] [root/bar_manager.py:119]: Stopping SystemEventListener...
2026-09-12 11:08:20,357 [INFO] [MainThread] [root/log.py:104]: YASB v2.0.6
2026-09-12 11:08:20,358 [INFO] [CLIPipeServer] [cli_server/cli_server.py:216]: CLI server started v1.1.7
2026-09-12 11:08:20,358 [INFO] [MainThread] [cli_server/cli_server.py:106]: Log pipe server started
2026-09-12 11:08:20,992 [INFO] [SystrayHook] [systray_hook/systray_hook.py:193]: Injecting into Explorer (PID: 9196)
2026-09-12 11:08:21,011 [WARNING] [MainThread] [deprecation/deprecation.py:146]: [DEPRECATED] BrightnessConfig: 'hide_unsupported' - No longer supported and can be removed from the config.
2026-09-12 11:08:21,012 [INFO] [MainThread] [root/service.py:225]: BrightnessService started with 1 monitors
2026-09-12 11:08:21,038 [INFO] [MainThread] [root/service.py:52]: AudioOutputService starting...
2026-09-12 11:08:21,118 [INFO] [MainThread] [root/bar_manager.py:238]: Starting HotkeyListener...
2026-09-12 11:08:21,118 [INFO] [MainThread] [root/bar_manager.py:103]: Starting KomorebiEventListener...
2026-09-12 11:08:21,118 [INFO] [MainThread] [root/bar_manager.py:103]: Starting SystemEventListener...
2026-09-12 11:08:21,120 [INFO] [Dummy-12] [root/event_listener.py:54]: Created named pipe yasb-72254a60-ae46-11f1-9303-e043a3e27646
2026-09-12 11:08:21,121 [INFO] [MainThread] [root/watcher.py:65]: Watching directory: c:\users\gojia\.config\yasb
2026-09-12 11:08:21,121 [INFO] [MainThread] [root/watcher.py:104]: Created file watcher
2026-09-12 11:08:21,145 [INFO] [MainThread] [root/update_service.py:434]: Background update checker started
2026-09-12 11:08:21,201 [WARNING] [Dummy-12] [root/event_listener.py:134]: Komorebi failed to subscribe named pipe. Komorebi is not running, please start Komorebi.
2026-09-12 11:08:26,252 [INFO] [Dummy-12] [root/event_listener.py:147]: Komorebi connected to named pipe: yasb-72254a60-ae46-11f1-9303-e043a3e27646
2026-09-15 19:14:47,417 [INFO] [MainThread] [root/bar_helper.py:594]: AppBarManager need to re-register 1 bar
2026-09-15 19:14:47,538 [INFO] [MainThread] [root/bar_helper.py:603]: Re-registered AppBar for status-bar_LG ULTRAGEAR_b8cc0342 (space reservation + fullscreen)
2026-09-15 19:14:48,426 [INFO] [SystrayHook] [systray_hook/systray_hook.py:193]: Injecting into Explorer (PID: 17264)
